100618,100600,100600,100602,100630,100617,100606,100649,100646,100602,100653,100665,100664,100631,100692,100600,100674,100686,100697,100685,100684,100715,100658,100724,100665,100666,100600,100739,100727,100741,100784,100758,100611,100792,100832,100808,100824,100648,100725,100717,100687,100600,100922,100877,100935,100960,100985,101022,101041,101051,101064,101021,101085,101052,101069,101133,101136,101006,101006,101112,101161,101162,101103,101139,100797,100778,100781
100619,100601,100601,100603,100631,100618,100607,100650,100647,100603,100654,100666,100665,100632,100693,100601,100675,100687,100698,100686,100685,100716,100659,100725,100666,100667,100601,100740,100728,100742,100785,100759,100612,100793,100833,100809,100825,100649,100726,100718,100688,100601,100923,100878,100936,100961,100986,101023,101042,101052,101065,101022,101086,101053,101070,101134,101137,101007,101007,101113,101162,101163,101104,101140,100798,100779,100782
100620,100602,100602,100604,100632,100619,100608,100651,100648,100604,100655,100667,100666,100633,100694,100602,100676,100688,100699,100687,100686,100717,100660,100726,100667,100668,100602,100741,100729,100743,100786,100760,100613,100794,100834,100810,100826,100650,100727,100719,100689,100602,100924,100879,100937,100962,100987,101024,101043,101053,101066,101023,101087,101054,101071,101135,101138,101008,101008,101114,101163,101164,101105,101141,100799,100780,100783
100621,100603,100603,100605,100633,100620,100609,100652,100649,100605,100656,100668,100667,100634,100695,100603,100677,100689,100700,100688,100687,100718,100661,100727,100668,100669,100603,100742,100730,100744,100787,100761,100614,100795,100835,100811,100827,100651,100728,100720,100690,100603,100925,100880,100938,100963,100988,101025,101044,101054,101067,101024,101088,101055,101072,101136,101139,101009,101009,101115,101164,101165,101106,101142,100800,100781,100784
100622,100604,100604,100606,100634,100621,100610,100653,100650,100606,100657,100669,100668,100635,100696,100604,100678,100690,100701,100689,100688,100719,100662,100728,100669,100670,100604,100743,100731,100745,100788,100762,100615,100796,100836,100812,100828,100652,100729,100721,100691,100604,100926,100881,100939,100964,100989,101026,101045,101055,101068,101025,101089,101056,101073,101137,101140,101010,101010,101116,101165,101166,101107,101143,100801,100782,100785
100623,100605,100605,100607,100635,100622,100611,100654,100651,100607,100658,100670,100669,100636,100697,100605,100679,100691,100702,100690,100689,100720,100663,100729,100670,100671,100605,100744,100732,100746,100789,100763,100616,100797,100837,100813,100829,100653,100730,100722,100692,100605,100927,100882,100940,100965,100990,101027,101046,101056,101069,101026,101090,101057,101074,101138,101141,101011,101011,101117,101166,101167,101108,101144,100802,100783,100786
100624,100606,100606,100608,100636,100623,100612,100655,100652,100608,100659,100671,100670,100637,100698,100606,100680,100692,100703,100691,100690,100721,100664,100730,100671,100672,100606,100745,100733,100747,100790,100764,100617,100798,100838,100814,100830,100654,100731,100723,100693,100606,100928,100883,100941,100966,100991,101028,101047,101057,101070,101027,101091,101058,101075,101139,101142,101012,101012,101118,101167,101168,101109,101145,100803,100784,100787
100625,100607,100607,100609,100637,100624,100613,100656,100653,100609,100660,100672,100671,100638,100699,100607,100681,100693,100704,100692,100691,100722,100665,100731,100672,100673,100607,100746,100734,100748,100791,100765,100618,100799,100839,100815,100831,100655,100732,100724,100694,100607,100929,100884,100942,100967,100992,101029,101048,101058,101071,101028,101092,101059,101076,101140,101143,101013,101013,101119,101168,101169,101110,101146,100804,100785,100788
100626,100608,100608,100610,100638,100625,100614,100657,100654,100610,100661,100673,100672,100639,100700,100608,100682,100694,100705,100693,100692,100723,100666,100732,100673,100674,100608,100747,100735,100749,100792,100766,100619,100800,100840,100816,100832,100656,100733,100725,100695,100608,100930,100885,100943,100968,100993,101030,101049,101059,101072,101029,101093,101060,101077,101141,101144,101014,101014,101120,101169,101170,101111,101147,100805,100786,100789
100627,100609,100609,100611,100639,100626,100615,100658,100655,100611,100662,100674,100673,100640,100701,100609,100683,100695,100706,100694,100693,100724,100667,100733,100674,100675,100609,100748,100736,100750,100793,100767,100620,100801,100841,100817,100833,100657,100734,100726,100696,100609,100931,100886,100944,100969,100994,101031,101050,101060,101073,101030,101094,101061,101078,101142,101145,101015,101015,101121,101170,101171,101112,101148,100806,100787,100790
100628,100610,100610,100612,100640,100627,100616,100659,100656,100612,100663,100675,100674,100641,100702,100610,100684,100696,100707,100695,100694,100725,100668,100734,100675,100676,100610,100749,100737,100751,100794,100768,100621,100802,100842,100818,100834,100658,100735,100727,100697,100610,100932,100887,100945,100970,100995,101032,101051,101061,101074,101031,101095,101062,101079,101143,101146,101016,101016,101122,101171,101172,101113,101149,100807,100788,100791
100629,100611,100611,100613,100641,100628,100617,100660,100657,100613,100664,100676,100675,100642,100703,100611,100685,100697,100708,100696,100695,100726,100669,100735,100676,100677,100611,100750,100738,100752,100795,100769,100622,100803,100843,100819,100835,100659,100736,100728,100698,100611,100933,100888,100946,100971,100996,101033,101052,101062,101075,101032,101096,101063,101080,101144,101147,101017,101017,101123,101172,101173,101114,101150,100808,100789,100792
100630,100612,100612,100614,100642,100629,100618,100661,100658,100614,100665,100677,100676,100643,100704,100612,100686,100698,100709,100697,100696,100727,100670,100736,100677,100678,100612,100751,100739,100753,100796,100770,100623,100804,100844,100820,100836,100660,100737,100729,100699,100612,100934,100889,100947,100972,100997,101034,101053,101063,101076,101033,101097,101064,101081,101145,101148,101018,101018,101124,101173,101174,101115,101151,100809,100790,100793
100631,100613,100613,100615,100643,100630,100619,100662,100659,100615,100666,100678,100677,100644,100705,100613,100687,100699,100710,100698,100697,100728,100671,100737,100678,100679,100613,100752,100740,100754,100797,100771,100624,100805,100845,100821,100837,100661,100738,100730,100700,100613,100935,100890,100948,100973,100998,101035,101054,101064,101077,101034,101098,101065,101082,101146,101149,101019,101019,101125,101174,101175,101116,101152,100810,100791,100794
100632,100614,100614,100616,100644,100631,100620,100663,100660,100616,100667,100679,100678,100645,100706,100614,100688,100700,100711,100699,100698,100729,100672,100738,100679,100680,100614,100753,100741,100755,100798,100772,100625,100806,100846,100822,100838,100662,100739,100731,100701,100614,100936,100891,100949,100974,100999,101036,101055,101065,101078,101035,101099,101066,101083,101147,101150,101020,101020,101126,101175,101176,101117,101153,100811,100792,100795
100633,100615,100615,100617,100645,100632,100621,100664,100661,100617,100668,100680,100679,100646,100707,100615,100689,100701,100712,100700,100699,100730,100673,100739,100680,100681,100615,100754,100742,100756,100799,100773,100626,100807,100847,100823,100839,100663,100740,100732,100702,100615,100937,100892,100950,100975,101000,101037,101056,101066,101079,101036,101100,101067,101084,101148,101151,101021,101021,101127,101176,101177,101118,101154,100812,100793,100796
100634,100616,100616,100618,100646,100633,100622,100665,100662,100618,100669,100681,100680,100647,100708,100616,100690,100702,100713,100701,100700,100731,100674,100740,100681,100682,100616,100755,100743,100757,100800,100774,100627,100808,100848,100824,100840,100664,100741,100733,100703,100616,100938,100893,100951,100976,101001,101038,101057,101067,101080,101037,101101,101068,101085,101149,101152,101022,101022,101128,101177,101178,101119,101155,100813,100794,100797
100635,100617,100617,100619,100647,100634,100623,100666,100663,100619,100670,100682,100681,100648,100709,100617,100691,100703,100714,100702,100701,100732,100675,100741,100682,100683,100617,100756,100744,100758,100801,100775,100628,100809,100849,100825,100841,100665,100742,100734,100704,100617,100939,100894,100952,100977,101002,101039,101058,101068,101081,101038,101102,101069,101086,101150,101153,101023,101023,101129,101178,101179,101120,101156,100814,100795,100798
100636,100618,100618,100620,100648,100635,100624,100667,100664,100620,100671,100683,100682,100649,100710,100618,100692,100704,100715,100703,100702,100733,100676,100742,100683,100684,100618,100757,100745,100759,100802,100776,100629,100810,100850,100826,100842,100666,100743,100735,100705,100618,100940,100895,100953,100978,101003,101040,101059,101069,101082,101039,101103,101070,101087,101151,101154,101024,101024,101130,101179,101180,101121,101157,100815,100796,100799
100637,100619,100619,100621,100649,100636,100625,100668,100665,100621,100672,100684,100683,100650,100711,100619,100693,100705,100716,100704,100703,100734,100677,100743,100684,100685,100619,100758,100746,100760,100803,100777,100630,100811,100851,100827,100843,100667,100744,100736,100706,100619,100941,100896,100954,100979,101004,101041,101060,101070,101083,101040,101104,101071,101088,101152,101155,101025,101025,101131,101180,101181,101122,101158,100816,100797,100800
100638,100620,100620,100622,100650,100637,100626,100669,100666,100622,100673,100685,100684,100651,100712,100620,100694,100706,100717,100705,100704,100735,100678,100744,100685,100686,100620,100759,100747,100761,100804,100778,100631,100812,100852,100828,100844,100668,100745,100737,100707,100620,100942,100897,100955,100980,101005,101042,101061,101071,101084,101041,101105,101072,101089,101153,101156,101026,101026,101132,101181,101182,101123,101159,100817,100798,100801
100639,100621,100621,100623,100651,100638,100627,100670,100667,100623,100674,100686,100685,100652,100713,100621,100695,100707,100718,100706,100705,100736,100679,100745,100686,100687,100621,100760,100748,100762,100805,100779,100632,100813,100853,100829,100845,100669,100746,100738,100708,100621,100943,100898,100956,100981,101006,101043,101062,101072,101085,101042,101106,101073,101090,101154,101157,101027,101027,101133,101182,101183,101124,101160,100818,100799,100802
100640,100622,100622,100624,100652,100639,100628,100671,100668,100624,100675,100687,100686,100653,100714,100622,100696,100708,100719,100707,100706,100737,100680,100746,100687,100688,100622,100761,100749,100763,100806,100780,100633,100814,100854,100830,100846,100670,100747,100739,100709,100622,100944,100899,100957,100982,101007,101044,101063,101073,101086,101043,101107,101074,101091,101155,101158,101028,101028,101134,101183,101184,101125,101161,100819,100800,100803
100641,100623,100623,100625,100653,100640,100629,100672,100669,100625,100676,100688,100687,100654,100715,100623,100697,100709,100720,100708,100707,100738,100681,100747,100688,100689,100623,100762,100750,100764,100807,100781,100634,100815,100855,100831,100847,100671,100748,100740,100710,100623,100945,100900,100958,100983,101008,101045,101064,101074,101087,101044,101108,101075,101092,101156,101159,101029,101029,101135,101184,101185,101126,101162,100820,100801,100804
100642,100624,100624,100626,100654,100641,100630,100673,100670,100626,100677,100689,100688,100655,0,100624,100698,100710,100721,100709,100708,100739,100682,100748,100689,100690,100624,100763,100751,100765,100808,100782,100635,100816,100856,100832,100848,100672,100749,100741,100711,100624,100946,100901,100959,0,101009,101046,101065,101075,101088,101045,101109,101076,101093,101157,101160,101030,101030,101136,101185,101186,101127,101163,100821,100802,100805
0,100625,100625,100627,100655,100642,100631,100674,100671,100627,100678,100690,100689,100656,0,100625,100699,100711,100722,100710,100709,100740,100683,100749,100690,100691,100625,100764,100752,100766,0,100783,100636,100817,100857,100833,100849,100673,100750,100742,100712,100625,100947,100902,100960,0,101010,101047,101066,101076,101089,101046,101110,101077,101094,101158,101161,101031,101031,101137,101186,101187,101128,101164,100822,100803,100806
0,100626,100626,100628,100656,100643,100632,100675,100672,100628,100679,100691,100690,100657,0,100626,100700,100712,100723,100711,100710,100741,100684,100750,100691,100692,100626,100765,100753,100767,0,100784,100637,100818,100858,100834,100850,100674,100751,100743,100713,100626,100948,100903,100961,0,101011,101048,101067,101077,101090,101047,101111,101078,101095,101159,101162,101032,101032,101138,101187,101188,101129,101165,100823,100804,100807
0,100627,100627,100629,100657,100644,100633,100676,100673,100629,100680,100692,100691,100658,0,100627,100701,100713,100724,100712,100711,0,100685,100751,100692,100693,100627,100766,100754,100768,0,100785,100638,100819,100859,100835,100851,100675,100752,100744,100714,100627,100949,100904,100962,0,101012,101049,101068,101078,101091,101048,0,101079,101096,101160,101163,101033,101033,101139,101188,101189,101130,101166,100824,100805,100808
0,100628,100628,100630,0,100645,100634,100677,100674,100630,100681,100693,100692,100659,0,100628,100702,100714,100725,100713,100712,0,100686,100752,100693,100694,100628,100767,100755,100769,0,100786,100639,100820,100860,100836,100852,100676,100753,100745,100715,100628,100950,100905,100963,0,101013,101050,101069,101079,101092,101049,0,101080,101097,101161,101164,101034,101034,101140,101189,101190,101131,101167,100825,100806,100809
0,100629,100629,100631,0,100646,100635,0,100675,100631,100682,100694,100693,100660,0,100629,100703,100715,100726,100714,100713,0,100687,100753,100694,100695,100629,100768,100756,100770,0,100787,100640,100821,100861,100837,100853,100677,100754,100746,100716,100629,100951,100906,100964,0,101014,101051,101070,101080,101093,101050,0,101081,101098,101162,101165,101035,101035,101141,101190,101191,101132,101168,100826,100807,100810
0,100630,100630,100632,0,100647,100636,0,100676,100632,100683,100695,100694,100661,0,100630,100704,100716,0,100715,100714,0,100688,100754,100695,100696,100630,100769,100757,100771,0,100788,100641,100822,100862,100838,100854,100678,100755,100747,100717,100630,100952,100907,100965,0,101015,101052,101071,101081,0,101051,0,101082,101099,101163,101166,101036,101036,101142,101191,101192,101133,101169,100827,100808,100811
0,100631,100631,100633,0,100648,100637,0,100677,100633,100684,100696,100695,100662,0,100631,100705,100717,0,100716,100715,0,100689,100755,100696,100697,100631,100770,100758,100772,0,100789,100642,100823,100863,100839,100855,100679,100756,100748,100718,100631,100953,100908,100966,0,101016,101053,101072,101082,0,101052,0,101083,101100,101164,101167,101037,101037,101143,101192,101193,101134,101170,100828,100809,100812
0,100632,100632,100634,0,100649,100638,0,0,100634,100685,100697,100696,100663,0,100632,100706,100718,0,100717,100716,0,100690,100756,100697,100698,100632,100771,100759,100773,0,100790,100643,100824,100864,100840,100856,100680,100757,100749,100719,100632,100954,100909,100967,0,101017,101054,101073,101083,0,101053,0,101084,101101,101165,101168,101038,101038,101144,101193,101194,101135,101171,100829,100810,100813
0,100633,100633,100635,0,100650,100639,0,0,100635,100686,100698,100697,100664,0,100633,100707,100719,0,100718,100717,0,100691,100757,100698,100699,100633,100772,100760,100774,0,100791,100644,100825,100865,100841,100857,100681,100758,100750,100720,100633,100955,100910,100968,0,101018,101055,101074,101084,0,101054,0,101085,101102,101166,101169,101039,101039,101145,101194,101195,101136,101172,100830,100811,100814
0,100634,100634,100636,0,100651,100640,0,0,100636,100687,100699,100698,100665,0,100634,100708,0,0,100719,100718,0,100692,100758,100699,100700,100634,100773,100761,100775,0,100792,100645,100826,100866,100842,100858,100682,100759,100751,100721,100634,100956,100911,100969,0,101019,101056,101075,101085,0,101055,0,101086,101103,101167,101170,101040,101040,101146,101195,101196,101137,101173,100831,100812,100815
0,100635,100635,100637,0,100652,100641,0,0,100637,100688,100700,100699,100666,0,100635,100709,0,0,100720,100719,0,100693,100759,100700,100701,100635,100774,100762,100776,0,100793,100646,100827,100867,100843,100859,100683,100760,100752,100722,100635,100957,100912,100970,0,101020,101057,101076,101086,0,101056,0,101087,101104,0,101171,101041,101041,101147,101196,101197,101138,101174,100832,100813,100816
0,100636,100636,100638,0,100653,100642,0,0,100638,100689,100701,100700,100667,0,100636,100710,0,0,100721,100720,0,100694,100760,100701,100702,100636,100775,100763,100777,0,100794,100647,100828,100868,100844,100860,100684,100761,100753,100723,100636,100958,100913,100971,0,101021,101058,101077,101087,0,101057,0,101088,101105,0,101172,101042,101042,101148,101197,101198,101139,101175,100833,100814,100817
0,100637,100637,100639,0,100654,100643,0,0,100639,100690,100702,100701,100668,0,100637,100711,0,0,100722,100721,0,100695,100761,100702,100703,100637,100776,100764,100778,0,100795,100648,100829,100869,100845,100861,100685,100762,100754,100724,100637,100959,100914,100972,0,101022,101059,101078,101088,0,101058,0,101089,101106,0,101173,101043,101043,101149,101198,101199,101140,101176,100834,100815,100818
0,100638,100638,100640,0,100655,100644,0,0,100640,100691,100703,100702,100669,0,100638,100712,0,0,100723,100722,0,100696,100762,100703,100704,100638,100777,100765,100779,0,100796,100649,100830,100870,100846,100862,0,100763,100755,100725,100638,100960,100915,100973,0,101023,101060,101079,101089,0,101059,0,101090,101107,0,0,101044,101044,101150,101199,101200,101141,101177,100835,100816,100819
0,100639,100639,100641,0,100656,100645,0,0,100641,0,100704,100703,100670,0,100639,100713,0,0,100724,100723,0,100697,100763,100704,100705,100639,100778,100766,100780,0,100797,100650,100831,0,100847,100863,0,100764,100756,100726,100639,100961,100916,100974,0,101024,101061,101080,0,0,101060,0,101091,101108,0,0,101045,101045,101151,101200,0,101142,101178,100836,100817,100820
0,100640,100640,100642,0,100657,100646,0,0,100642,0,100705,100704,100671,0,100640,100714,0,0,100725,100724,0,100698,100764,100705,100706,100640,100779,100767,100781,0,100798,100651,100832,0,100848,100864,0,100765,100757,100727,100640,100962,100917,100975,0,101025,101062,101081,0,0,101061,0,101092,101109,0,0,101046,101046,101152,0,0,101143,101179,100837,100818,100821
0,100641,100641,100643,0,100658,100647,0,0,100643,0,0,100705,100672,0,100641,100715,0,0,100726,100725,0,100699,100765,100706,100707,100641,100780,100768,100782,0,100799,100652,100833,0,100849,100865,0,100766,100758,100728,100641,100963,100918,100976,0,101026,101063,101082,0,0,101062,0,101093,101110,0,0,101047,101047,101153,0,0,101144,101180,100838,100819,100822
0,100642,100642,100644,0,100659,100648,0,0,100644,0,0,100706,100673,0,100642,100716,0,0,0,100726,0,100700,100766,100707,100708,100642,100781,100769,100783,0,100800,100653,100834,0,100850,100866,0,100767,100759,100729,100642,100964,100919,100977,0,101027,0,101083,0,0,101063,0,101094,101111,0,0,101048,101048,101154,0,0,101145,101181,100839,100820,100823
0,100643,100643,100645,0,100660,100649,0,0,100645,0,0,100707,100674,0,100643,100717,0,0,0,100727,0,100701,100767,100708,100709,100643,100782,100770,100784,0,100801,100654,100835,0,100851,100867,0,100768,100760,100730,100643,100965,100920,100978,0,101028,0,0,0,0,101064,0,101095,101112,0,0,101049,101049,101155,0,0,101146,101182,100840,100821,100824
0,100644,100644,100646,0,100661,100650,0,0,100646,0,0,100708,100675,0,100644,0,0,0,0,100728,0,100702,100768,100709,100710,100644,100783,100771,100785,0,100802,100655,100836,0,100852,100868,0,100769,100761,100731,100644,100966,100921,100979,0,101029,0,0,0,0,101065,0,101096,101113,0,0,101050,101050,101156,0,0,101147,101183,100841,100822,100825
0,0,100645,100647,0,100662,100651,0,0,100647,0,0,100709,100676,0,100645,0,0,0,0,100729,0,100703,0,100710,100711,100645,100784,100772,100786,0,100803,100656,100837,0,100853,100869,0,100770,100762,100732,100645,100967,100922,100980,0,101030,0,0,0,0,101066,0,101097,101114,0,0,101051,101051,101157,0,0,101148,101184,100842,100823,100826
0,0,100646,100648,0,100663,100652,0,0,100648,0,0,100710,100677,0,100646,0,0,0,0,100730,0,100704,0,100711,100712,100646,100785,100773,100787,0,100804,100657,100838,0,100854,100870,0,100771,100763,100733,100646,100968,100923,0,0,101031,0,0,0,0,101067,0,101098,101115,0,0,101052,101052,101158,0,0,101149,101185,100843,100824,100827
0,0,100647,100649,0,0,100653,0,0,100649,0,0,100711,100678,0,100647,0,0,0,0,100731,0,100705,0,100712,100713,100647,100786,100774,100788,0,100805,100658,100839,0,100855,100871,0,100772,100764,100734,100647,100969,100924,0,0,101032,0,0,0,0,101068,0,101099,101116,0,0,101053,101053,101159,0,0,101150,101186,100844,100825,100828
0,0,100648,100650,0,0,100654,0,0,100650,0,0,0,100679,0,100648,0,0,0,0,100732,0,100706,0,100713,100714,100648,100787,100775,100789,0,100806,100659,100840,0,100856,100872,0,100773,100765,100735,100648,0,100925,0,0,0,0,0,0,0,101069,0,101100,101117,0,0,101054,101054,101160,0,0,101151,101187,100845,100826,100829
0,0,100649,100651,0,0,100655,0,0,100651,0,0,0,100680,0,100649,0,0,0,0,0,0,100707,0,100714,100715,100649,100788,100776,100790,0,100807,100660,100841,0,100857,100873,0,100774,100766,100736,100649,0,100926,0,0,0,0,0,0,0,101070,0,101101,101118,0,0,101055,101055,101161,0,0,101152,101188,100846,100827,100830
0,0,100650,100652,0,0,100656,0,0,100652,0,0,0,100681,0,100650,0,0,0,0,0,0,100708,0,100715,100716,100650,0,100777,100791,0,100808,100661,100842,0,100858,100874,0,100775,100767,100737,100650,0,100927,0,0,0,0,0,0,0,101071,0,101102,101119,0,0,101056,101056,101162,0,0,101153,101189,100847,100828,100831
0,0,0,100653,0,0,100657,0,0,100653,0,0,0,100682,0,100651,0,0,0,0,0,0,100709,0,100716,100717,100651,0,100778,100792,0,100809,100662,100843,0,100859,100875,0,100776,100768,100738,100651,0,100928,0,0,0,0,0,0,0,101072,0,101103,101120,0,0,101057,101057,101163,0,0,101154,101190,100848,100829,100832
0,0,0,100654,0,0,100658,0,0,100654,0,0,0,100683,0,100652,0,0,0,0,0,0,100710,0,100717,100718,100652,0,100779,100793,0,100810,100663,100844,0,100860,100876,0,100777,100769,100739,100652,0,100929,0,0,0,0,0,0,0,101073,0,101104,101121,0,0,101058,101058,101164,0,0,101155,101191,100849,100830,100833
0,0,0,100655,0,0,100659,0,0,100655,0,0,0,100684,0,100653,0,0,0,0,0,0,100711,0,100718,100719,100653,0,100780,100794,0,0,100664,100845,0,100861,100877,0,100778,100770,100740,100653,0,100930,0,0,0,0,0,0,0,101074,0,101105,101122,0,0,101059,101059,101165,0,0,101156,101192,100850,100831,100834
0,0,0,0,0,0,100660,0,0,100656,0,0,0,100685,0,100654,0,0,0,0,0,0,100712,0,100719,100720,100654,0,100781,100795,0,0,100665,100846,0,100862,100878,0,100779,100771,100741,100654,0,100931,0,0,0,0,0,0,0,101075,0,101106,101123,0,0,101060,101060,101166,0,0,101157,101193,100851,100832,100835
0,0,0,0,0,0,100661,0,0,100657,0,0,0,100686,0,100655,0,0,0,0,0,0,100713,0,100720,100721,100655,0,100782,100796,0,0,100666,100847,0,100863,100879,0,100780,100772,100742,100655,0,100932,0,0,0,0,0,0,0,101076,0,101107,0,0,0,101061,101061,101167,0,0,101158,101194,100852,100833,100836
0,0,0,0,0,0,100662,0,0,100658,0,0,0,100687,0,100656,0,0,0,0,0,0,100714,0,100721,100722,100656,0,100783,100797,0,0,100667,100848,0,100864,100880,0,100781,100773,100743,100656,0,100933,0,0,0,0,0,0,0,101077,0,101108,0,0,0,101062,101062,101168,0,0,101159,101195,100853,100834,100837
0,0,0,0,0,0,100663,0,0,100659,0,0,0,100688,0,100657,0,0,0,0,0,0,100715,0,100722,100723,100657,0,100784,100798,0,0,100668,100849,0,100865,100881,0,100782,100774,100744,100657,0,100934,0,0,0,0,0,0,0,101078,0,101109,0,0,0,101063,101063,101169,0,0,101160,101196,100854,100835,100838
0,0,0,0,0,0,100664,0,0,100660,0,0,0,100689,0,100658,0,0,0,0,0,0,100716,0,100723,100724,100658,0,100785,100799,0,0,100669,0,0,100866,100882,0,100783,100775,100745,100658,0,100935,0,0,0,0,0,0,0,101079,0,101110,0,0,0,101064,101064,101170,0,0,101161,101197,100855,100836,100839
0,0,0,0,0,0,100665,0,0,100661,0,0,0,100690,0,100659,0,0,0,0,0,0,100717,0,100724,100725,100659,0,100786,100800,0,0,100670,0,0,100867,100883,0,100784,100776,100746,100659,0,100936,0,0,0,0,0,0,0,101080,0,101111,0,0,0,101065,101065,101171,0,0,101162,101198,100856,100837,100840
0,0,0,0,0,0,100666,0,0,100662,0,0,0,100691,0,100660,0,0,0,0,0,0,100718,0,100725,100726,100660,0,100787,100801,0,0,100671,0,0,100868,100884,0,100785,100777,100747,100660,0,100937,0,0,0,0,0,0,0,101081,0,101112,0,0,0,101066,101066,101172,0,0,101163,101199,100857,100838,100841
0,0,0,0,0,0,100667,0,0,100663,0,0,0,100692,0,100661,0,0,0,0,0,0,100719,0,100726,100727,100661,0,100788,100802,0,0,100672,0,0,100869,100885,0,100786,100778,100748,100661,0,100938,0,0,0,0,0,0,0,101082,0,101113,0,0,0,101067,101067,101173,0,0,101164,101200,100858,100839,100842
0,0,0,0,0,0,100668,0,0,100664,0,0,0,100693,0,100662,0,0,0,0,0,0,100720,0,100727,100728,100662,0,100789,100803,0,0,100673,0,0,100870,100886,0,100787,100779,100749,100662,0,100939,0,0,0,0,0,0,0,101083,0,101114,0,0,0,101068,101068,101174,0,0,101165,0,100859,100840,100843
0,0,0,0,0,0,100669,0,0,100665,0,0,0,100694,0,100663,0,0,0,0,0,0,100721,0,100728,100729,100663,0,100790,100804,0,0,100674,0,0,100871,100887,0,100788,100780,100750,100663,0,100940,0,0,0,0,0,0,0,101084,0,101115,0,0,0,101069,101069,101175,0,0,101166,0,100860,100841,100844
0,0,0,0,0,0,100670,0,0,100666,0,0,0,100695,0,100664,0,0,0,0,0,0,100722,0,100729,100730,100664,0,100791,100805,0,0,100675,0,0,100872,100888,0,100789,100781,100751,100664,0,100941,0,0,0,0,0,0,0,101085,0,101116,0,0,0,101070,101070,101176,0,0,101167,0,100861,100842,100845
0,0,0,0,0,0,0,0,0,100667,0,0,0,100696,0,100665,0,0,0,0,0,0,100723,0,100730,100731,100665,0,100792,100806,0,0,100676,0,0,100873,100889,0,100790,100782,100752,100665,0,100942,0,0,0,0,0,0,0,101086,0,101117,0,0,0,101071,101071,101177,0,0,101168,0,100862,100843,100846
0,0,0,0,0,0,0,0,0,100668,0,0,0,100697,0,100666,0,0,0,0,0,0,100724,0,100731,100732,100666,0,100793,0,0,0,100677,0,0,100874,100890,0,100791,100783,100753,100666,0,100943,0,0,0,0,0,0,0,101087,0,0,0,0,0,101072,101072,101178,0,0,101169,0,100863,100844,100847
0,0,0,0,0,0,0,0,0,100669,0,0,0,100698,0,100667,0,0,0,0,0,0,100725,0,100732,100733,100667,0,100794,0,0,0,100678,0,0,100875,100891,0,100792,100784,100754,100667,0,100944,0,0,0,0,0,0,0,101088,0,0,0,0,0,101073,101073,101179,0,0,101170,0,100864,100845,100848
0,0,0,0,0,0,0,0,0,100670,0,0,0,100699,0,100668,0,0,0,0,0,0,100726,0,100733,100734,100668,0,100795,0,0,0,100679,0,0,0,100892,0,100793,100785,100755,100668,0,100945,0,0,0,0,0,0,0,101089,0,0,0,0,0,101074,101074,101180,0,0,101171,0,100865,100846,100849
0,0,0,0,0,0,0,0,0,100671,0,0,0,100700,0,100669,0,0,0,0,0,0,100727,0,100734,100735,100669,0,100796,0,0,0,100680,0,0,0,100893,0,100794,100786,100756,100669,0,100946,0,0,0,0,0,0,0,101090,0,0,0,0,0,101075,101075,101181,0,0,101172,0,100866,100847,100850
0,0,0,0,0,0,0,0,0,100672,0,0,0,100701,0,100670,0,0,0,0,0,0,100728,0,100735,100736,100670,0,100797,0,0,0,100681,0,0,0,100894,0,100795,100787,100757,100670,0,100947,0,0,0,0,0,0,0,101091,0,0,0,0,0,101076,101076,101182,0,0,101173,0,100867,100848,100851
0,0,0,0,0,0,0,0,0,100673,0,0,0,100702,0,100671,0,0,0,0,0,0,100729,0,100736,100737,100671,0,0,0,0,0,100682,0,0,0,100895,0,100796,100788,100758,100671,0,100948,0,0,0,0,0,0,0,101092,0,0,0,0,0,101077,101077,101183,0,0,101174,0,100868,100849,100852
0,0,0,0,0,0,0,0,0,100674,0,0,0,100703,0,100672,0,0,0,0,0,0,100730,0,100737,100738,100672,0,0,0,0,0,100683,0,0,0,100896,0,100797,100789,100759,100672,0,100949,0,0,0,0,0,0,0,101093,0,0,0,0,0,101078,101078,101184,0,0,101175,0,100869,100850,100853
0,0,0,0,0,0,0,0,0,100675,0,0,0,100704,0,100673,0,0,0,0,0,0,100731,0,100738,100739,100673,0,0,0,0,0,100684,0,0,0,100897,0,100798,100790,100760,100673,0,100950,0,0,0,0,0,0,0,101094,0,0,0,0,0,101079,101079,101185,0,0,101176,0,100870,100851,100854
0,0,0,0,0,0,0,0,0,100676,0,0,0,100705,0,100674,0,0,0,0,0,0,100732,0,100739,100740,100674,0,0,0,0,0,100685,0,0,0,100898,0,100799,100791,100761,100674,0,100951,0,0,0,0,0,0,0,101095,0,0,0,0,0,101080,101080,101186,0,0,101177,0,100871,100852,100855
0,0,0,0,0,0,0,0,0,100677,0,0,0,0,0,100675,0,0,0,0,0,0,100733,0,100740,100741,100675,0,0,0,0,0,100686,0,0,0,100899,0,100800,100792,100762,100675,0,100952,0,0,0,0,0,0,0,0,0,0,0,0,0,101081,101081,101187,0,0,101178,0,100872,100853,100856
0,0,0,0,0,0,0,0,0,100678,0,0,0,0,0,100676,0,0,0,0,0,0,100734,0,100741,100742,100676,0,0,0,0,0,100687,0,0,0,100900,0,100801,100793,100763,100676,0,100953,0,0,0,0,0,0,0,0,0,0,0,0,0,101082,101082,101188,0,0,101179,0,100873,100854,100857
0,0,0,0,0,0,0,0,0,100679,0,0,0,0,0,100677,0,0,0,0,0,0,100735,0,100742,100743,100677,0,0,0,0,0,100688,0,0,0,100901,0,100802,100794,100764,100677,0,100954,0,0,0,0,0,0,0,0,0,0,0,0,0,101083,101083,101189,0,0,101180,0,100874,100855,100858
0,0,0,0,0,0,0,0,0,100680,0,0,0,0,0,100678,0,0,0,0,0,0,100736,0,100743,100744,100678,0,0,0,0,0,100689,0,0,0,100902,0,100803,100795,100765,100678,0,100955,0,0,0,0,0,0,0,0,0,0,0,0,0,101084,101084,101190,0,0,101181,0,100875,100856,100859
0,0,0,0,0,0,0,0,0,100681,0,0,0,0,0,100679,0,0,0,0,0,0,100737,0,100744,100745,100679,0,0,0,0,0,100690,0,0,0,100903,0,100804,100796,100766,100679,0,100956,0,0,0,0,0,0,0,0,0,0,0,0,0,101085,101085,101191,0,0,101182,0,100876,100857,100860
0,0,0,0,0,0,0,0,0,100682,0,0,0,0,0,100680,0,0,0,0,0,0,100738,0,100745,100746,100680,0,0,0,0,0,100691,0,0,0,100904,0,100805,100797,100767,100680,0,100957,0,0,0,0,0,0,0,0,0,0,0,0,0,101086,101086,101192,0,0,101183,0,100877,100858,100861
0,0,0,0,0,0,0,0,0,0,0,0,0,0,0,100681,0,0,0,0,0,0,100739,0,100746,100747,100681,0,0,0,0,0,100692,0,0,0,100905,0,100806,100798,100768,100681,0,100958,0,0,0,0,0,0,0,0,0,0,0,0,0,101087,101087,101193,0,0,101184,0,100878,100859,100862
0,0,0,0,0,0,0,0,0,0,0,0,0,0,0,100682,0,0,0,0,0,0,100740,0,100747,100748,100682,0,0,0,0,0,100693,0,0,0,100906,0,100807,100799,100769,100682,0,100959,0,0,0,0,0,0,0,0,0,0,0,0,0,101088,101088,101194,0,0,101185,0,100879,100860,100863
0,0,0,0,0,0,0,0,0,0,0,0,0,0,0,100683,0,0,0,0,0,0,100741,0,100748,100749,100683,0,0,0,0,0,100694,0,0,0,100907,0,100808,100800,100770,100683,0,100960,0,0,0,0,0,0,0,0,0,0,0,0,0,101089,101089,101195,0,0,101186,0,100880,100861,100864
0,0,0,0,0,0,0,0,0,0,0,0,0,0,0,100684,0,0,0,0,0,0,100742,0,100749,100750,100684,0,0,0,0,0,100695,0,0,0,100908,0,100809,100801,100771,100684,0,100961,0,0,0,0,0,0,0,0,0,0,0,0,0,101090,101090,101196,0,0,101187,0,100881,100862,100865
0,0,0,0,0,0,0,0,0,0,0,0,0,0,0,100685,0,0,0,0,0,0,100743,0,100750,100751,100685,0,0,0,0,0,100696,0,0,0,100909,0,100810,100802,100772,100685,0,100962,0,0,0,0,0,0,0,0,0,0,0,0,0,101091,101091,101197,0,0,101188,0,100882,100863,100866
0,0,0,0,0,0,0,0,0,0,0,0,0,0,0,100686,0,0,0,0,0,0,100744,0,100751,100752,100686,0,0,0,0,0,100697,0,0,0,100910,0,100811,100803,100773,100686,0,100963,0,0,0,0,0,0,0,0,0,0,0,0,0,101092,101092,101198,0,0,101189,0,100883,100864,100867
0,0,0,0,0,0,0,0,0,0,0,0,0,0,0,100687,0,0,0,0,0,0,100745,0,100752,100753,100687,0,0,0,0,0,100698,0,0,0,100911,0,100812,100804,100774,100687,0,100964,0,0,0,0,0,0,0,0,0,0,0,0,0,101093,101093,101199,0,0,101190,0,100884,100865,100868
0,0,0,0,0,0,0,0,0,0,0,0,0,0,0,100688,0,0,0,0,0,0,100746,0,100753,100754,100688,0,0,0,0,0,100699,0,0,0,100912,0,100813,100805,100775,100688,0,100965,0,0,0,0,0,0,0,0,0,0,0,0,0,101094,101094,101200,0,0,101191,0,100885,100866,100869
0,0,0,0,0,0,0,0,0,0,0,0,0,0,0,100689,0,0,0,0,0,0,100747,0,100754,100755,100689,0,0,0,0,0,100700,0,0,0,100913,0,100814,100806,100776,100689,0,100966,0,0,0,0,0,0,0,0,0,0,0,0,0,101095,101095,0,0,0,101192,0,100886,100867,100870
0,0,0,0,0,0,0,0,0,0,0,0,0,0,0,100690,0,0,0,0,0,0,100748,0,100755,100756,100690,0,0,0,0,0,100701,0,0,0,100914,0,100815,100807,100777,100690,0,100967,0,0,0,0,0,0,0,0,0,0,0,0,0,101096,101096,0,0,0,101193,0,100887,100868,100871
0,0,0,0,0,0,0,0,0,0,0,0,0,0,0,100691,0,0,0,0,0,0,100749,0,100756,100757,100691,0,0,0,0,0,100702,0,0,0,100915,0,100816,100808,100778,100691,0,100968,0,0,0,0,0,0,0,0,0,0,0,0,0,101097,101097,0,0,0,101194,0,100888,100869,100872
0,0,0,0,0,0,0,0,0,0,0,0,0,0,0,100692,0,0,0,0,0,0,100750,0,100757,100758,100692,0,0,0,0,0,100703,0,0,0,100916,0,100817,100809,100779,100692,0,100969,0,0,0,0,0,0,0,0,0,0,0,0,0,101098,101098,0,0,0,101195,0,100889,100870,100873
0,0,0,0,0,0,0,0,0,0,0,0,0,0,0,100693,0,0,0,0,0,0,100751,0,100758,100759,100693,0,0,0,0,0,100704,0,0,0,100917,0,100818,100810,100780,100693,0,100970,0,0,0,0,0,0,0,0,0,0,0,0,0,101099,101099,0,0,0,101196,0,100890,100871,100874
0,0,0,0,0,0,0,0,0,0,0,0,0,0,0,100694,0,0,0,0,0,0,0,0,100759,100760,100694,0,0,0,0,0,100705,0,0,0,100918,0,100819,100811,100781,100694,0,100971,0,0,0,0,0,0,0,0,0,0,0,0,0,101100,101100,0,0,0,101197,0,100891,100872,100875
0,0,0,0,0,0,0,0,0,0,0,0,0,0,0,100695,0,0,0,0,0,0,0,0,100760,100761,100695,0,0,0,0,0,100706,0,0,0,100919,0,100820,100812,100782,100695,0,100972,0,0,0,0,0,0,0,0,0,0,0,0,0,101101,101101,0,0,0,101198,0,100892,100873,100876
0,0,0,0,0,0,0,0,0,0,0,0,0,0,0,100696,0,0,0,0,0,0,0,0,100761,100762,100696,0,0,0,0,0,100707,0,0,0,100920,0,100821,100813,100783,100696,0,0,0,0,0,0,0,0,0,0,0,0,0,0,0,101102,101102,0,0,0,101199,0,100893,100874,100877
0,0,0,0,0,0,0,0,0,0,0,0,0,0,0,100697,0,0,0,0,0,0,0,0,100762,100763,100697,0,0,0,0,0,100708,0,0,0,100921,0,100822,100814,100784,100697,0,0,0,0,0,0,0,0,0,0,0,0,0,0,0,101103,101103,0,0,0,101200,0,100894,100875,100878
0,0,0,0,0,0,0,0,0,0,0,0,0,0,0,100698,0,0,0,0,0,0,0,0,100763,100764,100698,0,0,0,0,0,100709,0,0,0,100922,0,100823,100815,100785,100698,0,0,0,0,0,0,0,0,0,0,0,0,0,0,0,101104,101104,0,0,0,0,0,100895,100876,100879
0,0,0,0,0,0,0,0,0,0,0,0,0,0,0,100699,0,0,0,0,0,0,0,0,100764,100765,100699,0,0,0,0,0,100710,0,0,0,100923,0,100824,100816,100786,100699,0,0,0,0,0,0,0,0,0,0,0,0,0,0,0,101105,101105,0,0,0,0,0,100896,100877,100880
0,0,0,0,0,0,0,0,0,0,0,0,0,0,0,100700,0,0,0,0,0,0,0,0,100765,100766,100700,0,0,0,0,0,100711,0,0,0,100924,0,100825,100817,100787,100700,0,0,0,0,0,0,0,0,0,0,0,0,0,0,0,101106,101106,0,0,0,0,0,100897,100878,100881
0,0,0,0,0,0,0,0,0,0,0,0,0,0,0,100701,0,0,0,0,0,0,0,0,100766,100767,100701,0,0,0,0,0,100712,0,0,0,0,0,100826,100818,100788,100701,0,0,0,0,0,0,0,0,0,0,0,0,0,0,0,101107,101107,0,0,0,0,0,100898,100879,100882
0,0,0,0,0,0,0,0,0,0,0,0,0,0,0,100702,0,0,0,0,0,0,0,0,100767,100768,100702,0,0,0,0,0,100713,0,0,0,0,0,100827,100819,100789,100702,0,0,0,0,0,0,0,0,0,0,0,0,0,0,0,101108,101108,0,0,0,0,0,100899,100880,100883
0,0,0,0,0,0,0,0,0,0,0,0,0,0,0,100703,0,0,0,0,0,0,0,0,100768,100769,100703,0,0,0,0,0,100714,0,0,0,0,0,100828,100820,100790,100703,0,0,0,0,0,0,0,0,0,0,0,0,0,0,0,101109,101109,0,0,0,0,0,100900,100881,100884
0,0,0,0,0,0,0,0,0,0,0,0,0,0,0,100704,0,0,0,0,0,0,0,0,100769,100770,100704,0,0,0,0,0,100715,0,0,0,0,0,100829,100821,100791,100704,0,0,0,0,0,0,0,0,0,0,0,0,0,0,0,101110,101110,0,0,0,0,0,100901,100882,100885
0,0,0,0,0,0,0,0,0,0,0,0,0,0,0,100705,0,0,0,0,0,0,0,0,100770,100771,100705,0,0,0,0,0,100716,0,0,0,0,0,100830,100822,100792,100705,0,0,0,0,0,0,0,0,0,0,0,0,0,0,0,101111,101111,0,0,0,0,0,100902,100883,100886
0,0,0,0,0,0,0,0,0,0,0,0,0,0,0,100706,0,0,0,0,0,0,0,0,100771,100772,100706,0,0,0,0,0,100717,0,0,0,0,0,100831,100823,100793,100706,0,0,0,0,0,0,0,0,0,0,0,0,0,0,0,101112,101112,0,0,0,0,0,100903,100884,100887
0,0,0,0,0,0,0,0,0,0,0,0,0,0,0,100707,0,0,0,0,0,0,0,0,100772,100773,100707,0,0,0,0,0,100718,0,0,0,0,0,100832,100824,100794,100707,0,0,0,0,0,0,0,0,0,0,0,0,0,0,0,101113,101113,0,0,0,0,0,100904,100885,100888
0,0,0,0,0,0,0,0,0,0,0,0,0,0,0,100708,0,0,0,0,0,0,0,0,100773,100774,100708,0,0,0,0,0,100719,0,0,0,0,0,100833,100825,100795,100708,0,0,0,0,0,0,0,0,0,0,0,0,0,0,0,101114,101114,0,0,0,0,0,100905,100886,100889
0,0,0,0,0,0,0,0,0,0,0,0,0,0,0,100709,0,0,0,0,0,0,0,0,100774,100775,100709,0,0,0,0,0,100720,0,0,0,0,0,100834,100826,100796,100709,0,0,0,0,0,0,0,0,0,0,0,0,0,0,0,101115,101115,0,0,0,0,0,100906,100887,100890
0,0,0,0,0,0,0,0,0,0,0,0,0,0,0,100710,0,0,0,0,0,0,0,0,100775,100776,100710,0,0,0,0,0,100721,0,0,0,0,0,100835,100827,100797,100710,0,0,0,0,0,0,0,0,0,0,0,0,0,0,0,101116,101116,0,0,0,0,0,100907,100888,100891
0,0,0,0,0,0,0,0,0,0,0,0,0,0,0,100711,0,0,0,0,0,0,0,0,100776,100777,100711,0,0,0,0,0,100722,0,0,0,0,0,100836,100828,100798,100711,0,0,0,0,0,0,0,0,0,0,0,0,0,0,0,101117,101117,0,0,0,0,0,100908,100889,100892
0,0,0,0,0,0,0,0,0,0,0,0,0,0,0,100712,0,0,0,0,0,0,0,0,100777,100778,100712,0,0,0,0,0,100723,0,0,0,0,0,100837,100829,100799,100712,0,0,0,0,0,0,0,0,0,0,0,0,0,0,0,101118,101118,0,0,0,0,0,100909,100890,100893
0,0,0,0,0,0,0,0,0,0,0,0,0,0,0,100713,0,0,0,0,0,0,0,0,100778,100779,100713,0,0,0,0,0,100724,0,0,0,0,0,100838,100830,100800,100713,0,0,0,0,0,0,0,0,0,0,0,0,0,0,0,101119,101119,0,0,0,0,0,100910,100891,100894
0,0,0,0,0,0,0,0,0,0,0,0,0,0,0,100714,0,0,0,0,0,0,0,0,100779,100780,100714,0,0,0,0,0,100725,0,0,0,0,0,100839,100831,100801,100714,0,0,0,0,0,0,0,0,0,0,0,0,0,0,0,101120,101120,0,0,0,0,0,100911,100892,100895
0,0,0,0,0,0,0,0,0,0,0,0,0,0,0,100715,0,0,0,0,0,0,0,0,100780,100781,100715,0,0,0,0,0,100726,0,0,0,0,0,100840,100832,100802,100715,0,0,0,0,0,0,0,0,0,0,0,0,0,0,0,101121,101121,0,0,0,0,0,100912,100893,100896
0,0,0,0,0,0,0,0,0,0,0,0,0,0,0,0,0,0,0,0,0,0,0,0,100781,100782,100716,0,0,0,0,0,100727,0,0,0,0,0,100841,100833,100803,100716,0,0,0,0,0,0,0,0,0,0,0,0,0,0,0,101122,101122,0,0,0,0,0,100913,100894,100897
0,0,0,0,0,0,0,0,0,0,0,0,0,0,0,0,0,0,0,0,0,0,0,0,100782,100783,100717,0,0,0,0,0,100728,0,0,0,0,0,100842,100834,100804,100717,0,0,0,0,0,0,0,0,0,0,0,0,0,0,0,101123,101123,0,0,0,0,0,100914,100895,100898
0,0,0,0,0,0,0,0,0,0,0,0,0,0,0,0,0,0,0,0,0,0,0,0,100783,100784,100718,0,0,0,0,0,100729,0,0,0,0,0,100843,100835,100805,100718,0,0,0,0,0,0,0,0,0,0,0,0,0,0,0,101124,101124,0,0,0,0,0,100915,100896,100899
0,0,0,0,0,0,0,0,0,0,0,0,0,0,0,0,0,0,0,0,0,0,0,0,100784,100785,100719,0,0,0,0,0,100730,0,0,0,0,0,100844,100836,100806,100719,0,0,0,0,0,0,0,0,0,0,0,0,0,0,0,101125,101125,0,0,0,0,0,100916,100897,100900
0,0,0,0,0,0,0,0,0,0,0,0,0,0,0,0,0,0,0,0,0,0,0,0,100785,100786,100720,0,0,0,0,0,100731,0,0,0,0,0,100845,100837,100807,100720,0,0,0,0,0,0,0,0,0,0,0,0,0,0,0,101126,101126,0,0,0,0,0,100917,100898,100901
0,0,0,0,0,0,0,0,0,0,0,0,0,0,0,0,0,0,0,0,0,0,0,0,100786,100787,100721,0,0,0,0,0,100732,0,0,0,0,0,100846,100838,100808,100721,0,0,0,0,0,0,0,0,0,0,0,0,0,0,0,101127,101127,0,0,0,0,0,100918,100899,100902
0,0,0,0,0,0,0,0,0,0,0,0,0,0,0,0,0,0,0,0,0,0,0,0,100787,0,100722,0,0,0,0,0,100733,0,0,0,0,0,100847,100839,100809,100722,0,0,0,0,0,0,0,0,0,0,0,0,0,0,0,101128,101128,0,0,0,0,0,100919,100900,100903
0,0,0,0,0,0,0,0,0,0,0,0,0,0,0,0,0,0,0,0,0,0,0,0,0,0,100723,0,0,0,0,0,100734,0,0,0,0,0,100848,100840,100810,100723,0,0,0,0,0,0,0,0,0,0,0,0,0,0,0,101129,101129,0,0,0,0,0,100920,100901,100904
0,0,0,0,0,0,0,0,0,0,0,0,0,0,0,0,0,0,0,0,0,0,0,0,0,0,100724,0,0,0,0,0,100735,0,0,0,0,0,100849,100841,100811,100724,0,0,0,0,0,0,0,0,0,0,0,0,0,0,0,101130,101130,0,0,0,0,0,100921,100902,100905
0,0,0,0,0,0,0,0,0,0,0,0,0,0,0,0,0,0,0,0,0,0,0,0,0,0,100725,0,0,0,0,0,100736,0,0,0,0,0,100850,100842,100812,100725,0,0,0,0,0,0,0,0,0,0,0,0,0,0,0,101131,101131,0,0,0,0,0,100922,100903,100906
0,0,0,0,0,0,0,0,0,0,0,0,0,0,0,0,0,0,0,0,0,0,0,0,0,0,100726,0,0,0,0,0,100737,0,0,0,0,0,100851,100843,100813,100726,0,0,0,0,0,0,0,0,0,0,0,0,0,0,0,101132,101132,0,0,0,0,0,100923,100904,100907
0,0,0,0,0,0,0,0,0,0,0,0,0,0,0,0,0,0,0,0,0,0,0,0,0,0,100727,0,0,0,0,0,100738,0,0,0,0,0,100852,100844,100814,100727,0,0,0,0,0,0,0,0,0,0,0,0,0,0,0,101133,101133,0,0,0,0,0,100924,100905,100908
0,0,0,0,0,0,0,0,0,0,0,0,0,0,0,0,0,0,0,0,0,0,0,0,0,0,100728,0,0,0,0,0,100739,0,0,0,0,0,100853,100845,100815,100728,0,0,0,0,0,0,0,0,0,0,0,0,0,0,0,101134,101134,0,0,0,0,0,100925,100906,100909
0,0,0,0,0,0,0,0,0,0,0,0,0,0,0,0,0,0,0,0,0,0,0,0,0,0,100729,0,0,0,0,0,100740,0,0,0,0,0,100854,100846,100816,100729,0,0,0,0,0,0,0,0,0,0,0,0,0,0,0,101135,101135,0,0,0,0,0,100926,100907,100910
0,0,0,0,0,0,0,0,0,0,0,0,0,0,0,0,0,0,0,0,0,0,0,0,0,0,100730,0,0,0,0,0,100741,0,0,0,0,0,100855,100847,100817,100730,0,0,0,0,0,0,0,0,0,0,0,0,0,0,0,101136,101136,0,0,0,0,0,100927,100908,100911
0,0,0,0,0,0,0,0,0,0,0,0,0,0,0,0,0,0,0,0,0,0,0,0,0,0,100731,0,0,0,0,0,100742,0,0,0,0,0,100856,100848,100818,100731,0,0,0,0,0,0,0,0,0,0,0,0,0,0,0,101137,101137,0,0,0,0,0,100928,100909,100912
0,0,0,0,0,0,0,0,0,0,0,0,0,0,0,0,0,0,0,0,0,0,0,0,0,0,100732,0,0,0,0,0,100743,0,0,0,0,0,100857,100849,100819,100732,0,0,0,0,0,0,0,0,0,0,0,0,0,0,0,101138,101138,0,0,0,0,0,100929,100910,100913
0,0,0,0,0,0,0,0,0,0,0,0,0,0,0,0,0,0,0,0,0,0,0,0,0,0,100733,0,0,0,0,0,100744,0,0,0,0,0,100858,100850,100820,100733,0,0,0,0,0,0,0,0,0,0,0,0,0,0,0,101139,101139,0,0,0,0,0,100930,100911,100914
0,0,0,0,0,0,0,0,0,0,0,0,0,0,0,0,0,0,0,0,0,0,0,0,0,0,100734,0,0,0,0,0,100745,0,0,0,0,0,100859,100851,100821,100734,0,0,0,0,0,0,0,0,0,0,0,0,0,0,0,101140,101140,0,0,0,0,0,100931,100912,100915
0,0,0,0,0,0,0,0,0,0,0,0,0,0,0,0,0,0,0,0,0,0,0,0,0,0,100735,0,0,0,0,0,100746,0,0,0,0,0,100860,100852,100822,100735,0,0,0,0,0,0,0,0,0,0,0,0,0,0,0,101141,101141,0,0,0,0,0,100932,100913,100916
0,0,0,0,0,0,0,0,0,0,0,0,0,0,0,0,0,0,0,0,0,0,0,0,0,0,100736,0,0,0,0,0,100747,0,0,0,0,0,100861,100853,100823,100736,0,0,0,0,0,0,0,0,0,0,0,0,0,0,0,101142,101142,0,0,0,0,0,100933,100914,100917
0,0,0,0,0,0,0,0,0,0,0,0,0,0,0,0,0,0,0,0,0,0,0,0,0,0,100737,0,0,0,0,0,100748,0,0,0,0,0,100862,0,100824,100737,0,0,0,0,0,0,0,0,0,0,0,0,0,0,0,101143,101143,0,0,0,0,0,100934,100915,100918
0,0,0,0,0,0,0,0,0,0,0,0,0,0,0,0,0,0,0,0,0,0,0,0,0,0,100738,0,0,0,0,0,100749,0,0,0,0,0,100863,0,100825,100738,0,0,0,0,0,0,0,0,0,0,0,0,0,0,0,101144,101144,0,0,0,0,0,100935,100916,100919
0,0,0,0,0,0,0,0,0,0,0,0,0,0,0,0,0,0,0,0,0,0,0,0,0,0,100739,0,0,0,0,0,100750,0,0,0,0,0,100864,0,100826,100739,0,0,0,0,0,0,0,0,0,0,0,0,0,0,0,101145,101145,0,0,0,0,0,100936,100917,100920
0,0,0,0,0,0,0,0,0,0,0,0,0,0,0,0,0,0,0,0,0,0,0,0,0,0,100740,0,0,0,0,0,100751,0,0,0,0,0,100865,0,100827,100740,0,0,0,0,0,0,0,0,0,0,0,0,0,0,0,101146,101146,0,0,0,0,0,100937,100918,100921
0,0,0,0,0,0,0,0,0,0,0,0,0,0,0,0,0,0,0,0,0,0,0,0,0,0,100741,0,0,0,0,0,100752,0,0,0,0,0,100866,0,100828,100741,0,0,0,0,0,0,0,0,0,0,0,0,0,0,0,101147,101147,0,0,0,0,0,100938,100919,100922
0,0,0,0,0,0,0,0,0,0,0,0,0,0,0,0,0,0,0,0,0,0,0,0,0,0,100742,0,0,0,0,0,100753,0,0,0,0,0,100867,0,100829,100742,0,0,0,0,0,0,0,0,0,0,0,0,0,0,0,101148,101148,0,0,0,0,0,100939,100920,100923
0,0,0,0,0,0,0,0,0,0,0,0,0,0,0,0,0,0,0,0,0,0,0,0,0,0,100743,0,0,0,0,0,100754,0,0,0,0,0,100868,0,100830,100743,0,0,0,0,0,0,0,0,0,0,0,0,0,0,0,101149,101149,0,0,0,0,0,100940,100921,100924
0,0,0,0,0,0,0,0,0,0,0,0,0,0,0,0,0,0,0,0,0,0,0,0,0,0,100744,0,0,0,0,0,100755,0,0,0,0,0,100869,0,100831,100744,0,0,0,0,0,0,0,0,0,0,0,0,0,0,0,101150,101150,0,0,0,0,0,100941,100922,100925
0,0,0,0,0,0,0,0,0,0,0,0,0,0,0,0,0,0,0,0,0,0,0,0,0,0,100745,0,0,0,0,0,100756,0,0,0,0,0,100870,0,100832,100745,0,0,0,0,0,0,0,0,0,0,0,0,0,0,0,101151,101151,0,0,0,0,0,100942,100923,100926
0,0,0,0,0,0,0,0,0,0,0,0,0,0,0,0,0,0,0,0,0,0,0,0,0,0,100746,0,0,0,0,0,100757,0,0,0,0,0,100871,0,100833,100746,0,0,0,0,0,0,0,0,0,0,0,0,0,0,0,101152,101152,0,0,0,0,0,100943,100924,100927
0,0,0,0,0,0,0,0,0,0,0,0,0,0,0,0,0,0,0,0,0,0,0,0,0,0,100747,0,0,0,0,0,100758,0,0,0,0,0,100872,0,100834,100747,0,0,0,0,0,0,0,0,0,0,0,0,0,0,0,101153,101153,0,0,0,0,0,100944,100925,100928
0,0,0,0,0,0,0,0,0,0,0,0,0,0,0,0,0,0,0,0,0,0,0,0,0,0,100748,0,0,0,0,0,100759,0,0,0,0,0,100873,0,100835,100748,0,0,0,0,0,0,0,0,0,0,0,0,0,0,0,101154,101154,0,0,0,0,0,100945,100926,100929
0,0,0,0,0,0,0,0,0,0,0,0,0,0,0,0,0,0,0,0,0,0,0,0,0,0,100749,0,0,0,0,0,100760,0,0,0,0,0,100874,0,100836,100749,0,0,0,0,0,0,0,0,0,0,0,0,0,0,0,101155,101155,0,0,0,0,0,100946,100927,100930
0,0,0,0,0,0,0,0,0,0,0,0,0,0,0,0,0,0,0,0,0,0,0,0,0,0,100750,0,0,0,0,0,100761,0,0,0,0,0,100875,0,100837,100750,0,0,0,0,0,0,0,0,0,0,0,0,0,0,0,101156,101156,0,0,0,0,0,100947,100928,100931
0,0,0,0,0,0,0,0,0,0,0,0,0,0,0,0,0,0,0,0,0,0,0,0,0,0,100751,0,0,0,0,0,100762,0,0,0,0,0,100876,0,100838,100751,0,0,0,0,0,0,0,0,0,0,0,0,0,0,0,101157,101157,0,0,0,0,0,100948,100929,100932
0,0,0,0,0,0,0,0,0,0,0,0,0,0,0,0,0,0,0,0,0,0,0,0,0,0,100752,0,0,0,0,0,100763,0,0,0,0,0,100877,0,100839,100752,0,0,0,0,0,0,0,0,0,0,0,0,0,0,0,101158,101158,0,0,0,0,0,100949,100930,100933
0,0,0,0,0,0,0,0,0,0,0,0,0,0,0,0,0,0,0,0,0,0,0,0,0,0,100753,0,0,0,0,0,100764,0,0,0,0,0,100878,0,100840,100753,0,0,0,0,0,0,0,0,0,0,0,0,0,0,0,101159,101159,0,0,0,0,0,100950,100931,100934
0,0,0,0,0,0,0,0,0,0,0,0,0,0,0,0,0,0,0,0,0,0,0,0,0,0,100754,0,0,0,0,0,100765,0,0,0,0,0,100879,0,100841,100754,0,0,0,0,0,0,0,0,0,0,0,0,0,0,0,101160,101160,0,0,0,0,0,100951,100932,100935
0,0,0,0,0,0,0,0,0,0,0,0,0,0,0,0,0,0,0,0,0,0,0,0,0,0,100755,0,0,0,0,0,100766,0,0,0,0,0,100880,0,100842,100755,0,0,0,0,0,0,0,0,0,0,0,0,0,0,0,101161,101161,0,0,0,0,0,100952,100933,100936
0,0,0,0,0,0,0,0,0,0,0,0,0,0,0,0,0,0,0,0,0,0,0,0,0,0,100756,0,0,0,0,0,100767,0,0,0,0,0,100881,0,100843,100756,0,0,0,0,0,0,0,0,0,0,0,0,0,0,0,101162,101162,0,0,0,0,0,100953,100934,100937
0,0,0,0,0,0,0,0,0,0,0,0,0,0,0,0,0,0,0,0,0,0,0,0,0,0,100757,0,0,0,0,0,100768,0,0,0,0,0,100882,0,100844,100757,0,0,0,0,0,0,0,0,0,0,0,0,0,0,0,101163,101163,0,0,0,0,0,100954,100935,100938
0,0,0,0,0,0,0,0,0,0,0,0,0,0,0,0,0,0,0,0,0,0,0,0,0,0,100758,0,0,0,0,0,100769,0,0,0,0,0,100883,0,100845,100758,0,0,0,0,0,0,0,0,0,0,0,0,0,0,0,101164,101164,0,0,0,0,0,100955,100936,100939
0,0,0,0,0,0,0,0,0,0,0,0,0,0,0,0,0,0,0,0,0,0,0,0,0,0,100759,0,0,0,0,0,100770,0,0,0,0,0,100884,0,100846,100759,0,0,0,0,0,0,0,0,0,0,0,0,0,0,0,101165,101165,0,0,0,0,0,100956,100937,100940
0,0,0,0,0,0,0,0,0,0,0,0,0,0,0,0,0,0,0,0,0,0,0,0,0,0,100760,0,0,0,0,0,100771,0,0,0,0,0,100885,0,100847,100760,0,0,0,0,0,0,0,0,0,0,0,0,0,0,0,101166,101166,0,0,0,0,0,100957,100938,100941
0,0,0,0,0,0,0,0,0,0,0,0,0,0,0,0,0,0,0,0,0,0,0,0,0,0,100761,0,0,0,0,0,100772,0,0,0,0,0,100886,0,100848,100761,0,0,0,0,0,0,0,0,0,0,0,0,0,0,0,101167,101167,0,0,0,0,0,100958,100939,100942
0,0,0,0,0,0,0,0,0,0,0,0,0,0,0,0,0,0,0,0,0,0,0,0,0,0,100762,0,0,0,0,0,100773,0,0,0,0,0,100887,0,100849,100762,0,0,0,0,0,0,0,0,0,0,0,0,0,0,0,101168,0,0,0,0,0,0,100959,100940,100943
0,0,0,0,0,0,0,0,0,0,0,0,0,0,0,0,0,0,0,0,0,0,0,0,0,0,100763,0,0,0,0,0,100774,0,0,0,0,0,100888,0,100850,100763,0,0,0,0,0,0,0,0,0,0,0,0,0,0,0,101169,0,0,0,0,0,0,100960,100941,100944
0,0,0,0,0,0,0,0,0,0,0,0,0,0,0,0,0,0,0,0,0,0,0,0,0,0,100764,0,0,0,0,0,100775,0,0,0,0,0,100889,0,100851,100764,0,0,0,0,0,0,0,0,0,0,0,0,0,0,0,101170,0,0,0,0,0,0,100961,100942,100945
0,0,0,0,0,0,0,0,0,0,0,0,0,0,0,0,0,0,0,0,0,0,0,0,0,0,100765,0,0,0,0,0,100776,0,0,0,0,0,100890,0,100852,100765,0,0,0,0,0,0,0,0,0,0,0,0,0,0,0,101171,0,0,0,0,0,0,100962,100943,100946
0,0,0,0,0,0,0,0,0,0,0,0,0,0,0,0,0,0,0,0,0,0,0,0,0,0,100766,0,0,0,0,0,100777,0,0,0,0,0,100891,0,100853,100766,0,0,0,0,0,0,0,0,0,0,0,0,0,0,0,101172,0,0,0,0,0,0,100963,100944,100947
0,0,0,0,0,0,0,0,0,0,0,0,0,0,0,0,0,0,0,0,0,0,0,0,0,0,100767,0,0,0,0,0,100778,0,0,0,0,0,100892,0,100854,100767,0,0,0,0,0,0,0,0,0,0,0,0,0,0,0,101173,0,0,0,0,0,0,100964,100945,100948
0,0,0,0,0,0,0,0,0,0,0,0,0,0,0,0,0,0,0,0,0,0,0,0,0,0,100768,0,0,0,0,0,100779,0,0,0,0,0,100893,0,100855,100768,0,0,0,0,0,0,0,0,0,0,0,0,0,0,0,101174,0,0,0,0,0,0,100965,100946,100949
0,0,0,0,0,0,0,0,0,0,0,0,0,0,0,0,0,0,0,0,0,0,0,0,0,0,100769,0,0,0,0,0,100780,0,0,0,0,0,100894,0,100856,100769,0,0,0,0,0,0,0,0,0,0,0,0,0,0,0,101175,0,0,0,0,0,0,100966,100947,100950
0,0,0,0,0,0,0,0,0,0,0,0,0,0,0,0,0,0,0,0,0,0,0,0,0,0,100770,0,0,0,0,0,100781,0,0,0,0,0,100895,0,100857,100770,0,0,0,0,0,0,0,0,0,0,0,0,0,0,0,101176,0,0,0,0,0,0,100967,100948,100951
0,0,0,0,0,0,0,0,0,0,0,0,0,0,0,0,0,0,0,0,0,0,0,0,0,0,100771,0,0,0,0,0,100782,0,0,0,0,0,100896,0,100858,100771,0,0,0,0,0,0,0,0,0,0,0,0,0,0,0,101177,0,0,0,0,0,0,100968,100949,100952
0,0,0,0,0,0,0,0,0,0,0,0,0,0,0,0,0,0,0,0,0,0,0,0,0,0,100772,0,0,0,0,0,100783,0,0,0,0,0,100897,0,100859,100772,0,0,0,0,0,0,0,0,0,0,0,0,0,0,0,101178,0,0,0,0,0,0,100969,100950,100953
0,0,0,0,0,0,0,0,0,0,0,0,0,0,0,0,0,0,0,0,0,0,0,0,0,0,100773,0,0,0,0,0,100784,0,0,0,0,0,100898,0,100860,100773,0,0,0,0,0,0,0,0,0,0,0,0,0,0,0,101179,0,0,0,0,0,0,100970,100951,100954
0,0,0,0,0,0,0,0,0,0,0,0,0,0,0,0,0,0,0,0,0,0,0,0,0,0,100774,0,0,0,0,0,100785,0,0,0,0,0,0,0,100861,100774,0,0,0,0,0,0,0,0,0,0,0,0,0,0,0,101180,0,0,0,0,0,0,100971,100952,100955
0,0,0,0,0,0,0,0,0,0,0,0,0,0,0,0,0,0,0,0,0,0,0,0,0,0,100775,0,0,0,0,0,100786,0,0,0,0,0,0,0,100862,100775,0,0,0,0,0,0,0,0,0,0,0,0,0,0,0,101181,0,0,0,0,0,0,100972,100953,100956
0,0,0,0,0,0,0,0,0,0,0,0,0,0,0,0,0,0,0,0,0,0,0,0,0,0,100776,0,0,0,0,0,100787,0,0,0,0,0,0,0,100863,100776,0,0,0,0,0,0,0,0,0,0,0,0,0,0,0,101182,0,0,0,0,0,0,100973,100954,100957
0,0,0,0,0,0,0,0,0,0,0,0,0,0,0,0,0,0,0,0,0,0,0,0,0,0,100777,0,0,0,0,0,100788,0,0,0,0,0,0,0,100864,100777,0,0,0,0,0,0,0,0,0,0,0,0,0,0,0,0,0,0,0,0,0,0,100974,100955,100958
0,0,0,0,0,0,0,0,0,0,0,0,0,0,0,0,0,0,0,0,0,0,0,0,0,0,100778,0,0,0,0,0,100789,0,0,0,0,0,0,0,100865,100778,0,0,0,0,0,0,0,0,0,0,0,0,0,0,0,0,0,0,0,0,0,0,100975,100956,100959
0,0,0,0,0,0,0,0,0,0,0,0,0,0,0,0,0,0,0,0,0,0,0,0,0,0,100779,0,0,0,0,0,100790,0,0,0,0,0,0,0,100866,100779,0,0,0,0,0,0,0,0,0,0,0,0,0,0,0,0,0,0,0,0,0,0,100976,100957,100960
0,0,0,0,0,0,0,0,0,0,0,0,0,0,0,0,0,0,0,0,0,0,0,0,0,0,100780,0,0,0,0,0,100791,0,0,0,0,0,0,0,100867,100780,0,0,0,0,0,0,0,0,0,0,0,0,0,0,0,0,0,0,0,0,0,0,100977,100958,100961
0,0,0,0,0,0,0,0,0,0,0,0,0,0,0,0,0,0,0,0,0,0,0,0,0,0,100781,0,0,0,0,0,100792,0,0,0,0,0,0,0,100868,100781,0,0,0,0,0,0,0,0,0,0,0,0,0,0,0,0,0,0,0,0,0,0,100978,100959,100962
0,0,0,0,0,0,0,0,0,0,0,0,0,0,0,0,0,0,0,0,0,0,0,0,0,0,100782,0,0,0,0,0,100793,0,0,0,0,0,0,0,100869,100782,0,0,0,0,0,0,0,0,0,0,0,0,0,0,0,0,0,0,0,0,0,0,100979,100960,100963
0,0,0,0,0,0,0,0,0,0,0,0,0,0,0,0,0,0,0,0,0,0,0,0,0,0,100783,0,0,0,0,0,100794,0,0,0,0,0,0,0,100870,100783,0,0,0,0,0,0,0,0,0,0,0,0,0,0,0,0,0,0,0,0,0,0,100980,100961,100964
0,0,0,0,0,0,0,0,0,0,0,0,0,0,0,0,0,0,0,0,0,0,0,0,0,0,100784,0,0,0,0,0,100795,0,0,0,0,0,0,0,100871,100784,0,0,0,0,0,0,0,0,0,0,0,0,0,0,0,0,0,0,0,0,0,0,100981,100962,100965
0,0,0,0,0,0,0,0,0,0,0,0,0,0,0,0,0,0,0,0,0,0,0,0,0,0,100785,0,0,0,0,0,100796,0,0,0,0,0,0,0,100872,100785,0,0,0,0,0,0,0,0,0,0,0,0,0,0,0,0,0,0,0,0,0,0,100982,100963,100966
0,0,0,0,0,0,0,0,0,0,0,0,0,0,0,0,0,0,0,0,0,0,0,0,0,0,100786,0,0,0,0,0,100797,0,0,0,0,0,0,0,100873,100786,0,0,0,0,0,0,0,0,0,0,0,0,0,0,0,0,0,0,0,0,0,0,100983,100964,100967
0,0,0,0,0,0,0,0,0,0,0,0,0,0,0,0,0,0,0,0,0,0,0,0,0,0,100787,0,0,0,0,0,100798,0,0,0,0,0,0,0,100874,100787,0,0,0,0,0,0,0,0,0,0,0,0,0,0,0,0,0,0,0,0,0,0,100984,100965,100968
0,0,0,0,0,0,0,0,0,0,0,0,0,0,0,0,0,0,0,0,0,0,0,0,0,0,0,0,0,0,0,0,100799,0,0,0,0,0,0,0,100875,100788,0,0,0,0,0,0,0,0,0,0,0,0,0,0,0,0,0,0,0,0,0,0,100985,100966,100969
0,0,0,0,0,0,0,0,0,0,0,0,0,0,0,0,0,0,0,0,0,0,0,0,0,0,0,0,0,0,0,0,100800,0,0,0,0,0,0,0,100876,100789,0,0,0,0,0,0,0,0,0,0,0,0,0,0,0,0,0,0,0,0,0,0,100986,100967,100970
0,0,0,0,0,0,0,0,0,0,0,0,0,0,0,0,0,0,0,0,0,0,0,0,0,0,0,0,0,0,0,0,100801,0,0,0,0,0,0,0,100877,100790,0,0,0,0,0,0,0,0,0,0,0,0,0,0,0,0,0,0,0,0,0,0,100987,100968,100971
0,0,0,0,0,0,0,0,0,0,0,0,0,0,0,0,0,0,0,0,0,0,0,0,0,0,0,0,0,0,0,0,100802,0,0,0,0,0,0,0,100878,100791,0,0,0,0,0,0,0,0,0,0,0,0,0,0,0,0,0,0,0,0,0,0,100988,100969,100972
0,0,0,0,0,0,0,0,0,0,0,0,0,0,0,0,0,0,0,0,0,0,0,0,0,0,0,0,0,0,0,0,100803,0,0,0,0,0,0,0,100879,100792,0,0,0,0,0,0,0,0,0,0,0,0,0,0,0,0,0,0,0,0,0,0,100989,100970,100973
0,0,0,0,0,0,0,0,0,0,0,0,0,0,0,0,0,0,0,0,0,0,0,0,0,0,0,0,0,0,0,0,100804,0,0,0,0,0,0,0,100880,100793,0,0,0,0,0,0,0,0,0,0,0,0,0,0,0,0,0,0,0,0,0,0,100990,100971,100974
0,0,0,0,0,0,0,0,0,0,0,0,0,0,0,0,0,0,0,0,0,0,0,0,0,0,0,0,0,0,0,0,100805,0,0,0,0,0,0,0,100881,100794,0,0,0,0,0,0,0,0,0,0,0,0,0,0,0,0,0,0,0,0,0,0,100991,100972,100975
0,0,0,0,0,0,0,0,0,0,0,0,0,0,0,0,0,0,0,0,0,0,0,0,0,0,0,0,0,0,0,0,100806,0,0,0,0,0,0,0,100882,100795,0,0,0,0,0,0,0,0,0,0,0,0,0,0,0,0,0,0,0,0,0,0,100992,100973,100976
0,0,0,0,0,0,0,0,0,0,0,0,0,0,0,0,0,0,0,0,0,0,0,0,0,0,0,0,0,0,0,0,100807,0,0,0,0,0,0,0,100883,100796,0,0,0,0,0,0,0,0,0,0,0,0,0,0,0,0,0,0,0,0,0,0,100993,100974,100977
0,0,0,0,0,0,0,0,0,0,0,0,0,0,0,0,0,0,0,0,0,0,0,0,0,0,0,0,0,0,0,0,100808,0,0,0,0,0,0,0,100884,100797,0,0,0,0,0,0,0,0,0,0,0,0,0,0,0,0,0,0,0,0,0,0,100994,100975,100978
0,0,0,0,0,0,0,0,0,0,0,0,0,0,0,0,0,0,0,0,0,0,0,0,0,0,0,0,0,0,0,0,100809,0,0,0,0,0,0,0,100885,100798,0,0,0,0,0,0,0,0,0,0,0,0,0,0,0,0,0,0,0,0,0,0,100995,100976,100979
0,0,0,0,0,0,0,0,0,0,0,0,0,0,0,0,0,0,0,0,0,0,0,0,0,0,0,0,0,0,0,0,100810,0,0,0,0,0,0,0,100886,100799,0,0,0,0,0,0,0,0,0,0,0,0,0,0,0,0,0,0,0,0,0,0,100996,100977,100980
0,0,0,0,0,0,0,0,0,0,0,0,0,0,0,0,0,0,0,0,0,0,0,0,0,0,0,0,0,0,0,0,100811,0,0,0,0,0,0,0,100887,100800,0,0,0,0,0,0,0,0,0,0,0,0,0,0,0,0,0,0,0,0,0,0,100997,100978,100981
0,0,0,0,0,0,0,0,0,0,0,0,0,0,0,0,0,0,0,0,0,0,0,0,0,0,0,0,0,0,0,0,100812,0,0,0,0,0,0,0,100888,100801,0,0,0,0,0,0,0,0,0,0,0,0,0,0,0,0,0,0,0,0,0,0,100998,100979,100982
0,0,0,0,0,0,0,0,0,0,0,0,0,0,0,0,0,0,0,0,0,0,0,0,0,0,0,0,0,0,0,0,100813,0,0,0,0,0,0,0,100889,100802,0,0,0,0,0,0,0,0,0,0,0,0,0,0,0,0,0,0,0,0,0,0,100999,100980,100983
0,0,0,0,0,0,0,0,0,0,0,0,0,0,0,0,0,0,0,0,0,0,0,0,0,0,0,0,0,0,0,0,100814,0,0,0,0,0,0,0,100890,100803,0,0,0,0,0,0,0,0,0,0,0,0,0,0,0,0,0,0,0,0,0,0,101000,100981,100984
0,0,0,0,0,0,0,0,0,0,0,0,0,0,0,0,0,0,0,0,0,0,0,0,0,0,0,0,0,0,0,0,100815,0,0,0,0,0,0,0,100891,100804,0,0,0,0,0,0,0,0,0,0,0,0,0,0,0,0,0,0,0,0,0,0,101001,100982,100985
0,0,0,0,0,0,0,0,0,0,0,0,0,0,0,0,0,0,0,0,0,0,0,0,0,0,0,0,0,0,0,0,100816,0,0,0,0,0,0,0,100892,100805,0,0,0,0,0,0,0,0,0,0,0,0,0,0,0,0,0,0,0,0,0,0,101002,100983,100986
0,0,0,0,0,0,0,0,0,0,0,0,0,0,0,0,0,0,0,0,0,0,0,0,0,0,0,0,0,0,0,0,100817,0,0,0,0,0,0,0,100893,100806,0,0,0,0,0,0,0,0,0,0,0,0,0,0,0,0,0,0,0,0,0,0,101003,100984,100987
0,0,0,0,0,0,0,0,0,0,0,0,0,0,0,0,0,0,0,0,0,0,0,0,0,0,0,0,0,0,0,0,100818,0,0,0,0,0,0,0,100894,100807,0,0,0,0,0,0,0,0,0,0,0,0,0,0,0,0,0,0,0,0,0,0,101004,100985,100988
0,0,0,0,0,0,0,0,0,0,0,0,0,0,0,0,0,0,0,0,0,0,0,0,0,0,0,0,0,0,0,0,100819,0,0,0,0,0,0,0,100895,100808,0,0,0,0,0,0,0,0,0,0,0,0,0,0,0,0,0,0,0,0,0,0,101005,100986,100989
0,0,0,0,0,0,0,0,0,0,0,0,0,0,0,0,0,0,0,0,0,0,0,0,0,0,0,0,0,0,0,0,100820,0,0,0,0,0,0,0,100896,100809,0,0,0,0,0,0,0,0,0,0,0,0,0,0,0,0,0,0,0,0,0,0,101006,100987,100990
0,0,0,0,0,0,0,0,0,0,0,0,0,0,0,0,0,0,0,0,0,0,0,0,0,0,0,0,0,0,0,0,100821,0,0,0,0,0,0,0,100897,100810,0,0,0,0,0,0,0,0,0,0,0,0,0,0,0,0,0,0,0,0,0,0,101007,100988,100991
0,0,0,0,0,0,0,0,0,0,0,0,0,0,0,0,0,0,0,0,0,0,0,0,0,0,0,0,0,0,0,0,100822,0,0,0,0,0,0,0,100898,100811,0,0,0,0,0,0,0,0,0,0,0,0,0,0,0,0,0,0,0,0,0,0,101008,100989,100992
0,0,0,0,0,0,0,0,0,0,0,0,0,0,0,0,0,0,0,0,0,0,0,0,0,0,0,0,0,0,0,0,100823,0,0,0,0,0,0,0,100899,100812,0,0,0,0,0,0,0,0,0,0,0,0,0,0,0,0,0,0,0,0,0,0,101009,100990,100993
0,0,0,0,0,0,0,0,0,0,0,0,0,0,0,0,0,0,0,0,0,0,0,0,0,0,0,0,0,0,0,0,100824,0,0,0,0,0,0,0,100900,100813,0,0,0,0,0,0,0,0,0,0,0,0,0,0,0,0,0,0,0,0,0,0,0,100991,100994
0,0,0,0,0,0,0,0,0,0,0,0,0,0,0,0,0,0,0,0,0,0,0,0,0,0,0,0,0,0,0,0,100825,0,0,0,0,0,0,0,100901,100814,0,0,0,0,0,0,0,0,0,0,0,0,0,0,0,0,0,0,0,0,0,0,0,100992,100995
0,0,0,0,0,0,0,0,0,0,0,0,0,0,0,0,0,0,0,0,0,0,0,0,0,0,0,0,0,0,0,0,100826,0,0,0,0,0,0,0,100902,100815,0,0,0,0,0,0,0,0,0,0,0,0,0,0,0,0,0,0,0,0,0,0,0,100993,100996
0,0,0,0,0,0,0,0,0,0,0,0,0,0,0,0,0,0,0,0,0,0,0,0,0,0,0,0,0,0,0,0,100827,0,0,0,0,0,0,0,100903,100816,0,0,0,0,0,0,0,0,0,0,0,0,0,0,0,0,0,0,0,0,0,0,0,100994,100997
0,0,0,0,0,0,0,0,0,0,0,0,0,0,0,0,0,0,0,0,0,0,0,0,0,0,0,0,0,0,0,0,100828,0,0,0,0,0,0,0,100904,100817,0,0,0,0,0,0,0,0,0,0,0,0,0,0,0,0,0,0,0,0,0,0,0,100995,100998
0,0,0,0,0,0,0,0,0,0,0,0,0,0,0,0,0,0,0,0,0,0,0,0,0,0,0,0,0,0,0,0,100829,0,0,0,0,0,0,0,100905,100818,0,0,0,0,0,0,0,0,0,0,0,0,0,0,0,0,0,0,0,0,0,0,0,100996,100999
0,0,0,0,0,0,0,0,0,0,0,0,0,0,0,0,0,0,0,0,0,0,0,0,0,0,0,0,0,0,0,0,100830,0,0,0,0,0,0,0,100906,100819,0,0,0,0,0,0,0,0,0,0,0,0,0,0,0,0,0,0,0,0,0,0,0,100997,101000
0,0,0,0,0,0,0,0,0,0,0,0,0,0,0,0,0,0,0,0,0,0,0,0,0,0,0,0,0,0,0,0,100831,0,0,0,0,0,0,0,100907,100820,0,0,0,0,0,0,0,0,0,0,0,0,0,0,0,0,0,0,0,0,0,0,0,100998,101001
0,0,0,0,0,0,0,0,0,0,0,0,0,0,0,0,0,0,0,0,0,0,0,0,0,0,0,0,0,0,0,0,100832,0,0,0,0,0,0,0,100908,100821,0,0,0,0,0,0,0,0,0,0,0,0,0,0,0,0,0,0,0,0,0,0,0,100999,101002
0,0,0,0,0,0,0,0,0,0,0,0,0,0,0,0,0,0,0,0,0,0,0,0,0,0,0,0,0,0,0,0,100833,0,0,0,0,0,0,0,100909,100822,0,0,0,0,0,0,0,0,0,0,0,0,0,0,0,0,0,0,0,0,0,0,0,101000,101003
0,0,0,0,0,0,0,0,0,0,0,0,0,0,0,0,0,0,0,0,0,0,0,0,0,0,0,0,0,0,0,0,100834,0,0,0,0,0,0,0,100910,100823,0,0,0,0,0,0,0,0,0,0,0,0,0,0,0,0,0,0,0,0,0,0,0,101001,101004
0,0,0,0,0,0,0,0,0,0,0,0,0,0,0,0,0,0,0,0,0,0,0,0,0,0,0,0,0,0,0,0,100835,0,0,0,0,0,0,0,100911,100824,0,0,0,0,0,0,0,0,0,0,0,0,0,0,0,0,0,0,0,0,0,0,0,101002,101005
0,0,0,0,0,0,0,0,0,0,0,0,0,0,0,0,0,0,0,0,0,0,0,0,0,0,0,0,0,0,0,0,100836,0,0,0,0,0,0,0,100912,100825,0,0,0,0,0,0,0,0,0,0,0,0,0,0,0,0,0,0,0,0,0,0,0,101003,101006
0,0,0,0,0,0,0,0,0,0,0,0,0,0,0,0,0,0,0,0,0,0,0,0,0,0,0,0,0,0,0,0,0,0,0,0,0,0,0,0,100913,100826,0,0,0,0,0,0,0,0,0,0,0,0,0,0,0,0,0,0,0,0,0,0,0,101004,101007
0,0,0,0,0,0,0,0,0,0,0,0,0,0,0,0,0,0,0,0,0,0,0,0,0,0,0,0,0,0,0,0,0,0,0,0,0,0,0,0,100914,100827,0,0,0,0,0,0,0,0,0,0,0,0,0,0,0,0,0,0,0,0,0,0,0,101005,101008
0,0,0,0,0,0,0,0,0,0,0,0,0,0,0,0,0,0,0,0,0,0,0,0,0,0,0,0,0,0,0,0,0,0,0,0,0,0,0,0,100915,100828,0,0,0,0,0,0,0,0,0,0,0,0,0,0,0,0,0,0,0,0,0,0,0,101006,101009
0,0,0,0,0,0,0,0,0,0,0,0,0,0,0,0,0,0,0,0,0,0,0,0,0,0,0,0,0,0,0,0,0,0,0,0,0,0,0,0,100916,100829,0,0,0,0,0,0,0,0,0,0,0,0,0,0,0,0,0,0,0,0,0,0,0,101007,101010
0,0,0,0,0,0,0,0,0,0,0,0,0,0,0,0,0,0,0,0,0,0,0,0,0,0,0,0,0,0,0,0,0,0,0,0,0,0,0,0,100917,100830,0,0,0,0,0,0,0,0,0,0,0,0,0,0,0,0,0,0,0,0,0,0,0,101008,101011
0,0,0,0,0,0,0,0,0,0,0,0,0,0,0,0,0,0,0,0,0,0,0,0,0,0,0,0,0,0,0,0,0,0,0,0,0,0,0,0,100918,100831,0,0,0,0,0,0,0,0,0,0,0,0,0,0,0,0,0,0,0,0,0,0,0,101009,101012
0,0,0,0,0,0,0,0,0,0,0,0,0,0,0,0,0,0,0,0,0,0,0,0,0,0,0,0,0,0,0,0,0,0,0,0,0,0,0,0,100919,100832,0,0,0,0,0,0,0,0,0,0,0,0,0,0,0,0,0,0,0,0,0,0,0,101010,101013
0,0,0,0,0,0,0,0,0,0,0,0,0,0,0,0,0,0,0,0,0,0,0,0,0,0,0,0,0,0,0,0,0,0,0,0,0,0,0,0,100920,100833,0,0,0,0,0,0,0,0,0,0,0,0,0,0,0,0,0,0,0,0,0,0,0,101011,101014
0,0,0,0,0,0,0,0,0,0,0,0,0,0,0,0,0,0,0,0,0,0,0,0,0,0,0,0,0,0,0,0,0,0,0,0,0,0,0,0,100921,100834,0,0,0,0,0,0,0,0,0,0,0,0,0,0,0,0,0,0,0,0,0,0,0,101012,101015
0,0,0,0,0,0,0,0,0,0,0,0,0,0,0,0,0,0,0,0,0,0,0,0,0,0,0,0,0,0,0,0,0,0,0,0,0,0,0,0,100922,100835,0,0,0,0,0,0,0,0,0,0,0,0,0,0,0,0,0,0,0,0,0,0,0,101013,101016
0,0,0,0,0,0,0,0,0,0,0,0,0,0,0,0,0,0,0,0,0,0,0,0,0,0,0,0,0,0,0,0,0,0,0,0,0,0,0,0,100923,100836,0,0,0,0,0,0,0,0,0,0,0,0,0,0,0,0,0,0,0,0,0,0,0,101014,101017
0,0,0,0,0,0,0,0,0,0,0,0,0,0,0,0,0,0,0,0,0,0,0,0,0,0,0,0,0,0,0,0,0,0,0,0,0,0,0,0,100924,100837,0,0,0,0,0,0,0,0,0,0,0,0,0,0,0,0,0,0,0,0,0,0,0,101015,101018
0,0,0,0,0,0,0,0,0,0,0,0,0,0,0,0,0,0,0,0,0,0,0,0,0,0,0,0,0,0,0,0,0,0,0,0,0,0,0,0,100925,100838,0,0,0,0,0,0,0,0,0,0,0,0,0,0,0,0,0,0,0,0,0,0,0,101016,101019
0,0,0,0,0,0,0,0,0,0,0,0,0,0,0,0,0,0,0,0,0,0,0,0,0,0,0,0,0,0,0,0,0,0,0,0,0,0,0,0,100926,100839,0,0,0,0,0,0,0,0,0,0,0,0,0,0,0,0,0,0,0,0,0,0,0,101017,101020
0,0,0,0,0,0,0,0,0,0,0,0,0,0,0,0,0,0,0,0,0,0,0,0,0,0,0,0,0,0,0,0,0,0,0,0,0,0,0,0,100927,100840,0,0,0,0,0,0,0,0,0,0,0,0,0,0,0,0,0,0,0,0,0,0,0,101018,101021
0,0,0,0,0,0,0,0,0,0,0,0,0,0,0,0,0,0,0,0,0,0,0,0,0,0,0,0,0,0,0,0,0,0,0,0,0,0,0,0,100928,100841,0,0,0,0,0,0,0,0,0,0,0,0,0,0,0,0,0,0,0,0,0,0,0,101019,101022
0,0,0,0,0,0,0,0,0,0,0,0,0,0,0,0,0,0,0,0,0,0,0,0,0,0,0,0,0,0,0,0,0,0,0,0,0,0,0,0,100929,100842,0,0,0,0,0,0,0,0,0,0,0,0,0,0,0,0,0,0,0,0,0,0,0,101020,101023
0,0,0,0,0,0,0,0,0,0,0,0,0,0,0,0,0,0,0,0,0,0,0,0,0,0,0,0,0,0,0,0,0,0,0,0,0,0,0,0,100930,100843,0,0,0,0,0,0,0,0,0,0,0,0,0,0,0,0,0,0,0,0,0,0,0,101021,101024
0,0,0,0,0,0,0,0,0,0,0,0,0,0,0,0,0,0,0,0,0,0,0,0,0,0,0,0,0,0,0,0,0,0,0,0,0,0,0,0,100931,100844,0,0,0,0,0,0,0,0,0,0,0,0,0,0,0,0,0,0,0,0,0,0,0,101022,101025
0,0,0,0,0,0,0,0,0,0,0,0,0,0,0,0,0,0,0,0,0,0,0,0,0,0,0,0,0,0,0,0,0,0,0,0,0,0,0,0,100932,100845,0,0,0,0,0,0,0,0,0,0,0,0,0,0,0,0,0,0,0,0,0,0,0,101023,101026
0,0,0,0,0,0,0,0,0,0,0,0,0,0,0,0,0,0,0,0,0,0,0,0,0,0,0,0,0,0,0,0,0,0,0,0,0,0,0,0,100933,100846,0,0,0,0,0,0,0,0,0,0,0,0,0,0,0,0,0,0,0,0,0,0,0,101024,101027
0,0,0,0,0,0,0,0,0,0,0,0,0,0,0,0,0,0,0,0,0,0,0,0,0,0,0,0,0,0,0,0,0,0,0,0,0,0,0,0,100934,100847,0,0,0,0,0,0,0,0,0,0,0,0,0,0,0,0,0,0,0,0,0,0,0,101025,101028
0,0,0,0,0,0,0,0,0,0,0,0,0,0,0,0,0,0,0,0,0,0,0,0,0,0,0,0,0,0,0,0,0,0,0,0,0,0,0,0,100935,100848,0,0,0,0,0,0,0,0,0,0,0,0,0,0,0,0,0,0,0,0,0,0,0,101026,101029
0,0,0,0,0,0,0,0,0,0,0,0,0,0,0,0,0,0,0,0,0,0,0,0,0,0,0,0,0,0,0,0,0,0,0,0,0,0,0,0,100936,100849,0,0,0,0,0,0,0,0,0,0,0,0,0,0,0,0,0,0,0,0,0,0,0,101027,101030
0,0,0,0,0,0,0,0,0,0,0,0,0,0,0,0,0,0,0,0,0,0,0,0,0,0,0,0,0,0,0,0,0,0,0,0,0,0,0,0,100937,100850,0,0,0,0,0,0,0,0,0,0,0,0,0,0,0,0,0,0,0,0,0,0,0,101028,101031
0,0,0,0,0,0,0,0,0,0,0,0,0,0,0,0,0,0,0,0,0,0,0,0,0,0,0,0,0,0,0,0,0,0,0,0,0,0,0,0,100938,100851,0,0,0,0,0,0,0,0,0,0,0,0,0,0,0,0,0,0,0,0,0,0,0,101029,101032
0,0,0,0,0,0,0,0,0,0,0,0,0,0,0,0,0,0,0,0,0,0,0,0,0,0,0,0,0,0,0,0,0,0,0,0,0,0,0,0,100939,100852,0,0,0,0,0,0,0,0,0,0,0,0,0,0,0,0,0,0,0,0,0,0,0,101030,101033
0,0,0,0,0,0,0,0,0,0,0,0,0,0,0,0,0,0,0,0,0,0,0,0,0,0,0,0,0,0,0,0,0,0,0,0,0,0,0,0,0,100853,0,0,0,0,0,0,0,0,0,0,0,0,0,0,0,0,0,0,0,0,0,0,0,101031,101034
0,0,0,0,0,0,0,0,0,0,0,0,0,0,0,0,0,0,0,0,0,0,0,0,0,0,0,0,0,0,0,0,0,0,0,0,0,0,0,0,0,100854,0,0,0,0,0,0,0,0,0,0,0,0,0,0,0,0,0,0,0,0,0,0,0,101032,101035
0,0,0,0,0,0,0,0,0,0,0,0,0,0,0,0,0,0,0,0,0,0,0,0,0,0,0,0,0,0,0,0,0,0,0,0,0,0,0,0,0,100855,0,0,0,0,0,0,0,0,0,0,0,0,0,0,0,0,0,0,0,0,0,0,0,101033,101036
0,0,0,0,0,0,0,0,0,0,0,0,0,0,0,0,0,0,0,0,0,0,0,0,0,0,0,0,0,0,0,0,0,0,0,0,0,0,0,0,0,100856,0,0,0,0,0,0,0,0,0,0,0,0,0,0,0,0,0,0,0,0,0,0,0,101034,101037
0,0,0,0,0,0,0,0,0,0,0,0,0,0,0,0,0,0,0,0,0,0,0,0,0,0,0,0,0,0,0,0,0,0,0,0,0,0,0,0,0,100857,0,0,0,0,0,0,0,0,0,0,0,0,0,0,0,0,0,0,0,0,0,0,0,101035,101038
0,0,0,0,0,0,0,0,0,0,0,0,0,0,0,0,0,0,0,0,0,0,0,0,0,0,0,0,0,0,0,0,0,0,0,0,0,0,0,0,0,100858,0,0,0,0,0,0,0,0,0,0,0,0,0,0,0,0,0,0,0,0,0,0,0,101036,101039
0,0,0,0,0,0,0,0,0,0,0,0,0,0,0,0,0,0,0,0,0,0,0,0,0,0,0,0,0,0,0,0,0,0,0,0,0,0,0,0,0,100859,0,0,0,0,0,0,0,0,0,0,0,0,0,0,0,0,0,0,0,0,0,0,0,101037,101040
0,0,0,0,0,0,0,0,0,0,0,0,0,0,0,0,0,0,0,0,0,0,0,0,0,0,0,0,0,0,0,0,0,0,0,0,0,0,0,0,0,0,0,0,0,0,0,0,0,0,0,0,0,0,0,0,0,0,0,0,0,0,0,0,0,101038,101041
0,0,0,0,0,0,0,0,0,0,0,0,0,0,0,0,0,0,0,0,0,0,0,0,0,0,0,0,0,0,0,0,0,0,0,0,0,0,0,0,0,0,0,0,0,0,0,0,0,0,0,0,0,0,0,0,0,0,0,0,0,0,0,0,0,101039,101042
0,0,0,0,0,0,0,0,0,0,0,0,0,0,0,0,0,0,0,0,0,0,0,0,0,0,0,0,0,0,0,0,0,0,0,0,0,0,0,0,0,0,0,0,0,0,0,0,0,0,0,0,0,0,0,0,0,0,0,0,0,0,0,0,0,101040,101043
0,0,0,0,0,0,0,0,0,0,0,0,0,0,0,0,0,0,0,0,0,0,0,0,0,0,0,0,0,0,0,0,0,0,0,0,0,0,0,0,0,0,0,0,0,0,0,0,0,0,0,0,0,0,0,0,0,0,0,0,0,0,0,0,0,101041,101044
0,0,0,0,0,0,0,0,0,0,0,0,0,0,0,0,0,0,0,0,0,0,0,0,0,0,0,0,0,0,0,0,0,0,0,0,0,0,0,0,0,0,0,0,0,0,0,0,0,0,0,0,0,0,0,0,0,0,0,0,0,0,0,0,0,101042,101045
0,0,0,0,0,0,0,0,0,0,0,0,0,0,0,0,0,0,0,0,0,0,0,0,0,0,0,0,0,0,0,0,0,0,0,0,0,0,0,0,0,0,0,0,0,0,0,0,0,0,0,0,0,0,0,0,0,0,0,0,0,0,0,0,0,101043,101046
0,0,0,0,0,0,0,0,0,0,0,0,0,0,0,0,0,0,0,0,0,0,0,0,0,0,0,0,0,0,0,0,0,0,0,0,0,0,0,0,0,0,0,0,0,0,0,0,0,0,0,0,0,0,0,0,0,0,0,0,0,0,0,0,0,101044,101047
0,0,0,0,0,0,0,0,0,0,0,0,0,0,0,0,0,0,0,0,0,0,0,0,0,0,0,0,0,0,0,0,0,0,0,0,0,0,0,0,0,0,0,0,0,0,0,0,0,0,0,0,0,0,0,0,0,0,0,0,0,0,0,0,0,101045,101048
0,0,0,0,0,0,0,0,0,0,0,0,0,0,0,0,0,0,0,0,0,0,0,0,0,0,0,0,0,0,0,0,0,0,0,0,0,0,0,0,0,0,0,0,0,0,0,0,0,0,0,0,0,0,0,0,0,0,0,0,0,0,0,0,0,101046,101049
0,0,0,0,0,0,0,0,0,0,0,0,0,0,0,0,0,0,0,0,0,0,0,0,0,0,0,0,0,0,0,0,0,0,0,0,0,0,0,0,0,0,0,0,0,0,0,0,0,0,0,0,0,0,0,0,0,0,0,0,0,0,0,0,0,101047,101050
0,0,0,0,0,0,0,0,0,0,0,0,0,0,0,0,0,0,0,0,0,0,0,0,0,0,0,0,0,0,0,0,0,0,0,0,0,0,0,0,0,0,0,0,0,0,0,0,0,0,0,0,0,0,0,0,0,0,0,0,0,0,0,0,0,101048,101051
0,0,0,0,0,0,0,0,0,0,0,0,0,0,0,0,0,0,0,0,0,0,0,0,0,0,0,0,0,0,0,0,0,0,0,0,0,0,0,0,0,0,0,0,0,0,0,0,0,0,0,0,0,0,0,0,0,0,0,0,0,0,0,0,0,101049,101052
0,0,0,0,0,0,0,0,0,0,0,0,0,0,0,0,0,0,0,0,0,0,0,0,0,0,0,0,0,0,0,0,0,0,0,0,0,0,0,0,0,0,0,0,0,0,0,0,0,0,0,0,0,0,0,0,0,0,0,0,0,0,0,0,0,101050,101053
0,0,0,0,0,0,0,0,0,0,0,0,0,0,0,0,0,0,0,0,0,0,0,0,0,0,0,0,0,0,0,0,0,0,0,0,0,0,0,0,0,0,0,0,0,0,0,0,0,0,0,0,0,0,0,0,0,0,0,0,0,0,0,0,0,101051,101054
0,0,0,0,0,0,0,0,0,0,0,0,0,0,0,0,0,0,0,0,0,0,0,0,0,0,0,0,0,0,0,0,0,0,0,0,0,0,0,0,0,0,0,0,0,0,0,0,0,0,0,0,0,0,0,0,0,0,0,0,0,0,0,0,0,101052,101055
0,0,0,0,0,0,0,0,0,0,0,0,0,0,0,0,0,0,0,0,0,0,0,0,0,0,0,0,0,0,0,0,0,0,0,0,0,0,0,0,0,0,0,0,0,0,0,0,0,0,0,0,0,0,0,0,0,0,0,0,0,0,0,0,0,101053,101056
0,0,0,0,0,0,0,0,0,0,0,0,0,0,0,0,0,0,0,0,0,0,0,0,0,0,0,0,0,0,0,0,0,0,0,0,0,0,0,0,0,0,0,0,0,0,0,0,0,0,0,0,0,0,0,0,0,0,0,0,0,0,0,0,0,101054,101057
0,0,0,0,0,0,0,0,0,0,0,0,0,0,0,0,0,0,0,0,0,0,0,0,0,0,0,0,0,0,0,0,0,0,0,0,0,0,0,0,0,0,0,0,0,0,0,0,0,0,0,0,0,0,0,0,0,0,0,0,0,0,0,0,0,101055,101058
0,0,0,0,0,0,0,0,0,0,0,0,0,0,0,0,0,0,0,0,0,0,0,0,0,0,0,0,0,0,0,0,0,0,0,0,0,0,0,0,0,0,0,0,0,0,0,0,0,0,0,0,0,0,0,0,0,0,0,0,0,0,0,0,0,101056,101059
0,0,0,0,0,0,0,0,0,0,0,0,0,0,0,0,0,0,0,0,0,0,0,0,0,0,0,0,0,0,0,0,0,0,0,0,0,0,0,0,0,0,0,0,0,0,0,0,0,0,0,0,0,0,0,0,0,0,0,0,0,0,0,0,0,101057,101060
0,0,0,0,0,0,0,0,0,0,0,0,0,0,0,0,0,0,0,0,0,0,0,0,0,0,0,0,0,0,0,0,0,0,0,0,0,0,0,0,0,0,0,0,0,0,0,0,0,0,0,0,0,0,0,0,0,0,0,0,0,0,0,0,0,101058,101061
0,0,0,0,0,0,0,0,0,0,0,0,0,0,0,0,0,0,0,0,0,0,0,0,0,0,0,0,0,0,0,0,0,0,0,0,0,0,0,0,0,0,0,0,0,0,0,0,0,0,0,0,0,0,0,0,0,0,0,0,0,0,0,0,0,101059,101062
0,0,0,0,0,0,0,0,0,0,0,0,0,0,0,0,0,0,0,0,0,0,0,0,0,0,0,0,0,0,0,0,0,0,0,0,0,0,0,0,0,0,0,0,0,0,0,0,0,0,0,0,0,0,0,0,0,0,0,0,0,0,0,0,0,101060,0
0,0,0,0,0,0,0,0,0,0,0,0,0,0,0,0,0,0,0,0,0,0,0,0,0,0,0,0,0,0,0,0,0,0,0,0,0,0,0,0,0,0,0,0,0,0,0,0,0,0,0,0,0,0,0,0,0,0,0,0,0,0,0,0,0,101061,0
0,0,0,0,0,0,0,0,0,0,0,0,0,0,0,0,0,0,0,0,0,0,0,0,0,0,0,0,0,0,0,0,0,0,0,0,0,0,0,0,0,0,0,0,0,0,0,0,0,0,0,0,0,0,0,0,0,0,0,0,0,0,0,0,0,101062,0
0,0,0,0,0,0,0,0,0,0,0,0,0,0,0,0,0,0,0,0,0,0,0,0,0,0,0,0,0,0,0,0,0,0,0,0,0,0,0,0,0,0,0,0,0,0,0,0,0,0,0,0,0,0,0,0,0,0,0,0,0,0,0,0,0,101063,0
0,0,0,0,0,0,0,0,0,0,0,0,0,0,0,0,0,0,0,0,0,0,0,0,0,0,0,0,0,0,0,0,0,0,0,0,0,0,0,0,0,0,0,0,0,0,0,0,0,0,0,0,0,0,0,0,0,0,0,0,0,0,0,0,0,101064,0
0,0,0,0,0,0,0,0,0,0,0,0,0,0,0,0,0,0,0,0,0,0,0,0,0,0,0,0,0,0,0,0,0,0,0,0,0,0,0,0,0,0,0,0,0,0,0,0,0,0,0,0,0,0,0,0,0,0,0,0,0,0,0,0,0,101065,0
0,0,0,0,0,0,0,0,0,0,0,0,0,0,0,0,0,0,0,0,0,0,0,0,0,0,0,0,0,0,0,0,0,0,0,0,0,0,0,0,0,0,0,0,0,0,0,0,0,0,0,0,0,0,0,0,0,0,0,0,0,0,0,0,0,101066,0
0,0,0,0,0,0,0,0,0,0,0,0,0,0,0,0,0,0,0,0,0,0,0,0,0,0,0,0,0,0,0,0,0,0,0,0,0,0,0,0,0,0,0,0,0,0,0,0,0,0,0,0,0,0,0,0,0,0,0,0,0,0,0,0,0,101067,0
0,0,0,0,0,0,0,0,0,0,0,0,0,0,0,0,0,0,0,0,0,0,0,0,0,0,0,0,0,0,0,0,0,0,0,0,0,0,0,0,0,0,0,0,0,0,0,0,0,0,0,0,0,0,0,0,0,0,0,0,0,0,0,0,0,101068,0
0,0,0,0,0,0,0,0,0,0,0,0,0,0,0,0,0,0,0,0,0,0,0,0,0,0,0,0,0,0,0,0,0,0,0,0,0,0,0,0,0,0,0,0,0,0,0,0,0,0,0,0,0,0,0,0,0,0,0,0,0,0,0,0,0,101069,0
0,0,0,0,0,0,0,0,0,0,0,0,0,0,0,0,0,0,0,0,0,0,0,0,0,0,0,0,0,0,0,0,0,0,0,0,0,0,0,0,0,0,0,0,0,0,0,0,0,0,0,0,0,0,0,0,0,0,0,0,0,0,0,0,0,101070,0
0,0,0,0,0,0,0,0,0,0,0,0,0,0,0,0,0,0,0,0,0,0,0,0,0,0,0,0,0,0,0,0,0,0,0,0,0,0,0,0,0,0,0,0,0,0,0,0,0,0,0,0,0,0,0,0,0,0,0,0,0,0,0,0,0,101071,0
0,0,0,0,0,0,0,0,0,0,0,0,0,0,0,0,0,0,0,0,0,0,0,0,0,0,0,0,0,0,0,0,0,0,0,0,0,0,0,0,0,0,0,0,0,0,0,0,0,0,0,0,0,0,0,0,0,0,0,0,0,0,0,0,0,101072,0
0,0,0,0,0,0,0,0,0,0,0,0,0,0,0,0,0,0,0,0,0,0,0,0,0,0,0,0,0,0,0,0,0,0,0,0,0,0,0,0,0,0,0,0,0,0,0,0,0,0,0,0,0,0,0,0,0,0,0,0,0,0,0,0,0,101073,0
0,0,0,0,0,0,0,0,0,0,0,0,0,0,0,0,0,0,0,0,0,0,0,0,0,0,0,0,0,0,0,0,0,0,0,0,0,0,0,0,0,0,0,0,0,0,0,0,0,0,0,0,0,0,0,0,0,0,0,0,0,0,0,0,0,101074,0
0,0,0,0,0,0,0,0,0,0,0,0,0,0,0,0,0,0,0,0,0,0,0,0,0,0,0,0,0,0,0,0,0,0,0,0,0,0,0,0,0,0,0,0,0,0,0,0,0,0,0,0,0,0,0,0,0,0,0,0,0,0,0,0,0,101075,0
0,0,0,0,0,0,0,0,0,0,0,0,0,0,0,0,0,0,0,0,0,0,0,0,0,0,0,0,0,0,0,0,0,0,0,0,0,0,0,0,0,0,0,0,0,0,0,0,0,0,0,0,0,0,0,0,0,0,0,0,0,0,0,0,0,101076,0
0,0,0,0,0,0,0,0,0,0,0,0,0,0,0,0,0,0,0,0,0,0,0,0,0,0,0,0,0,0,0,0,0,0,0,0,0,0,0,0,0,0,0,0,0,0,0,0,0,0,0,0,0,0,0,0,0,0,0,0,0,0,0,0,0,101077,0
0,0,0,0,0,0,0,0,0,0,0,0,0,0,0,0,0,0,0,0,0,0,0,0,0,0,0,0,0,0,0,0,0,0,0,0,0,0,0,0,0,0,0,0,0,0,0,0,0,0,0,0,0,0,0,0,0,0,0,0,0,0,0,0,0,101078,0
0,0,0,0,0,0,0,0,0,0,0,0,0,0,0,0,0,0,0,0,0,0,0,0,0,0,0,0,0,0,0,0,0,0,0,0,0,0,0,0,0,0,0,0,0,0,0,0,0,0,0,0,0,0,0,0,0,0,0,0,0,0,0,0,0,101079,0
0,0,0,0,0,0,0,0,0,0,0,0,0,0,0,0,0,0,0,0,0,0,0,0,0,0,0,0,0,0,0,0,0,0,0,0,0,0,0,0,0,0,0,0,0,0,0,0,0,0,0,0,0,0,0,0,0,0,0,0,0,0,0,0,0,101080,0
0,0,0,0,0,0,0,0,0,0,0,0,0,0,0,0,0,0,0,0,0,0,0,0,0,0,0,0,0,0,0,0,0,0,0,0,0,0,0,0,0,0,0,0,0,0,0,0,0,0,0,0,0,0,0,0,0,0,0,0,0,0,0,0,0,101081,0
0,0,0,0,0,0,0,0,0,0,0,0,0,0,0,0,0,0,0,0,0,0,0,0,0,0,0,0,0,0,0,0,0,0,0,0,0,0,0,0,0,0,0,0,0,0,0,0,0,0,0,0,0,0,0,0,0,0,0,0,0,0,0,0,0,101082,0
0,0,0,0,0,0,0,0,0,0,0,0,0,0,0,0,0,0,0,0,0,0,0,0,0,0,0,0,0,0,0,0,0,0,0,0,0,0,0,0,0,0,0,0,0,0,0,0,0,0,0,0,0,0,0,0,0,0,0,0,0,0,0,0,0,101083,0
0,0,0,0,0,0,0,0,0,0,0,0,0,0,0,0,0,0,0,0,0,0,0,0,0,0,0,0,0,0,0,0,0,0,0,0,0,0,0,0,0,0,0,0,0,0,0,0,0,0,0,0,0,0,0,0,0,0,0,0,0,0,0,0,0,101084,0
0,0,0,0,0,0,0,0,0,0,0,0,0,0,0,0,0,0,0,0,0,0,0,0,0,0,0,0,0,0,0,0,0,0,0,0,0,0,0,0,0,0,0,0,0,0,0,0,0,0,0,0,0,0,0,0,0,0,0,0,0,0,0,0,0,101085,0
0,0,0,0,0,0,0,0,0,0,0,0,0,0,0,0,0,0,0,0,0,0,0,0,0,0,0,0,0,0,0,0,0,0,0,0,0,0,0,0,0,0,0,0,0,0,0,0,0,0,0,0,0,0,0,0,0,0,0,0,0,0,0,0,0,101086,0
0,0,0,0,0,0,0,0,0,0,0,0,0,0,0,0,0,0,0,0,0,0,0,0,0,0,0,0,0,0,0,0,0,0,0,0,0,0,0,0,0,0,0,0,0,0,0,0,0,0,0,0,0,0,0,0,0,0,0,0,0,0,0,0,0,101087,0
0,0,0,0,0,0,0,0,0,0,0,0,0,0,0,0,0,0,0,0,0,0,0,0,0,0,0,0,0,0,0,0,0,0,0,0,0,0,0,0,0,0,0,0,0,0,0,0,0,0,0,0,0,0,0,0,0,0,0,0,0,0,0,0,0,101088,0
0,0,0,0,0,0,0,0,0,0,0,0,0,0,0,0,0,0,0,0,0,0,0,0,0,0,0,0,0,0,0,0,0,0,0,0,0,0,0,0,0,0,0,0,0,0,0,0,0,0,0,0,0,0,0,0,0,0,0,0,0,0,0,0,0,101089,0
0,0,0,0,0,0,0,0,0,0,0,0,0,0,0,0,0,0,0,0,0,0,0,0,0,0,0,0,0,0,0,0,0,0,0,0,0,0,0,0,0,0,0,0,0,0,0,0,0,0,0,0,0,0,0,0,0,0,0,0,0,0,0,0,0,101090,0
0,0,0,0,0,0,0,0,0,0,0,0,0,0,0,0,0,0,0,0,0,0,0,0,0,0,0,0,0,0,0,0,0,0,0,0,0,0,0,0,0,0,0,0,0,0,0,0,0,0,0,0,0,0,0,0,0,0,0,0,0,0,0,0,0,101091,0
0,0,0,0,0,0,0,0,0,0,0,0,0,0,0,0,0,0,0,0,0,0,0,0,0,0,0,0,0,0,0,0,0,0,0,0,0,0,0,0,0,0,0,0,0,0,0,0,0,0,0,0,0,0,0,0,0,0,0,0,0,0,0,0,0,101092,0
0,0,0,0,0,0,0,0,0,0,0,0,0,0,0,0,0,0,0,0,0,0,0,0,0,0,0,0,0,0,0,0,0,0,0,0,0,0,0,0,0,0,0,0,0,0,0,0,0,0,0,0,0,0,0,0,0,0,0,0,0,0,0,0,0,101093,0
0,0,0,0,0,0,0,0,0,0,0,0,0,0,0,0,0,0,0,0,0,0,0,0,0,0,0,0,0,0,0,0,0,0,0,0,0,0,0,0,0,0,0,0,0,0,0,0,0,0,0,0,0,0,0,0,0,0,0,0,0,0,0,0,0,101094,0
0,0,0,0,0,0,0,0,0,0,0,0,0,0,0,0,0,0,0,0,0,0,0,0,0,0,0,0,0,0,0,0,0,0,0,0,0,0,0,0,0,0,0,0,0,0,0,0,0,0,0,0,0,0,0,0,0,0,0,0,0,0,0,0,0,101095,0
0,0,0,0,0,0,0,0,0,0,0,0,0,0,0,0,0,0,0,0,0,0,0,0,0,0,0,0,0,0,0,0,0,0,0,0,0,0,0,0,0,0,0,0,0,0,0,0,0,0,0,0,0,0,0,0,0,0,0,0,0,0,0,0,0,101096,0
0,0,0,0,0,0,0,0,0,0,0,0,0,0,0,0,0,0,0,0,0,0,0,0,0,0,0,0,0,0,0,0,0,0,0,0,0,0,0,0,0,0,0,0,0,0,0,0,0,0,0,0,0,0,0,0,0,0,0,0,0,0,0,0,0,101097,0
0,0,0,0,0,0,0,0,0,0,0,0,0,0,0,0,0,0,0,0,0,0,0,0,0,0,0,0,0,0,0,0,0,0,0,0,0,0,0,0,0,0,0,0,0,0,0,0,0,0,0,0,0,0,0,0,0,0,0,0,0,0,0,0,0,101098,0
0,0,0,0,0,0,0,0,0,0,0,0,0,0,0,0,0,0,0,0,0,0,0,0,0,0,0,0,0,0,0,0,0,0,0,0,0,0,0,0,0,0,0,0,0,0,0,0,0,0,0,0,0,0,0,0,0,0,0,0,0,0,0,0,0,101099,0
0,0,0,0,0,0,0,0,0,0,0,0,0,0,0,0,0,0,0,0,0,0,0,0,0,0,0,0,0,0,0,0,0,0,0,0,0,0,0,0,0,0,0,0,0,0,0,0,0,0,0,0,0,0,0,0,0,0,0,0,0,0,0,0,0,101100,0
0,0,0,0,0,0,0,0,0,0,0,0,0,0,0,0,0,0,0,0,0,0,0,0,0,0,0,0,0,0,0,0,0,0,0,0,0,0,0,0,0,0,0,0,0,0,0,0,0,0,0,0,0,0,0,0,0,0,0,0,0,0,0,0,0,101101,0
0,0,0,0,0,0,0,0,0,0,0,0,0,0,0,0,0,0,0,0,0,0,0,0,0,0,0,0,0,0,0,0,0,0,0,0,0,0,0,0,0,0,0,0,0,0,0,0,0,0,0,0,0,0,0,0,0,0,0,0,0,0,0,0,0,101102,0
0,0,0,0,0,0,0,0,0,0,0,0,0,0,0,0,0,0,0,0,0,0,0,0,0,0,0,0,0,0,0,0,0,0,0,0,0,0,0,0,0,0,0,0,0,0,0,0,0,0,0,0,0,0,0,0,0,0,0,0,0,0,0,0,0,101103,0
0,0,0,0,0,0,0,0,0,0,0,0,0,0,0,0,0,0,0,0,0,0,0,0,0,0,0,0,0,0,0,0,0,0,0,0,0,0,0,0,0,0,0,0,0,0,0,0,0,0,0,0,0,0,0,0,0,0,0,0,0,0,0,0,0,101104,0
0,0,0,0,0,0,0,0,0,0,0,0,0,0,0,0,0,0,0,0,0,0,0,0,0,0,0,0,0,0,0,0,0,0,0,0,0,0,0,0,0,0,0,0,0,0,0,0,0,0,0,0,0,0,0,0,0,0,0,0,0,0,0,0,0,101105,0
0,0,0,0,0,0,0,0,0,0,0,0,0,0,0,0,0,0,0,0,0,0,0,0,0,0,0,0,0,0,0,0,0,0,0,0,0,0,0,0,0,0,0,0,0,0,0,0,0,0,0,0,0,0,0,0,0,0,0,0,0,0,0,0,0,101106,0
0,0,0,0,0,0,0,0,0,0,0,0,0,0,0,0,0,0,0,0,0,0,0,0,0,0,0,0,0,0,0,0,0,0,0,0,0,0,0,0,0,0,0,0,0,0,0,0,0,0,0,0,0,0,0,0,0,0,0,0,0,0,0,0,0,101107,0
0,0,0,0,0,0,0,0,0,0,0,0,0,0,0,0,0,0,0,0,0,0,0,0,0,0,0,0,0,0,0,0,0,0,0,0,0,0,0,0,0,0,0,0,0,0,0,0,0,0,0,0,0,0,0,0,0,0,0,0,0,0,0,0,0,101108,0
0,0,0,0,0,0,0,0,0,0,0,0,0,0,0,0,0,0,0,0,0,0,0,0,0,0,0,0,0,0,0,0,0,0,0,0,0,0,0,0,0,0,0,0,0,0,0,0,0,0,0,0,0,0,0,0,0,0,0,0,0,0,0,0,0,101109,0
0,0,0,0,0,0,0,0,0,0,0,0,0,0,0,0,0,0,0,0,0,0,0,0,0,0,0,0,0,0,0,0,0,0,0,0,0,0,0,0,0,0,0,0,0,0,0,0,0,0,0,0,0,0,0,0,0,0,0,0,0,0,0,0,0,101110,0
0,0,0,0,0,0,0,0,0,0,0,0,0,0,0,0,0,0,0,0,0,0,0,0,0,0,0,0,0,0,0,0,0,0,0,0,0,0,0,0,0,0,0,0,0,0,0,0,0,0,0,0,0,0,0,0,0,0,0,0,0,0,0,0,0,101111,0
0,0,0,0,0,0,0,0,0,0,0,0,0,0,0,0,0,0,0,0,0,0,0,0,0,0,0,0,0,0,0,0,0,0,0,0,0,0,0,0,0,0,0,0,0,0,0,0,0,0,0,0,0,0,0,0,0,0,0,0,0,0,0,0,0,101112,0
0,0,0,0,0,0,0,0,0,0,0,0,0,0,0,0,0,0,0,0,0,0,0,0,0,0,0,0,0,0,0,0,0,0,0,0,0,0,0,0,0,0,0,0,0,0,0,0,0,0,0,0,0,0,0,0,0,0,0,0,0,0,0,0,0,101113,0
0,0,0,0,0,0,0,0,0,0,0,0,0,0,0,0,0,0,0,0,0,0,0,0,0,0,0,0,0,0,0,0,0,0,0,0,0,0,0,0,0,0,0,0,0,0,0,0,0,0,0,0,0,0,0,0,0,0,0,0,0,0,0,0,0,101114,0
0,0,0,0,0,0,0,0,0,0,0,0,0,0,0,0,0,0,0,0,0,0,0,0,0,0,0,0,0,0,0,0,0,0,0,0,0,0,0,0,0,0,0,0,0,0,0,0,0,0,0,0,0,0,0,0,0,0,0,0,0,0,0,0,0,101115,0
0,0,0,0,0,0,0,0,0,0,0,0,0,0,0,0,0,0,0,0,0,0,0,0,0,0,0,0,0,0,0,0,0,0,0,0,0,0,0,0,0,0,0,0,0,0,0,0,0,0,0,0,0,0,0,0,0,0,0,0,0,0,0,0,0,101116,0
0,0,0,0,0,0,0,0,0,0,0,0,0,0,0,0,0,0,0,0,0,0,0,0,0,0,0,0,0,0,0,0,0,0,0,0,0,0,0,0,0,0,0,0,0,0,0,0,0,0,0,0,0,0,0,0,0,0,0,0,0,0,0,0,0,101117,0
0,0,0,0,0,0,0,0,0,0,0,0,0,0,0,0,0,0,0,0,0,0,0,0,0,0,0,0,0,0,0,0,0,0,0,0,0,0,0,0,0,0,0,0,0,0,0,0,0,0,0,0,0,0,0,0,0,0,0,0,0,0,0,0,0,101118,0
0,0,0,0,0,0,0,0,0,0,0,0,0,0,0,0,0,0,0,0,0,0,0,0,0,0,0,0,0,0,0,0,0,0,0,0,0,0,0,0,0,0,0,0,0,0,0,0,0,0,0,0,0,0,0,0,0,0,0,0,0,0,0,0,0,101119,0
0,0,0,0,0,0,0,0,0,0,0,0,0,0,0,0,0,0,0,0,0,0,0,0,0,0,0,0,0,0,0,0,0,0,0,0,0,0,0,0,0,0,0,0,0,0,0,0,0,0,0,0,0,0,0,0,0,0,0,0,0,0,0,0,0,101120,0
0,0,0,0,0,0,0,0,0,0,0,0,0,0,0,0,0,0,0,0,0,0,0,0,0,0,0,0,0,0,0,0,0,0,0,0,0,0,0,0,0,0,0,0,0,0,0,0,0,0,0,0,0,0,0,0,0,0,0,0,0,0,0,0,0,101121,0
0,0,0,0,0,0,0,0,0,0,0,0,0,0,0,0,0,0,0,0,0,0,0,0,0,0,0,0,0,0,0,0,0,0,0,0,0,0,0,0,0,0,0,0,0,0,0,0,0,0,0,0,0,0,0,0,0,0,0,0,0,0,0,0,0,101122,0
0,0,0,0,0,0,0,0,0,0,0,0,0,0,0,0,0,0,0,0,0,0,0,0,0,0,0,0,0,0,0,0,0,0,0,0,0,0,0,0,0,0,0,0,0,0,0,0,0,0,0,0,0,0,0,0,0,0,0,0,0,0,0,0,0,101123,0
0,0,0,0,0,0,0,0,0,0,0,0,0,0,0,0,0,0,0,0,0,0,0,0,0,0,0,0,0,0,0,0,0,0,0,0,0,0,0,0,0,0,0,0,0,0,0,0,0,0,0,0,0,0,0,0,0,0,0,0,0,0,0,0,0,101124,0
0,0,0,0,0,0,0,0,0,0,0,0,0,0,0,0,0,0,0,0,0,0,0,0,0,0,0,0,0,0,0,0,0,0,0,0,0,0,0,0,0,0,0,0,0,0,0,0,0,0,0,0,0,0,0,0,0,0,0,0,0,0,0,0,0,101125,0
0,0,0,0,0,0,0,0,0,0,0,0,0,0,0,0,0,0,0,0,0,0,0,0,0,0,0,0,0,0,0,0,0,0,0,0,0,0,0,0,0,0,0,0,0,0,0,0,0,0,0,0,0,0,0,0,0,0,0,0,0,0,0,0,0,101126,0
0,0,0,0,0,0,0,0,0,0,0,0,0,0,0,0,0,0,0,0,0,0,0,0,0,0,0,0,0,0,0,0,0,0,0,0,0,0,0,0,0,0,0,0,0,0,0,0,0,0,0,0,0,0,0,0,0,0,0,0,0,0,0,0,0,101127,0
0,0,0,0,0,0,0,0,0,0,0,0,0,0,0,0,0,0,0,0,0,0,0,0,0,0,0,0,0,0,0,0,0,0,0,0,0,0,0,0,0,0,0,0,0,0,0,0,0,0,0,0,0,0,0,0,0,0,0,0,0,0,0,0,0,101128,0
0,0,0,0,0,0,0,0,0,0,0,0,0,0,0,0,0,0,0,0,0,0,0,0,0,0,0,0,0,0,0,0,0,0,0,0,0,0,0,0,0,0,0,0,0,0,0,0,0,0,0,0,0,0,0,0,0,0,0,0,0,0,0,0,0,101129,0
0,0,0,0,0,0,0,0,0,0,0,0,0,0,0,0,0,0,0,0,0,0,0,0,0,0,0,0,0,0,0,0,0,0,0,0,0,0,0,0,0,0,0,0,0,0,0,0,0,0,0,0,0,0,0,0,0,0,0,0,0,0,0,0,0,101130,0
0,0,0,0,0,0,0,0,0,0,0,0,0,0,0,0,0,0,0,0,0,0,0,0,0,0,0,0,0,0,0,0,0,0,0,0,0,0,0,0,0,0,0,0,0,0,0,0,0,0,0,0,0,0,0,0,0,0,0,0,0,0,0,0,0,101131,0
0,0,0,0,0,0,0,0,0,0,0,0,0,0,0,0,0,0,0,0,0,0,0,0,0,0,0,0,0,0,0,0,0,0,0,0,0,0,0,0,0,0,0,0,0,0,0,0,0,0,0,0,0,0,0,0,0,0,0,0,0,0,0,0,0,101132,0
0,0,0,0,0,0,0,0,0,0,0,0,0,0,0,0,0,0,0,0,0,0,0,0,0,0,0,0,0,0,0,0,0,0,0,0,0,0,0,0,0,0,0,0,0,0,0,0,0,0,0,0,0,0,0,0,0,0,0,0,0,0,0,0,0,101133,0
0,0,0,0,0,0,0,0,0,0,0,0,0,0,0,0,0,0,0,0,0,0,0,0,0,0,0,0,0,0,0,0,0,0,0,0,0,0,0,0,0,0,0,0,0,0,0,0,0,0,0,0,0,0,0,0,0,0,0,0,0,0,0,0,0,101134,0
0,0,0,0,0,0,0,0,0,0,0,0,0,0,0,0,0,0,0,0,0,0,0,0,0,0,0,0,0,0,0,0,0,0,0,0,0,0,0,0,0,0,0,0,0,0,0,0,0,0,0,0,0,0,0,0,0,0,0,0,0,0,0,0,0,101135,0
0,0,0,0,0,0,0,0,0,0,0,0,0,0,0,0,0,0,0,0,0,0,0,0,0,0,0,0,0,0,0,0,0,0,0,0,0,0,0,0,0,0,0,0,0,0,0,0,0,0,0,0,0,0,0,0,0,0,0,0,0,0,0,0,0,101136,0
0,0,0,0,0,0,0,0,0,0,0,0,0,0,0,0,0,0,0,0,0,0,0,0,0,0,0,0,0,0,0,0,0,0,0,0,0,0,0,0,0,0,0,0,0,0,0,0,0,0,0,0,0,0,0,0,0,0,0,0,0,0,0,0,0,101137,0
0,0,0,0,0,0,0,0,0,0,0,0,0,0,0,0,0,0,0,0,0,0,0,0,0,0,0,0,0,0,0,0,0,0,0,0,0,0,0,0,0,0,0,0,0,0,0,0,0,0,0,0,0,0,0,0,0,0,0,0,0,0,0,0,0,101138,0
0,0,0,0,0,0,0,0,0,0,0,0,0,0,0,0,0,0,0,0,0,0,0,0,0,0,0,0,0,0,0,0,0,0,0,0,0,0,0,0,0,0,0,0,0,0,0,0,0,0,0,0,0,0,0,0,0,0,0,0,0,0,0,0,0,101139,0
0,0,0,0,0,0,0,0,0,0,0,0,0,0,0,0,0,0,0,0,0,0,0,0,0,0,0,0,0,0,0,0,0,0,0,0,0,0,0,0,0,0,0,0,0,0,0,0,0,0,0,0,0,0,0,0,0,0,0,0,0,0,0,0,0,101140,0
0,0,0,0,0,0,0,0,0,0,0,0,0,0,0,0,0,0,0,0,0,0,0,0,0,0,0,0,0,0,0,0,0,0,0,0,0,0,0,0,0,0,0,0,0,0,0,0,0,0,0,0,0,0,0,0,0,0,0,0,0,0,0,0,0,101141,0
0,0,0,0,0,0,0,0,0,0,0,0,0,0,0,0,0,0,0,0,0,0,0,0,0,0,0,0,0,0,0,0,0,0,0,0,0,0,0,0,0,0,0,0,0,0,0,0,0,0,0,0,0,0,0,0,0,0,0,0,0,0,0,0,0,101142,0
0,0,0,0,0,0,0,0,0,0,0,0,0,0,0,0,0,0,0,0,0,0,0,0,0,0,0,0,0,0,0,0,0,0,0,0,0,0,0,0,0,0,0,0,0,0,0,0,0,0,0,0,0,0,0,0,0,0,0,0,0,0,0,0,0,101143,0
0,0,0,0,0,0,0,0,0,0,0,0,0,0,0,0,0,0,0,0,0,0,0,0,0,0,0,0,0,0,0,0,0,0,0,0,0,0,0,0,0,0,0,0,0,0,0,0,0,0,0,0,0,0,0,0,0,0,0,0,0,0,0,0,0,101144,0
0,0,0,0,0,0,0,0,0,0,0,0,0,0,0,0,0,0,0,0,0,0,0,0,0,0,0,0,0,0,0,0,0,0,0,0,0,0,0,0,0,0,0,0,0,0,0,0,0,0,0,0,0,0,0,0,0,0,0,0,0,0,0,0,0,101145,0
0,0,0,0,0,0,0,0,0,0,0,0,0,0,0,0,0,0,0,0,0,0,0,0,0,0,0,0,0,0,0,0,0,0,0,0,0,0,0,0,0,0,0,0,0,0,0,0,0,0,0,0,0,0,0,0,0,0,0,0,0,0,0,0,0,101146,0
0,0,0,0,0,0,0,0,0,0,0,0,0,0,0,0,0,0,0,0,0,0,0,0,0,0,0,0,0,0,0,0,0,0,0,0,0,0,0,0,0,0,0,0,0,0,0,0,0,0,0,0,0,0,0,0,0,0,0,0,0,0,0,0,0,101147,0
0,0,0,0,0,0,0,0,0,0,0,0,0,0,0,0,0,0,0,0,0,0,0,0,0,0,0,0,0,0,0,0,0,0,0,0,0,0,0,0,0,0,0,0,0,0,0,0,0,0,0,0,0,0,0,0,0,0,0,0,0,0,0,0,0,101148,0
0,0,0,0,0,0,0,0,0,0,0,0,0,0,0,0,0,0,0,0,0,0,0,0,0,0,0,0,0,0,0,0,0,0,0,0,0,0,0,0,0,0,0,0,0,0,0,0,0,0,0,0,0,0,0,0,0,0,0,0,0,0,0,0,0,101149,0
0,0,0,0,0,0,0,0,0,0,0,0,0,0,0,0,0,0,0,0,0,0,0,0,0,0,0,0,0,0,0,0,0,0,0,0,0,0,0,0,0,0,0,0,0,0,0,0,0,0,0,0,0,0,0,0,0,0,0,0,0,0,0,0,0,101150,0
0,0,0,0,0,0,0,0,0,0,0,0,0,0,0,0,0,0,0,0,0,0,0,0,0,0,0,0,0,0,0,0,0,0,0,0,0,0,0,0,0,0,0,0,0,0,0,0,0,0,0,0,0,0,0,0,0,0,0,0,0,0,0,0,0,101151,0
0,0,0,0,0,0,0,0,0,0,0,0,0,0,0,0,0,0,0,0,0,0,0,0,0,0,0,0,0,0,0,0,0,0,0,0,0,0,0,0,0,0,0,0,0,0,0,0,0,0,0,0,0,0,0,0,0,0,0,0,0,0,0,0,0,101152,0
0,0,0,0,0,0,0,0,0,0,0,0,0,0,0,0,0,0,0,0,0,0,0,0,0,0,0,0,0,0,0,0,0,0,0,0,0,0,0,0,0,0,0,0,0,0,0,0,0,0,0,0,0,0,0,0,0,0,0,0,0,0,0,0,0,101153,0
0,0,0,0,0,0,0,0,0,0,0,0,0,0,0,0,0,0,0,0,0,0,0,0,0,0,0,0,0,0,0,0,0,0,0,0,0,0,0,0,0,0,0,0,0,0,0,0,0,0,0,0,0,0,0,0,0,0,0,0,0,0,0,0,0,101154,0
0,0,0,0,0,0,0,0,0,0,0,0,0,0,0,0,0,0,0,0,0,0,0,0,0,0,0,0,0,0,0,0,0,0,0,0,0,0,0,0,0,0,0,0,0,0,0,0,0,0,0,0,0,0,0,0,0,0,0,0,0,0,0,0,0,101155,0
0,0,0,0,0,0,0,0,0,0,0,0,0,0,0,0,0,0,0,0,0,0,0,0,0,0,0,0,0,0,0,0,0,0,0,0,0,0,0,0,0,0,0,0,0,0,0,0,0,0,0,0,0,0,0,0,0,0,0,0,0,0,0,0,0,101156,0
0,0,0,0,0,0,0,0,0,0,0,0,0,0,0,0,0,0,0,0,0,0,0,0,0,0,0,0,0,0,0,0,0,0,0,0,0,0,0,0,0,0,0,0,0,0,0,0,0,0,0,0,0,0,0,0,0,0,0,0,0,0,0,0,0,101157,0
0,0,0,0,0,0,0,0,0,0,0,0,0,0,0,0,0,0,0,0,0,0,0,0,0,0,0,0,0,0,0,0,0,0,0,0,0,0,0,0,0,0,0,0,0,0,0,0,0,0,0,0,0,0,0,0,0,0,0,0,0,0,0,0,0,101158,0
0,0,0,0,0,0,0,0,0,0,0,0,0,0,0,0,0,0,0,0,0,0,0,0,0,0,0,0,0,0,0,0,0,0,0,0,0,0,0,0,0,0,0,0,0,0,0,0,0,0,0,0,0,0,0,0,0,0,0,0,0,0,0,0,0,101159,0
0,0,0,0,0,0,0,0,0,0,0,0,0,0,0,0,0,0,0,0,0,0,0,0,0,0,0,0,0,0,0,0,0,0,0,0,0,0,0,0,0,0,0,0,0,0,0,0,0,0,0,0,0,0,0,0,0,0,0,0,0,0,0,0,0,101160,0
0,0,0,0,0,0,0,0,0,0,0,0,0,0,0,0,0,0,0,0,0,0,0,0,0,0,0,0,0,0,0,0,0,0,0,0,0,0,0,0,0,0,0,0,0,0,0,0,0,0,0,0,0,0,0,0,0,0,0,0,0,0,0,0,0,101161,0
0,0,0,0,0,0,0,0,0,0,0,0,0,0,0,0,0,0,0,0,0,0,0,0,0,0,0,0,0,0,0,0,0,0,0,0,0,0,0,0,0,0,0,0,0,0,0,0,0,0,0,0,0,0,0,0,0,0,0,0,0,0,0,0,0,101162,0
0,0,0,0,0,0,0,0,0,0,0,0,0,0,0,0,0,0,0,0,0,0,0,0,0,0,0,0,0,0,0,0,0,0,0,0,0,0,0,0,0,0,0,0,0,0,0,0,0,0,0,0,0,0,0,0,0,0,0,0,0,0,0,0,0,101163,0
0,0,0,0,0,0,0,0,0,0,0,0,0,0,0,0,0,0,0,0,0,0,0,0,0,0,0,0,0,0,0,0,0,0,0,0,0,0,0,0,0,0,0,0,0,0,0,0,0,0,0,0,0,0,0,0,0,0,0,0,0,0,0,0,0,101164,0
0,0,0,0,0,0,0,0,0,0,0,0,0,0,0,0,0,0,0,0,0,0,0,0,0,0,0,0,0,0,0,0,0,0,0,0,0,0,0,0,0,0,0,0,0,0,0,0,0,0,0,0,0,0,0,0,0,0,0,0,0,0,0,0,0,101165,0
0,0,0,0,0,0,0,0,0,0,0,0,0,0,0,0,0,0,0,0,0,0,0,0,0,0,0,0,0,0,0,0,0,0,0,0,0,0,0,0,0,0,0,0,0,0,0,0,0,0,0,0,0,0,0,0,0,0,0,0,0,0,0,0,0,101166,0
0,0,0,0,0,0,0,0,0,0,0,0,0,0,0,0,0,0,0,0,0,0,0,0,0,0,0,0,0,0,0,0,0,0,0,0,0,0,0,0,0,0,0,0,0,0,0,0,0,0,0,0,0,0,0,0,0,0,0,0,0,0,0,0,0,101167,0
0,0,0,0,0,0,0,0,0,0,0,0,0,0,0,0,0,0,0,0,0,0,0,0,0,0,0,0,0,0,0,0,0,0,0,0,0,0,0,0,0,0,0,0,0,0,0,0,0,0,0,0,0,0,0,0,0,0,0,0,0,0,0,0,0,101168,0
0,0,0,0,0,0,0,0,0,0,0,0,0,0,0,0,0,0,0,0,0,0,0,0,0,0,0,0,0,0,0,0,0,0,0,0,0,0,0,0,0,0,0,0,0,0,0,0,0,0,0,0,0,0,0,0,0,0,0,0,0,0,0,0,0,101169,0
0,0,0,0,0,0,0,0,0,0,0,0,0,0,0,0,0,0,0,0,0,0,0,0,0,0,0,0,0,0,0,0,0,0,0,0,0,0,0,0,0,0,0,0,0,0,0,0,0,0,0,0,0,0,0,0,0,0,0,0,0,0,0,0,0,101170,0
0,0,0,0,0,0,0,0,0,0,0,0,0,0,0,0,0,0,0,0,0,0,0,0,0,0,0,0,0,0,0,0,0,0,0,0,0,0,0,0,0,0,0,0,0,0,0,0,0,0,0,0,0,0,0,0,0,0,0,0,0,0,0,0,0,101171,0
0,0,0,0,0,0,0,0,0,0,0,0,0,0,0,0,0,0,0,0,0,0,0,0,0,0,0,0,0,0,0,0,0,0,0,0,0,0,0,0,0,0,0,0,0,0,0,0,0,0,0,0,0,0,0,0,0,0,0,0,0,0,0,0,0,101172,0
0,0,0,0,0,0,0,0,0,0,0,0,0,0,0,0,0,0,0,0,0,0,0,0,0,0,0,0,0,0,0,0,0,0,0,0,0,0,0,0,0,0,0,0,0,0,0,0,0,0,0,0,0,0,0,0,0,0,0,0,0,0,0,0,0,101173,0
0,0,0,0,0,0,0,0,0,0,0,0,0,0,0,0,0,0,0,0,0,0,0,0,0,0,0,0,0,0,0,0,0,0,0,0,0,0,0,0,0,0,0,0,0,0,0,0,0,0,0,0,0,0,0,0,0,0,0,0,0,0,0,0,0,101174,0
0,0,0,0,0,0,0,0,0,0,0,0,0,0,0,0,0,0,0,0,0,0,0,0,0,0,0,0,0,0,0,0,0,0,0,0,0,0,0,0,0,0,0,0,0,0,0,0,0,0,0,0,0,0,0,0,0,0,0,0,0,0,0,0,0,101175,0
0,0,0,0,0,0,0,0,0,0,0,0,0,0,0,0,0,0,0,0,0,0,0,0,0,0,0,0,0,0,0,0,0,0,0,0,0,0,0,0,0,0,0,0,0,0,0,0,0,0,0,0,0,0,0,0,0,0,0,0,0,0,0,0,0,101176,0
0,0,0,0,0,0,0,0,0,0,0,0,0,0,0,0,0,0,0,0,0,0,0,0,0,0,0,0,0,0,0,0,0,0,0,0,0,0,0,0,0,0,0,0,0,0,0,0,0,0,0,0,0,0,0,0,0,0,0,0,0,0,0,0,0,101177,0
0,0,0,0,0,0,0,0,0,0,0,0,0,0,0,0,0,0,0,0,0,0,0,0,0,0,0,0,0,0,0,0,0,0,0,0,0,0,0,0,0,0,0,0,0,0,0,0,0,0,0,0,0,0,0,0,0,0,0,0,0,0,0,0,0,101178,0
0,0,0,0,0,0,0,0,0,0,0,0,0,0,0,0,0,0,0,0,0,0,0,0,0,0,0,0,0,0,0,0,0,0,0,0,0,0,0,0,0,0,0,0,0,0,0,0,0,0,0,0,0,0,0,0,0,0,0,0,0,0,0,0,0,101179,0
0,0,0,0,0,0,0,0,0,0,0,0,0,0,0,0,0,0,0,0,0,0,0,0,0,0,0,0,0,0,0,0,0,0,0,0,0,0,0,0,0,0,0,0,0,0,0,0,0,0,0,0,0,0,0,0,0,0,0,0,0,0,0,0,0,101180,0
0,0,0,0,0,0,0,0,0,0,0,0,0,0,0,0,0,0,0,0,0,0,0,0,0,0,0,0,0,0,0,0,0,0,0,0,0,0,0,0,0,0,0,0,0,0,0,0,0,0,0,0,0,0,0,0,0,0,0,0,0,0,0,0,0,101181,0
0,0,0,0,0,0,0,0,0,0,0,0,0,0,0,0,0,0,0,0,0,0,0,0,0,0,0,0,0,0,0,0,0,0,0,0,0,0,0,0,0,0,0,0,0,0,0,0,0,0,0,0,0,0,0,0,0,0,0,0,0,0,0,0,0,101182,0
0,0,0,0,0,0,0,0,0,0,0,0,0,0,0,0,0,0,0,0,0,0,0,0,0,0,0,0,0,0,0,0,0,0,0,0,0,0,0,0,0,0,0,0,0,0,0,0,0,0,0,0,0,0,0,0,0,0,0,0,0,0,0,0,0,101183,0
0,0,0,0,0,0,0,0,0,0,0,0,0,0,0,0,0,0,0,0,0,0,0,0,0,0,0,0,0,0,0,0,0,0,0,0,0,0,0,0,0,0,0,0,0,0,0,0,0,0,0,0,0,0,0,0,0,0,0,0,0,0,0,0,0,101184,0
0,0,0,0,0,0,0,0,0,0,0,0,0,0,0,0,0,0,0,0,0,0,0,0,0,0,0,0,0,0,0,0,0,0,0,0,0,0,0,0,0,0,0,0,0,0,0,0,0,0,0,0,0,0,0,0,0,0,0,0,0,0,0,0,0,101185,0
0,0,0,0,0,0,0,0,0,0,0,0,0,0,0,0,0,0,0,0,0,0,0,0,0,0,0,0,0,0,0,0,0,0,0,0,0,0,0,0,0,0,0,0,0,0,0,0,0,0,0,0,0,0,0,0,0,0,0,0,0,0,0,0,0,101186,0
0,0,0,0,0,0,0,0,0,0,0,0,0,0,0,0,0,0,0,0,0,0,0,0,0,0,0,0,0,0,0,0,0,0,0,0,0,0,0,0,0,0,0,0,0,0,0,0,0,0,0,0,0,0,0,0,0,0,0,0,0,0,0,0,0,101187,0
0,0,0,0,0,0,0,0,0,0,0,0,0,0,0,0,0,0,0,0,0,0,0,0,0,0,0,0,0,0,0,0,0,0,0,0,0,0,0,0,0,0,0,0,0,0,0,0,0,0,0,0,0,0,0,0,0,0,0,0,0,0,0,0,0,101188,0
0,0,0,0,0,0,0,0,0,0,0,0,0,0,0,0,0,0,0,0,0,0,0,0,0,0,0,0,0,0,0,0,0,0,0,0,0,0,0,0,0,0,0,0,0,0,0,0,0,0,0,0,0,0,0,0,0,0,0,0,0,0,0,0,0,101189,0
0,0,0,0,0,0,0,0,0,0,0,0,0,0,0,0,0,0,0,0,0,0,0,0,0,0,0,0,0,0,0,0,0,0,0,0,0,0,0,0,0,0,0,0,0,0,0,0,0,0,0,0,0,0,0,0,0,0,0,0,0,0,0,0,0,101190,0
0,0,0,0,0,0,0,0,0,0,0,0,0,0,0,0,0,0,0,0,0,0,0,0,0,0,0,0,0,0,0,0,0,0,0,0,0,0,0,0,0,0,0,0,0,0,0,0,0,0,0,0,0,0,0,0,0,0,0,0,0,0,0,0,0,101191,0
0,0,0,0,0,0,0,0,0,0,0,0,0,0,0,0,0,0,0,0,0,0,0,0,0,0,0,0,0,0,0,0,0,0,0,0,0,0,0,0,0,0,0,0,0,0,0,0,0,0,0,0,0,0,0,0,0,0,0,0,0,0,0,0,0,101192,0
0,0,0,0,0,0,0,0,0,0,0,0,0,0,0,0,0,0,0,0,0,0,0,0,0,0,0,0,0,0,0,0,0,0,0,0,0,0,0,0,0,0,0,0,0,0,0,0,0,0,0,0,0,0,0,0,0,0,0,0,0,0,0,0,0,101193,0
0,0,0,0,0,0,0,0,0,0,0,0,0,0,0,0,0,0,0,0,0,0,0,0,0,0,0,0,0,0,0,0,0,0,0,0,0,0,0,0,0,0,0,0,0,0,0,0,0,0,0,0,0,0,0,0,0,0,0,0,0,0,0,0,0,101194,0
0,0,0,0,0,0,0,0,0,0,0,0,0,0,0,0,0,0,0,0,0,0,0,0,0,0,0,0,0,0,0,0,0,0,0,0,0,0,0,0,0,0,0,0,0,0,0,0,0,0,0,0,0,0,0,0,0,0,0,0,0,0,0,0,0,101195,0
0,0,0,0,0,0,0,0,0,0,0,0,0,0,0,0,0,0,0,0,0,0,0,0,0,0,0,0,0,0,0,0,0,0,0,0,0,0,0,0,0,0,0,0,0,0,0,0,0,0,0,0,0,0,0,0,0,0,0,0,0,0,0,0,0,101196,0
0,0,0,0,0,0,0,0,0,0,0,0,0,0,0,0,0,0,0,0,0,0,0,0,0,0,0,0,0,0,0,0,0,0,0,0,0,0,0,0,0,0,0,0,0,0,0,0,0,0,0,0,0,0,0,0,0,0,0,0,0,0,0,0,0,101197,0
0,0,0,0,0,0,0,0,0,0,0,0,0,0,0,0,0,0,0,0,0,0,0,0,0,0,0,0,0,0,0,0,0,0,0,0,0,0,0,0,0,0,0,0,0,0,0,0,0,0,0,0,0,0,0,0,0,0,0,0,0,0,0,0,0,101198,0
0,0,0,0,0,0,0,0,0,0,0,0,0,0,0,0,0,0,0,0,0,0,0,0,0,0,0,0,0,0,0,0,0,0,0,0,0,0,0,0,0,0,0,0,0,0,0,0,0,0,0,0,0,0,0,0,0,0,0,0,0,0,0,0,0,101199,0
0,0,0,0,0,0,0,0,0,0,0,0,0,0,0,0,0,0,0,0,0,0,0,0,0,0,0,0,0,0,0,0,0,0,0,0,0,0,0,0,0,0,0,0,0,0,0,0,0,0,0,0,0,0,0,0,0,0,0,0,0,0,0,0,0,101200,0
