-0.05295,-0.02753,-0.0218,-0.02906,0.03548,0.03767,-0.03143,0.03234,0.02929,-0.01768,-0.02603,-0.01499,0.01124,0.1123,0.008864,0.08071,0.01269,0.01136,0.0462,-0.0192,0.03533,0.00272,0.03603,-0.002239,-0.569,0.08504,-0.006452,0.009453,0.06425,0.003628,0.03282,0.03614,-0.01022,0.02398,0.1239,0.002407,0.05344,-0.03921,0.06054,0.05949,0.02401,-0.02893,0.009045,0.01917,0.06352,0.02723,0.02732,0.08861,0.0477,-0.01365,0.02762,-0.004166,0.04752,-0.004177,0.02364,0.008854,0.001751,0.006546,-0.01855,0.04733,0.003925,0.04174,0.02339,0.02943,0.0607,0.0284,0.06558
-0.05295,-0.02753,-0.0218,-0.02906,0.03548,0.03767,-0.03143,0.04444,0.02929,0.02059,-0.02603,-0.0135,0.01124,0.05858,0.008864,0.08071,0.01269,0.01136,0.0462,-0.0192,0.03533,0.01111,0.03603,0.01644,-0.1864,0.08504,-0.006452,0.009453,0.06425,0.003628,0.03282,0.03614,-0.01022,0.02398,0.1239,0.002407,0.05344,-0.03791,0.06054,0.06511,0.02425,-0.02893,-0.003622,0.01917,0.02893,0.02723,0.02732,0.08861,0.0477,-0.01365,0.00515,-0.004166,0.04752,-0.004177,0.02364,0.008854,0.001751,0.006546,0.06771,0.04646,0.003925,0.04174,0.02339,0.02943,0.0607,0.0284,0.05951
-0.06374,-0.02937,-0.02564,-0.02491,0.02944,0.05837,-0.02036,0.04967,0.03996,0.03559,-0.01875,-0.01279,0.03898,0.02768,0.01691,0.06945,0.008245,0.01001,0.02409,0.001881,0.02718,0.01629,0.04722,0.02688,-0.09577,0.09628,-0.02196,0.005828,0.0546,0.009261,0.01591,0.05053,-0.01904,0.03853,0.1151,-0.0001583,0.044,-0.03487,0.06435,0.06476,0.02554,-0.02796,-0.005946,0.005571,0.009409,0.04021,0.03032,0.0864,0.05098,-0.0004375,0.001142,-0.001379,0.0416,-0.006165,0.01164,0.002327,0.02173,0.02225,0.03707,0.04724,9.155e-005,0.03186,0.03026,0.03138,0.06444,0.03268,0.05511
-0.06752,-0.03132,-0.02599,-0.02346,0.02618,0.06456,-0.006078,0.0423,0.03913,0.03847,-0.01888,-0.02551,0.03144,0.03109,0.02295,0.06297,0.006129,0.008667,0.02273,0.01907,0.01911,0.01389,0.0447,0.01445,-0.02507,0.1,-0.02248,0.007371,0.05296,0.0122,0.07371,0.0401,-0.01963,0.04298,0.1153,-0.003926,0.02712,-0.0317,0.06693,0.07556,0.02693,-0.02637,-0.006199,0.006144,0.01462,0.0583,0.02404,0.08489,0.04896,0.0002865,0.0009856,-0.0002213,0.04052,-0.008339,0.01147,0.01063,0.02231,0.03239,-0.001942,0.05073,0.001217,0.03078,0.03124,0.03245,0.06515,0.03187,0.05696
-0.06648,-0.0319,-0.02687,-0.02522,0.01412,0.06296,0.01357,0.04565,0.04134,0.02903,-0.01947,-0.02828,0.03032,0.04095,0.02522,0.05437,0.00743,0.01112,0.02873,0.0307,0.01441,0.01673,0.05219,0.01876,0.01049,0.09969,-0.02426,-0.003685,0.04979,0.0143,0.08134,0.03286,-0.02104,0.04471,0.1038,-0.003422,0.01943,-0.03063,0.06612,0.07279,0.02673,-0.02649,-0.00565,0.005962,0.01667,0.06347,0.02804,0.07915,0.05093,0.01309,0.006844,-0.0002279,0.0428,-0.001089,0.01089,0.01161,0.02553,0.03897,-0.0103,0.05071,0.0007153,0.03698,0.03132,0.03198,0.06587,0.03509,0.05511
-0.06804,-0.03035,-0.02425,-0.02516,0.01313,0.05856,0.0365,0.05141,0.05677,0.02296,-0.0193,-0.0271,0.03113,0.04607,0.02931,0.0465,0.008302,0.01725,0.02323,0.06169,0.007055,0.02145,0.04833,0.02248,0.02946,0.09466,-0.02387,0.003655,0.04157,0.03318,0.08242,0.01269,-0.02253,0.04329,0.08751,0.001224,0.01554,-0.0303,0.06225,0.07804,0.02684,-0.02876,-0.003589,0.00936,0.01571,0.07087,0.02246,0.07335,0.05257,0.01918,0.006411,-0.001481,0.04499,-0.000458,0.0147,0.0116,0.02236,0.03752,-0.001214,0.04876,0.0008911,0.03615,0.03186,0.03302,0.06597,0.03746,0.05545
-0.06115,-0.03222,-0.01626,-0.02411,0.006436,0.0628,0.04449,0.06172,0.05819,0.02083,-0.0164,-0.02928,0.02387,0.04403,0.03558,0.03854,0.007055,0.0178,0.02156,0.07353,0.003519,0.02322,0.03653,0.02392,0.0759,0.09344,-0.03049,0.007538,0.02652,0.04022,0.08252,0.01147,-0.02528,0.04146,0.06583,0.0006145,0.005912,-0.02844,0.04628,0.07975,0.02615,-0.03119,0.003114,0.01051,0.01374,0.07696,0.01249,0.06427,0.05206,0.01433,0.004502,-0.00264,0.04448,-0.004424,0.01675,0.01558,0.02157,0.04599,0.01875,0.04861,-0.0002029,0.03903,0.03334,0.03566,0.06812,0.03796,0.05531
-0.05748,-0.03183,-0.01125,-0.02259,0.004068,0.05703,0.06317,0.06219,0.06344,0.01539,-0.018,-0.02973,0.01842,0.05308,0.04066,0.02961,0.007896,0.01958,0.02449,0.07591,0.004275,0.02681,0.03431,0.02452,0.09481,0.09184,-0.03221,0.0172,0.02059,0.0504,0.0913,0.03404,-0.02452,0.03858,0.05002,0.001982,0.002782,-0.02934,0.04303,0.08293,0.02906,-0.03037,0.01261,0.01939,0.02295,0.07428,0.008585,0.05493,0.05368,0.01784,0.005937,-0.01098,0.04572,-0.005664,0.02321,0.02476,0.01749,0.05864,0.03388,0.04742,0.001759,0.03653,0.03416,0.03545,0.06754,0.04067,0.05552
-0.05351,-0.03007,-0.01062,-0.0223,0.004877,0.04637,0.09143,0.0878,0.06329,0.01713,-0.01811,-0.02771,0.009553,0.05689,0.04031,0.02699,0.008885,0.02286,0.02625,0.08497,0.006311,0.03356,0.04133,0.03661,0.09211,0.07903,-0.03684,0.02674,0.01304,0.05309,0.09487,0.04003,-0.0261,0.04496,0.01943,0.01106,0.02544,-0.03058,0.04401,0.08447,0.03633,-0.03474,0.02449,0.02032,0.03176,0.05668,0.01169,0.04657,0.05486,0.02503,0.009324,-0.01228,0.05091,-0.01211,0.03467,0.0235,0.01429,0.06829,0.0419,0.04264,0.00945,0.03649,0.03831,0.0376,0.0695,0.04163,0.05647
-0.04943,-0.0302,-0.00877,-0.02287,0.006295,0.04968,0.1038,0.0891,0.06385,0.03532,-0.01778,-0.02488,0.001995,0.05489,0.0399,0.02616,0.01076,0.02272,0.02171,0.1046,0.007231,0.0382,0.03892,0.04411,0.08016,0.06892,-0.04228,0.03784,0.02361,0.05363,0.08932,0.03986,-0.02586,0.04045,0.01362,0.02221,0.0383,-0.03203,0.04251,0.08819,0.03564,-0.0377,0.03232,0.02873,0.03615,0.03695,0.004067,0.03713,0.05373,0.02371,0.008466,-0.0122,0.05092,-0.01692,0.04557,0.02331,0.01558,0.08064,0.06279,0.03951,0.01129,0.03318,0.0452,0.04557,0.06859,0.04354,0.04497
-0.04726,-0.03433,-0.01304,-0.02163,0.009478,0.05294,0.11,0.09044,0.06833,0.04709,-0.01812,-0.02326,-0.002108,0.05581,0.03812,0.02766,0.009976,0.02246,0.01749,0.1146,0.008486,0.03689,0.04166,0.04322,0.07061,0.05706,-0.04736,0.04115,0.04565,0.04496,0.07596,0.03747,-0.02445,0.03923,0.01187,0.03027,0.04007,-0.03223,0.04079,0.08797,0.03011,-0.04067,0.04176,0.02968,0.04281,0.01224,0.007944,0.03129,0.05329,0.0179,0.01372,-0.01315,0.05244,-0.02233,0.04903,0.02268,0.02022,0.1047,0.07938,0.03705,0.01061,0.02551,0.05118,0.05067,0.06882,0.04462,0.04146
-0.0453,-0.03243,-0.01804,-0.02107,0.01861,0.0517,0.1116,0.08739,0.06446,0.06468,-0.01897,-0.02192,-0.002371,0.05378,0.03139,0.03021,0.01097,0.03072,0.01375,0.1204,0.01132,0.04043,0.04834,0.04479,0.05672,0.04704,-0.05405,0.04611,0.06836,0.03586,0.06033,0.04335,-0.02705,0.03723,0.01514,0.06331,0.04906,-0.03058,0.0444,0.08578,0.02971,-0.04155,0.043,0.03414,0.04739,-0.003292,0.01225,0.02971,0.0481,0.02018,0.02028,-0.01139,0.05248,-0.02829,0.04986,0.02184,0.02942,0.1161,0.08683,0.03426,0.01684,0.02118,0.05703,0.05635,0.06759,0.04537,0.04836
-0.04437,-0.02946,-0.02621,-0.02341,0.02764,0.05522,0.1136,0.08482,0.05899,0.08444,-0.01771,-0.0228,-0.005084,0.04661,0.02627,0.03481,0.01194,0.03379,0.01652,0.1193,0.01334,0.04405,0.05252,0.04606,0.04603,0.03522,-0.05781,0.04487,0.08305,0.02457,0.04259,0.03633,-0.02518,0.03619,0.0163,0.07491,0.06544,-0.02955,0.04839,0.08146,0.03081,-0.04296,0.04085,0.03278,0.04741,-0.02015,0.01391,0.02591,0.0419,0.01529,0.02739,-0.01125,0.05251,-0.03814,0.06537,0.01836,0.03782,0.1053,0.08971,0.03136,0.0124,0.02093,0.06043,0.06186,0.06871,0.04642,0.05279
-0.03906,-0.03068,-0.0335,-0.0239,0.0341,0.07486,0.1005,0.06242,0.05487,0.09571,-0.01752,-0.02388,0.001587,0.03873,0.02789,0.04311,0.0125,0.03621,0.02668,0.1058,0.01785,0.04695,0.0587,0.04068,0.03487,0.03427,-0.06249,0.03899,0.07224,0.01738,0.02578,0.03778,-0.0253,0.02886,0.01985,0.08707,0.06617,-0.02981,0.04948,0.07138,0.03103,-0.03874,0.03457,0.03482,0.04283,-0.02495,0.01855,0.02526,0.04592,0.006529,0.04043,-0.01,0.05705,-0.04058,0.09487,0.02319,0.04654,0.1065,0.08322,0.02886,0.01116,0.01955,0.05988,0.0668,0.06984,0.04681,0.05458
-0.03254,-0.02972,-0.04557,-0.02253,0.04229,0.07491,0.06633,0.04402,0.04659,0.09498,-0.01735,-0.02458,0.01083,0.03382,0.02574,0.04928,0.01223,0.03638,0.0378,0.07968,0.02059,0.04578,0.05979,0.03094,0.03348,0.03385,-0.05461,0.03502,0.06413,0.009254,0.0152,0.03995,-0.001536,0.03291,0.02857,0.08148,0.07742,-0.02775,0.05621,0.06174,0.03037,-0.03513,0.02154,0.03374,0.05098,-0.02414,0.02649,0.02929,0.04606,0.004109,0.0553,-0.009406,0.09488,-0.05339,0.1211,0.02495,0.05696,0.1037,0.0828,0.02865,0.02004,0.01726,0.05775,0.06091,0.07276,0.04686,0.05744
-0.03227,-0.02628,-0.04837,-0.02301,0.0468,0.07389,0.04791,0.01378,0.04017,0.1023,-0.0185,-0.02533,0.009514,0.02699,0.02343,0.05501,0.01148,0.03909,0.05485,0.06354,0.02668,0.05035,0.06197,0.02882,0.03277,0.04487,-0.05416,0.0331,0.06301,0.01072,0.01899,0.03722,0.005281,0.03672,0.04139,0.082,0.08885,-0.02722,0.06527,0.05589,0.03102,-0.03101,0.01398,0.03199,0.05884,-0.01934,0.02845,0.02533,0.0444,-0.0003601,0.06679,-0.006498,0.0986,-0.05163,0.1453,0.02588,0.05847,0.1028,0.08074,0.02682,0.02514,0.01844,0.05581,0.06058,0.07567,0.04438,0.06006
-0.04742,-0.02559,-0.04548,-0.02385,0.04687,0.07553,0.02978,-0.02315,0.03595,0.1009,-0.01815,-0.02367,0.009871,0.02634,0.03013,0.06012,0.0127,0.03286,0.06564,0.03913,0.02878,0.05037,0.06027,0.03054,0.04413,0.05801,-0.04527,0.03238,0.06062,0.006066,0.02512,0.03217,0.01277,0.05453,0.06044,0.07678,0.08331,-0.02785,0.06917,0.05448,0.03164,-0.02642,0.008356,0.03379,0.06368,-0.01685,0.02464,0.02389,0.04515,-0.0009007,0.08153,-0.004422,0.1003,-0.05023,0.1498,0.0312,0.05885,0.09134,0.07291,0.02675,0.0214,0.01843,0.05192,0.04888,0.07882,0.04443,0.062
-0.06762,-0.02927,-0.04417,-0.02397,0.04367,0.07593,0.01438,-0.05093,0.03605,0.08958,-0.01856,-0.02243,0.0155,0.02541,0.03243,0.06364,0.01368,0.0274,0.06973,0.02397,0.03022,0.04751,0.05455,0.02417,0.05788,0.07627,-0.04208,0.03029,0.06614,0.005724,0.0382,0.02595,0.01629,0.06435,0.08628,0.06526,0.07396,-0.02854,0.07336,0.05403,0.03173,-0.0245,0.006165,0.03283,0.06989,-0.006267,0.03021,0.02073,0.0447,-0.00137,0.09783,-0.006338,0.1015,-0.03921,0.1303,0.03753,0.05453,0.09008,0.0695,0.02753,0.02075,0.01935,0.0504,0.04443,0.07849,0.04431,0.06194
-0.08327,-0.03002,-0.04182,-0.02302,0.03854,0.07271,0.01306,-0.05871,0.0439,0.04954,-0.01923,-0.02027,0.01817,0.035,0.03504,0.05971,0.01485,0.02389,0.06157,0.01932,0.02718,0.04207,0.02781,0.01675,0.07703,0.09046,-0.03939,0.02851,0.05556,0.01151,0.04347,0.01644,0.02531,0.06909,0.1144,0.05007,0.06628,-0.03006,0.07409,0.05978,0.03264,-0.02538,0.002193,0.03521,0.07506,0.001241,0.02484,0.01781,0.04355,-0.001606,0.1147,-0.00594,0.08895,-0.0387,0.09113,0.03884,0.04834,0.08323,0.05328,0.02862,0.02345,0.02629,0.04136,0.04331,0.07706,0.04455,0.06281
-0.09506,-0.03002,-0.03753,-0.02283,0.03345,0.04601,0.02121,-0.05678,0.05073,0.03839,-0.01917,-0.01928,0.02144,0.03874,0.04603,0.05544,0.01685,0.02485,0.05587,0.02403,0.02673,0.04083,0.025,0.01392,0.09261,0.1025,-0.03653,0.02412,0.05092,0.02002,0.04993,0.0104,0.02564,0.06201,0.1225,0.04377,0.0462,-0.0302,0.06543,0.06502,0.03357,-0.02594,0.002794,0.02696,0.06873,0.01066,0.02498,0.01537,0.04549,0.001303,0.1356,-0.007374,0.05283,-0.0312,0.05622,0.04594,0.04185,0.07824,0.04929,0.02895,0.01823,0.03467,0.03749,0.03921,0.07479,0.04316,0.06348
-0.103,-0.03176,-0.03403,-0.02511,0.03019,0.03581,0.02924,-0.04419,0.05283,0.02905,-0.01852,-0.01769,0.03787,0.04287,0.0595,0.04812,0.02266,0.02019,0.04865,0.02992,0.02387,0.03974,0.02101,0.01839,0.106,0.1053,-0.03196,0.0269,0.04747,0.01718,0.05814,0.01161,0.02662,0.05909,0.1123,0.03575,0.0275,-0.03193,0.05733,0.07405,0.03326,-0.0286,0.006576,0.02495,0.05725,0.02267,0.02658,0.01644,0.05441,0.00291,0.1529,-0.008509,0.04435,-0.02534,0.03083,0.05463,0.03669,0.06907,0.04844,0.03098,0.01484,0.0388,0.03463,0.03518,0.07339,0.04366,0.06437
-0.1108,-0.03181,-0.03162,-0.02343,0.02798,0.0328,0.03723,-0.01892,0.06744,0.02385,-0.01866,-0.01601,0.04542,0.04092,0.06266,0.03908,0.02334,0.01814,0.04178,0.04248,0.0229,0.03723,0.01916,0.03067,0.1096,0.1003,-0.02778,0.02693,0.04029,0.02288,0.07065,0.01589,0.02865,0.05007,0.09303,0.0298,0.02308,-0.03026,0.04359,0.08088,0.03335,-0.03051,0.01464,0.01396,0.05148,0.03153,0.03036,0.02386,0.05722,0.007308,0.1666,-0.0089,0.04994,-0.01754,0.02098,0.05497,0.02955,0.06614,0.04879,0.03201,0.01113,0.0405,0.03119,0.03148,0.07299,0.04491,0.06495
-0.1193,-0.03182,-0.03172,-0.02347,0.02842,0.03352,0.04345,0.001164,0.07556,0.01399,-0.01925,-0.01684,0.04729,0.04717,0.07821,0.03138,0.02321,0.01838,0.02996,0.05099,0.02157,0.03348,0.02112,0.05238,0.1058,0.09448,-0.03204,0.02828,0.0348,0.01924,0.07918,0.01954,0.02698,0.04075,0.06867,0.02651,0.02324,-0.03006,0.03535,0.08933,0.03428,-0.03054,0.0209,0.01442,0.04644,0.03117,0.02853,0.02688,0.06172,0.01337,0.1694,-0.005503,0.0416,-0.02127,0.02748,0.05727,0.02331,0.06682,0.05132,0.03412,0.009119,0.04114,0.02794,0.03331,0.07447,0.04566,0.06642
-0.1136,-0.03263,-0.03038,-0.02319,0.03133,0.0315,0.0551,0.006348,0.07566,0.01698,-0.01899,-0.01726,0.04142,0.04645,0.09481,0.0241,0.02989,0.02102,0.02084,0.04732,0.01878,0.0317,0.02431,0.06438,0.09404,0.08239,-0.03083,0.0312,0.05251,0.01074,0.08579,0.02185,0.0229,0.0345,0.04092,0.02668,0.0286,-0.02608,0.02809,0.09424,0.03501,-0.03106,0.02986,0.01652,0.0416,0.03074,0.02704,0.03243,0.06305,0.02353,0.1592,-0.003972,0.04351,-0.01993,0.02956,0.0553,0.01854,0.06887,0.05795,0.03439,0.008219,0.03962,0.02431,0.02893,0.07399,0.04571,0.0676
-0.1445,-0.03352,-0.03102,-0.02249,0.03777,0.04021,0.06452,0.007852,0.08589,0.02201,-0.01953,-0.01898,0.03465,0.0528,0,0.02345,0.03196,0.02074,0.01528,0.04255,0.0171,0.02875,0.03526,0.06559,0.08229,0.0717,-0.0289,0.02993,0.07056,0.003221,0.08843,0.03001,0.0178,0.03269,0.01822,0.03266,0.04112,-0.02516,0.02587,0.09739,0.03469,-0.03321,0.04133,0.02591,0.03469,0,0.02255,0.03712,0.06419,0.02572,0.1356,-0.0007535,0.04715,-0.02569,0.03864,0.05078,0.01158,0.07578,0.06649,0.03228,0.007248,0.03909,0.02302,0.03158,0.07518,0.04723,0.0681
0,-0.03141,-0.03159,-0.02041,0.04522,0.04544,0.07975,0.01389,0.08215,0.02814,-0.01981,-0.02,0.01885,0.05723,0,0.02641,0.03219,0.02651,0.02408,0.03561,0.01761,0.02467,0.04012,0.0686,0.06878,0.05604,-0.02919,0.03074,0.08133,-0.000222,0,0.03949,0.01072,0.02982,0.01094,0.04366,0.05381,-0.02406,0.02327,0.09975,0.03495,-0.03225,0.04644,0.0316,0.03523,0,0.01746,0.0476,0.08169,0.03111,0.1154,-0.001094,0.05133,-0.02488,0.0237,0.04836,0.01028,0.09037,0.07522,0.02966,0.003369,0.03735,0.02336,0.03302,0.07339,0.04845,0.06801
0,-0.0313,-0.03192,-0.02065,0.05413,0.0491,0.08329,0.01733,0.07225,0.02827,-0.01977,-0.02235,0.007284,0.0554,0,0.02778,0.03037,0.03157,0.03443,0.04128,0.01917,0.02792,0.04162,0.06672,0.05358,0.04728,-0.04543,0.04284,0.09755,0.001767,0,0.03413,0.006593,0.02581,0.02238,0.05121,0.1006,-0.02636,0.03592,0.09599,0.03709,-0.0349,0.05078,0.04274,0.03088,0,0.01848,0.04886,0.09624,0.03286,0.09364,-0.003347,0.04358,-0.02781,0.03991,0.04403,0.005581,0.09883,0.09398,0.02456,-0.000179,0.03896,0.02396,0.03793,0.07194,0.04998,0.06783
0,-0.03072,-0.03179,-0.02064,0.06764,0.05502,0.08098,0.02192,0.06342,0.03182,-0.02019,-0.02209,-0.002232,0.05518,0,0.0347,0.03155,0.03802,0.05686,0.06328,0.02094,0,0.0479,0.06881,0.04389,0.0393,-0.04522,0.05551,0.0999,0.01226,0,0.03402,0.003257,0.02908,0.02983,0.06519,0.1083,-0.02665,0.03827,0.09063,0.03657,-0.03691,0.05928,0.04485,0.02194,0,0.03036,0.06128,0.09733,0.02749,0.07185,-0.00509,0,-0.03085,0.04483,0.03802,0.004399,0.1107,0.1037,0.01582,0.004881,0.03844,0.02763,0.03912,0.07116,0.05042,0.06781
0,-0.03205,-0.03209,-0.02199,0,0.05912,0.07843,0.01983,0.05577,0.04147,-0.01977,-0.02324,-0.00586,0.05523,0,0.04136,0.02681,0.04272,0.07285,0.06081,0.0276,0,0.05161,0.05848,0.03726,0.03834,-0.02798,0.06456,0.09964,0.02756,0,0.03368,0.002523,0.03669,0.04453,0.07161,0.09401,-0.02678,0.04118,0.08386,0.03501,-0.03596,0.0676,0.03847,0.01545,0,0.03924,0.08099,0.09947,0.02295,0.05276,-0.007968,0,-0.0341,0.03012,0.03575,0.003011,0.1204,0.1084,0.009296,0.006449,0.03322,0.03333,0.04562,0.07286,0.05019,0.06793
0,-0.03026,-0.0338,-0.02198,0,0.05815,0.07103,0,0.03989,0.05406,-0.01902,-0.02232,-0.007997,0.05387,0,0.04161,0.02867,0.05175,0.08118,0.05778,0.03423,0,0.05155,0.05513,0.03548,0.04153,-0.0305,0.07335,0.0916,0.04907,0,0.0275,0.005706,0.05433,0.04858,0.06883,0.09751,-0.0238,0.04987,0.07375,0.03382,-0.03661,0.06562,0.03796,0.0258,0,0.03915,0.1065,0.09696,0.01888,0.03791,-0.0103,0,-0.03616,0.02773,0.03019,0.002134,0.1188,0.1105,0.006296,0.01016,0.0255,0.03985,0.05027,0.07343,0.0501,0.06913
0,-0.0323,-0.03756,-0.02116,0,0.05833,0.04457,0,0.05422,0.06583,-0.01861,-0.02284,-0.004547,0.05176,0,0.04705,0.02285,0.05443,0,0.05644,0.04531,0,0.05147,0.04634,0.04149,0.05976,-0.03205,0.07067,0.07547,0.06077,0,0.01844,0.01153,0.06095,0.0529,0.06899,0.09841,-0.02892,0.05886,0.05918,0.032,-0.03776,0.06677,0.03848,0.02487,0,0.03579,0.1165,0.07561,0.009175,0,-0.0106,0,-0.04427,0.02998,0.0232,0.00542,0.1122,0.1093,0.004136,0.01683,0.02221,0.04498,0.05531,0.07811,0.04971,0.071
0,-0.03233,-0.03556,-0.02294,0,0.0535,0.03,0,0.05083,0.07588,-0.01843,-0.02216,0.01154,0.05649,0,0.05623,0.02103,0.06028,0,0.04746,0.06257,0,0.04616,0.04017,0.05893,0.07084,-0.02239,0.06276,0.04403,0.07203,0,0.02012,0.01736,0.05313,0.0478,0.06241,0.09049,-0.02885,0.06756,0.05299,0.03322,-0.03729,0.06064,0.03597,0.02838,0,0.03221,0.1333,0.0549,0.004703,0,-0.01057,0,-0.04263,0.02223,0.02271,0.006551,0.101,0.1038,0.007711,0.02402,0.02104,0.05283,0.05813,0.08153,0.0491,0.07294
0,-0.0316,-0.03476,-0.02176,0,0.04727,0.0234,0,0,0.07773,-0.01754,-0.022,0.03086,0.06025,0,0.06363,0.0151,0.06081,0,0.03579,0.0684,0,0.04045,0.03361,0.07023,0.06647,-0.0194,0.04586,0.02877,0.07168,0,0.01962,0.02305,0.04994,0.05323,0.06042,0.07276,-0.02603,0.07488,0.0459,0.03587,-0.03465,0.04957,0.03087,0.03438,0,0.02767,0.1344,0.04795,0.01072,0,-0.01147,0,-0.04015,0.01682,0.0159,0.008418,0.08379,0.09388,0.01164,0.02282,0.0189,0.05773,0.06243,0.08226,0.04912,0.074
0,-0.02784,-0.03195,-0.02159,0,0.04167,0.01909,0,0,0.07179,-0.01798,-0.02179,0.04252,0.06251,0,0.06463,0.0128,0.05356,0,0.02107,0.07047,0,0.02985,0.03156,0.08445,0.07586,-0.01494,0.02748,0.01548,0.06075,0,0.02323,0.0281,0.04951,0.05284,0.05,0.06907,-0.02747,0.08412,0.04182,0.03791,-0.03234,0.03318,0.0221,0.03368,0,0.01799,0.1208,0.04345,0.008758,0,-0.008664,0,-0.02863,0.01423,0.01336,0.008094,0.06343,0.08442,0.01726,0.02091,0.01846,0.05695,0.06495,0.08096,0.04899,0.07364
0,-0.02665,-0.0313,-0.02286,0,0.03525,0.01509,0,0,0.05946,-0.01728,-0.02342,0.05564,0.06247,0,0.06933,0.01357,0,0,0.004643,0.0659,0,0.02631,0.0232,0.09488,0.07877,-0.01034,0.02028,0.01277,0.04484,0,0.02764,0.03161,0.04792,0.05216,0.03952,0.04947,-0.02766,0.08404,0.0414,0.0403,-0.02809,0.02407,0.01441,0.02417,0,0.01845,0.1021,0.04727,0.01191,0,-0.008232,0,-0.02076,0.01264,0.0138,0.01159,0.04785,0.0732,0.02336,0.01843,0.01985,0.05691,0.06197,0.07975,0.0492,0.07201
0,-0.02666,-0.02519,-0.0236,0,0.03034,0.01382,0,0,0.04247,-0.01751,-0.0213,0.05248,0.05959,0,0.0648,0.02082,0,0,-0.006954,0.05172,0,0.02144,0.02258,0.09808,0.07362,-0.004392,0.02773,0.01602,0.04066,0,0.0436,0.0334,0.04192,0.04913,0.0254,0.03263,-0.02607,0.07873,0.04713,0.04272,-0.02431,0.01686,0.003523,0.01453,0,0.01602,0.08738,0.04648,0.01602,0,-0.004824,0,-0.01283,0.006718,0,0.01235,0.04878,0.06294,0.02867,0.01286,0.02343,0.04711,0.05926,0.07662,0.0498,0.07
0,-0.0279,-0.02315,-0.02171,0,0.03598,0.01578,0,0,0.03148,-0.01784,-0.02282,0.03866,0.05933,0,0.05589,0.02874,0,0,-0.01774,0.04241,0,0.01943,0.02414,0.08634,0.06703,-0.002335,0.02514,0.02377,0.02706,0,0.04675,0.03311,0.04709,0.04347,0.01754,0.0272,-0.02335,0.07115,0.05309,0.04465,-0.02234,0.01417,-0.007394,0.005791,0,0.01438,0.07106,0.04882,0.01353,0,-0.004299,0,-0.00963,0.0115,0,0.01397,0.03858,0.05135,0.03117,0.00951,0.02555,0.04145,0.05375,0.07389,0.04993,0.06923
0,-0.0275,-0.02103,-0.02211,0,0.0344,0.024,0,0,0.02637,-0.01852,-0.02126,0.02246,0.05227,0,0.04082,0.03813,0,0,-0.0257,0.03147,0,0.01804,0.02426,0.07457,0.0557,-0.002503,0.03694,0.03672,0.02089,0,0.0521,0.02965,0.04507,0.03473,0.007389,0.02715,-0.02431,0.06223,0.06187,0.04555,-0.02042,0.009265,-0.01404,-0.005113,0,0.0124,0.05771,0.05417,0.005844,0,-0.001514,0,-0.008117,0.01585,0,0.01844,0.03491,0.04579,0.03289,0.008577,0.03042,0.0359,0.04868,0.07536,0.04961,0.06856
0,-0.03195,-0.01996,-0.0216,0,0.03979,0.03261,0,0,0.0216,-0.01972,-0.02191,0.01877,0.04866,0,0.02994,0.04838,0,0,-0.02557,0.02266,0,0.02112,0.02901,0.05764,0.04386,-0.004223,0.04863,0.05127,0.02882,0,0.0545,0.02623,0.03672,0.02266,0.004727,0.02056,0,0.04974,0.06708,0.04609,-0.02239,0.01175,-0.009714,-0.01267,0,0.00896,0.05095,0.05665,0.006014,0,0.0002013,0,-0.008265,0.02159,0,0,0.03124,0.04387,0.03689,0.00778,0.04033,0.03353,0.04314,0.07736,0.04996,0.06915
0,-0.03283,-0.01852,-0.02056,0,0.04311,0.04118,0,0,0.01892,0,-0.01847,0.01354,0.04403,0,0.02293,0.0544,0,0,-0.02331,0.02135,0,0.02488,0.03015,0.04292,0.03157,-0.003819,0.05764,0.06257,0.03888,0,0.0534,0.02179,0.03684,0,0.005863,0.02163,0,0.042,0.07377,0.04681,-0.02618,0.011,-0.01131,-0.01557,0,0.0008625,0.0386,0.05754,0,0,-0.0005771,0,-0.01226,0.03299,0,0,0.04106,0.0455,0.0378,0.008946,0,0.02853,0.04164,0.07751,0.0504,0.06972
0,-0.02953,-0.01594,-0.01933,0,0.0507,0.05419,0,0,0.01963,0,-0.01704,0.01389,0.03796,0,0.02075,0.05478,0,0,-0.0215,0.01788,0,0.02407,0.03281,0.02754,0.02451,-0.003289,0.05728,0.06692,0.04584,0,0.04162,0.01886,0.03364,0,0.02161,0.03164,0,0.03839,0.07633,0.04657,-0.02752,0.00806,-0.004307,-0.01227,0,-0.001689,0.03234,0.05659,0,0,-0.004128,0,-0.02758,0.04512,0,0,0.05342,0.05423,0.04063,0,0,0.02747,0.03928,0.07976,0.05014,0.07061
0,-0.02608,-0.01796,-0.01786,0,0.04242,0.05893,0,0,0.02358,0,0,0.01834,0.03693,0,0.02536,0.05675,0,0,-0.016,0.02175,0,0.02695,0.05306,0.02281,0.02221,-0.001435,0.06528,0.06455,0.05794,0,0.03901,0.02037,0.03515,0,0.04206,0.05115,0,0.03613,0.0785,0.04637,-0.02906,0.006825,0.004676,-0.01308,0,-0.00575,0.04214,0.04609,0,0,-0.003958,0,-0.03625,0.0535,0,0,0.06988,0.06778,0.0416,0,0,0.03112,0.0416,0.08141,0.05046,0.0701
0,-0.02664,-0.0184,-0.005898,0,0.04123,0.06181,0,0,0.02989,0,0,0.017,0.03746,0,0.03237,0.05706,0,0,0,0.02964,0,0.03587,0.05707,0.02055,0.02248,-0.001104,0.06452,0.06164,0.07016,0,0.03087,0.02414,0.03916,0,0.0593,0.05741,0,0.03558,0.07429,0.04585,-0.03027,0.01674,0.02533,-0.009313,0,-0.003933,0,0.02806,0,0,-0.006726,0,-0.0337,0.0653,0,0,0.0813,0.07924,0.04356,0,0,0.03512,0.04015,0.08021,0.05044,0.06994
0,-0.0243,-0.02084,-0.007143,0,0.0336,0.06036,0,0,0.03627,0,0,0.008954,0.04083,0,0.04053,0.05759,0,0,0,0.03568,0,0.04054,0.0613,0.02036,0.02833,0.009248,0.06428,0.05778,0.07356,0,0.02419,0.02963,0.04325,0,0.07829,0.07271,0,0.04561,0.06674,0.04576,-0.0303,0.02088,0.03388,-0.003693,0,0.000369,0,0,0,0,-0.00955,0,-0.03458,0.08064,0,0,0.09364,0.08913,0.04486,0,0,0.03924,0.04791,0.07929,0.05031,0.06939
0,-0.02516,-0.01882,-0.01411,0,0.0259,0.05271,0,0,0.04612,0,0,-0.001652,0.04188,0,0.0497,0,0,0,0,0.04055,0,0.04187,0.06944,0.0229,0.0345,0.01098,0.05747,0.04845,0.06524,0,0.01855,0.03807,0.04051,0,0.08852,0.0875,0,0.0502,0.05753,0.04497,-0.03044,0.02821,0.05624,-0.001563,0,-0.00149,0,0,0,0,-0.009187,0,-0.03471,0.1082,0,0,0.1007,0.09242,0.04407,0,0,0.04586,0.05561,0.07881,0.05077,0.07027
0,0,-0.01532,-0.01502,0,0.01386,0.03671,0,0,0.04798,0,0,-0.002302,0.04232,0,0.05721,0,0,0,0,0.04579,0,0.04815,0,0.02626,0.03909,0.01329,0.04764,0.0331,0.058,0,0.01408,0.04647,0.03639,0,0.1102,0.07439,0,0.05557,0.0468,0.04415,-0.03253,0.03459,0.05997,0.00281,0,-0.005139,0,0,0,0,-0.01057,0,-0.03269,0.1369,0,0,0.1031,0.09051,0.04228,0,0,0.05212,0.06161,0.08006,0.05106,0.07257
0,0,-0.005395,-0.006872,0,0.01197,0.03436,0,0,0.04727,0,0,0.00715,0.04533,0,0.06018,0,0,0,0,0.0539,0,0.04691,0,0.02984,0.04243,0.013,0.0393,0.02946,0.0402,0,0.007484,0.05348,0.02821,0,0.1069,0.06299,0,0.06498,0.03573,0.04259,-0.03449,0.03457,0.06637,0,0,-0.002042,0,0,0,0,-0.01001,0,-0.02473,0.1602,0,0,0.08989,0.08467,0.03867,0,0,0.05528,0.06682,0.07993,0.0517,0.07482
0,0,-0.0002935,0.004668,0,0,0.02813,0,0,0.04331,0,0,0.02021,0.04868,0,0.06282,0,0,0,0,0.05358,0,0.0419,0,0.03459,0.04532,0.01283,0.02137,0.01858,0.02987,0,0.009787,0.05876,0.02639,0,0.09974,0.0638,0,0.07471,0.02737,0.04163,-0.0378,0.02353,0.05503,0,0,-0.01351,0,0,0,0,-0.01082,0,-0.02207,0.1809,0,0,0.07948,0.07361,0.03478,0,0,0.05403,0.07526,0.0817,0.05232,0.07654
0,0,-0.0007149,0.02549,0,0,0.02972,0,0,0.0351,0,0,0,0.04765,0,0.06248,0,0,0,0,0.05896,0,0.04181,0,0.03759,0.04257,0.01089,0.01937,0.01052,0.01157,0,0.008504,0.06319,0.02256,0,0.08477,0.05306,0,0.08027,0.02663,0.04124,-0.0397,0,0.04718,0,0,0,0,0,0,0,-0.01158,0,-0.02106,0.1885,0,0,0.07233,0.06362,0.03199,0,0,0.05429,0.07675,0.0819,0.05289,0.07751
0,0,-0.005909,0.06322,0,0,0.02948,0,0,0.02731,0,0,0,0.05845,0,0.05849,0,0,0,0,0,0,0.04148,0,0.03684,0.03976,0.01294,0.01684,0.01041,0.003745,0,0.009688,0.06302,0.02812,0,0.0765,0.04218,0,0.08439,0.02911,0.04159,-0.03994,0,0.03214,0,0,0,0,0,0,0,-0.01286,0,-0.01888,0.1693,0,0,0.06135,0.05277,0.0305,0,0,0.0523,0.07407,0.08344,0.05228,0.07712
0,0,-0.01814,0.09982,0,0,0.03298,0,0,0.02746,0,0,0,0.06519,0,0.05023,0,0,0,0,0,0,0.03568,0,0.03514,0.03855,0.02689,0,0.0169,-0.004581,0,0.01134,0.05758,0.02873,0,0.04963,0.03023,0,0.08677,0.03102,0.04287,-0.03869,0,0.01939,0,0,0,0,0,0,0,-0.0118,0,-0.01792,0.1418,0,0,0.05008,0.0435,0.03005,0,0,0.04953,0.07656,0.08203,0.05262,0.07528
0,0,0,0.1271,0,0,0.03646,0,0,0.02627,0,0,0,0.06728,0,0.04201,0,0,0,0,0,0,0.0315,0,0.03249,0.03493,0.02935,0,0.02528,-0.001469,0,0.01576,0.05195,0.02436,0,0.03548,0.02736,0,0.07876,0.03511,0.04536,-0.03692,0,0.01458,0,0,0,0,0,0,0,-0.01091,0,-0.01691,0.1113,0,0,0.04269,0.03762,0.03078,0,0,0.04533,0.07421,0.08143,0.05238,0.07385
0,0,0,0.1567,0,0,0.04454,0,0,0.03219,0,0,0,0.07077,0,0.03174,0,0,0,0,0,0,0.02792,0,0.02705,0.02802,0.04296,0,0.0328,0.002764,0,0.01029,0.04541,0.02206,0,0.03004,0.01513,0,0.06815,0.03804,0.04721,-0.03332,0,0.01244,0,0,0,0,0,0,0,-0.007632,0,-0.01753,0.08372,0,0,0.03721,0.03396,0.03433,0,0,0.04594,0.06648,0.07658,0.05211,0.07276
0,0,0,0.1672,0,0,0.04822,0,0,0.03881,0,0,0,0.07302,0,0.02627,0,0,0,0,0,0,0.02482,0,0.02113,0.02282,0.04356,0,0.04457,0.008923,0,0,0.03765,0.02444,0,0.02827,0.01223,0,0.05484,0.04131,0.04955,-0.03024,0,0.01083,0,0,0,0,0,0,0,-0.007813,0,-0.01683,0.06055,0,0,0.03256,0.03271,0.03892,0,0,0.04329,0.05872,0.07466,0.0519,0.07252
0,0,0,0,0,0,0.05357,0,0,0.04533,0,0,0,0.05717,0,0.0236,0,0,0,0,0,0,0.02159,0,0.0185,0.0216,0.04688,0,0.05663,0.01325,0,0,0.03226,0.02225,0,0.01908,0.01489,0,0.04256,0.04287,0.05304,-0.02486,0,0.0211,0,0,0,0,0,0,0,-0.004963,0,-0.01967,0.04025,0,0,0.03689,0.03601,0.04362,0,0,0.04069,0.05126,0.07556,0.05219,0.07338
0,0,0,0,0,0,0.07521,0,0,0.04869,0,0,0,0.04833,0,0.02297,0,0,0,0,0,0,0.02106,0,0.01938,0.01851,0.03384,0,0.06028,0.02643,0,0,0.03135,0.02213,0,0.02037,0.0319,0,0.03054,0.04459,0.05395,-0.01736,0,0.0291,0,0,0,0,0,0,0,-0.005683,0,-0.02602,0,0,0,0.04611,0.04098,0.04725,0,0,0.03703,0.04011,0.07325,0.05256,0.07444
0,0,0,0,0,0,0.08585,0,0,0.05539,0,0,0,0.04095,0,0.0232,0,0,0,0,0,0,0.02582,0,0.0167,0.01905,0.0316,0,0.0566,0.03708,0,0,0.03292,0.02335,0,0.02583,0.03542,0,0.02468,0.04467,0.05468,-0.01667,0,0.03259,0,0,0,0,0,0,0,-0.00758,0,-0.02792,0,0,0,0.05612,0.04789,0.05356,0,0,0.03561,0.03277,0.0741,0.05292,0.07585
0,0,0,0,0,0,0.0841,0,0,0.05215,0,0,0,0.03303,0,0.0269,0,0,0,0,0,0,0.03143,0,0.01745,0.02897,0.05897,0,0.05326,0.04234,0,0,0.03883,0.0236,0,0.02614,0.04599,0,0.02082,0.04129,0.05505,-0.01938,0,0.0477,0,0,0,0,0,0,0,-0.009756,0,-0.02818,0,0,0,0.06976,0.05762,0.05809,0,0,0.03385,0.03119,0.07621,0.0531,0.07706
0,0,0,0,0,0,0.09139,0,0,0.05658,0,0,0,0.02627,0,0.02974,0,0,0,0,0,0,0.03728,0,0.02474,0.03789,0.06324,0,0.03697,0.04514,0,0,0.04783,0,0,0.03136,0.04637,0,0.02263,0.03745,0.054,-0.02255,0,0.05164,0,0,0,0,0,0,0,-0.009331,0,-0.02899,0,0,0,0.08376,0.06429,0.05886,0,0,0.03128,0.02779,0.07397,0.05342,0.07813
0,0,0,0,0,0,0.09687,0,0,0.06974,0,0,0,0.03966,0,0.03849,0,0,0,0,0,0,0.03964,0,0.03165,0.04367,0.06578,0,0.01967,0.04707,0,0,0.05763,0,0,0.04063,0.05394,0,0.02587,0.03271,0.05214,-0.02434,0,0.05792,0,0,0,0,0,0,0,-0.01011,0,-0.03153,0,0,0,0.09045,0.06785,0.05757,0,0,0.03037,0.02947,0.07343,0.05347,0.07794
0,0,0,0,0,0,0.07486,0,0,0.08099,0,0,0,0.0486,0,0.0436,0,0,0,0,0,0,0.04039,0,0.03557,0.05274,0.06877,0,0.009305,0.03899,0,0,0.06646,0,0,0.04955,0.05938,0,0.02672,0.02594,0.04973,-0.02903,0,0.06184,0,0,0,0,0,0,0,-0.01065,0,-0.02916,0,0,0,0.09097,0.06647,0.05423,0,0,0.02993,0.03536,0.06974,0.05369,0.07714
0,0,0,0,0,0,0.04989,0,0,0.08847,0,0,0,0.05824,0,0.05166,0,0,0,0,0,0,0.03069,0,0.04185,0.05776,0.07204,0,0.001363,0.02881,0,0,0.07307,0,0,0.04868,0.06641,0,0.0321,0.02054,0.0471,-0.03093,0,0.05586,0,0,0,0,0,0,0,-0.007147,0,-0.0397,0,0,0,0.08316,0.06041,0.04593,0,0,0.03138,0.04113,0.05988,0.05383,0.07668
0,0,0,0,0,0,0.04304,0,0,0.09248,0,0,0,0.0548,0,0.0617,0,0,0,0,0,0,0.02619,0,0.04253,0.05801,0.06112,0,-0.007767,0.01309,0,0,0.07437,0,0,0.04939,0.06617,0,0.04072,0.01886,0.04447,-0.03075,0,0.03951,0,0,0,0,0,0,0,-0.001874,0,-0.04531,0,0,0,0.07939,0.05436,0.03453,0,0,0.03484,0,0.05563,0.05398,0.07654
0,0,0,0,0,0,0.02638,0,0,0.09088,0,0,0,0.05542,0,0.06609,0,0,0,0,0,0,0.02315,0,0.04243,0.05171,0.05129,0,-0.005109,0.003642,0,0,0.07215,0,0,0.04137,0.06824,0,0.04584,0.01496,0.04332,-0.02899,0,0.0173,0,0,0,0,0,0,0,0.001173,0,-0.05167,0,0,0,0.06916,0.04661,0.02605,0,0,0.04212,0,0.04938,0.05404,0.0765
0,0,0,0,0,0,0.01053,0,0,0.07063,0,0,0,0.03856,0,0.06518,0,0,0,0,0,0,0.02058,0,0.03651,0.0499,0.04339,0,0.007279,0.001299,0,0,0.06646,0,0,0.03483,0.06188,0,0.05099,0.01534,0.04231,-0.03023,0,0.0134,0,0,0,0,0,0,0,0.003643,0,-0.05337,0,0,0,0.06104,0.03625,0.01801,0,0,0.05259,0,0.04172,0.05413,0.07734
0,0,0,0,0,0,0,0,0,0.04959,0,0,0,0.04176,0,0.06183,0,0,0,0,0,0,0.01908,0,0.03087,0.03975,0.03419,0,0.03345,-0.003246,0,0,0.0578,0,0,0.02127,0.05265,0,0.05648,0.016,0.04353,-0.03181,0,0.0007301,0,0,0,0,0,0,0,0.006657,0,-0.04799,0,0,0,0.05167,0.03079,0.01293,0,0,0.06264,0,0.03481,0.05407,0.07798
0,0,0,0,0,0,0,0,0,0.03332,0,0,0,0.03668,0,0.05368,0,0,0,0,0,0,0.01944,0,0.02288,0.03251,0.03569,0,0.06002,0,0,0,0.04641,0,0,0.01311,0.03718,0,0.05152,0.01702,0.04607,-0.0344,0,-0.002358,0,0,0,0,0,0,0,0.004294,0,0,0,0,0,0.04341,0.02724,0.0113,0,0,0.07326,0,0.03307,0.05415,0.07776
0,0,0,0,0,0,0,0,0,0.02125,0,0,0,0.03823,0,0.04256,0,0,0,0,0,0,0.01909,0,0.01485,0.02305,0.03936,0,0.08181,0,0,0,0.03744,0,0,0.006617,0.02116,0,0.04686,0.01987,0.04933,-0.03684,0,-0.00603,0,0,0,0,0,0,0,-0.0002963,0,0,0,0,0,0.03598,0.02316,0.02317,0,0,0.07942,0,0.02577,0.05448,0.07721
0,0,0,0,0,0,0,0,0,0.009461,0,0,0,0.03828,0,0.03648,0,0,0,0,0,0,0.01919,0,0.01121,0.01797,0.04682,0,0.1102,0,0,0,0.03341,0,0,0,0.01055,0,0.04298,0.02333,0.05273,-0.0396,0,-0.005245,0,0,0,0,0,0,0,0.004595,0,0,0,0,0,0.03352,0.02059,0.02765,0,0,0.0812,0,0.02269,0.05434,0.07633
0,0,0,0,0,0,0,0,0,0.01194,0,0,0,0.04286,0,0.03234,0,0,0,0,0,0,0.0185,0,0.01116,0.01523,0.05889,0,0.1083,0,0,0,0.03332,0,0,0,-0.0002642,0,0.03696,0.02228,0.05655,-0.04094,0,-0.005943,0,0,0,0,0,0,0,0.003021,0,0,0,0,0,0.03491,0.02284,0.02669,0,0,0.07831,0,0.01623,0.05447,0.07503
0,0,0,0,0,0,0,0,0,0.01596,0,0,0,0.02949,0,0.03013,0,0,0,0,0,0,0.01923,0,0.01,0.02988,0.06795,0,0.1008,0,0,0,0.0378,0,0,0,-0.005139,0,0.03076,0.02664,0.05924,-0.04008,0,-0.0004637,0,0,0,0,0,0,0,0.004886,0,0,0,0,0,0.04724,0.02484,0.03065,0,0,0.07277,0,0.01318,0.05459,0.07471
0,0,0,0,0,0,0,0,0,0.01356,0,0,0,0.02739,0,0.02952,0,0,0,0,0,0,0.0217,0,0.014,0.03826,0.07585,0,0,0,0,0,0.04899,0,0,0,-0.004201,0,0.02217,0.02971,0.05979,-0.03796,0,0.01014,0,0,0,0,0,0,0,0.007679,0,0,0,0,0,0.05958,0.02769,0.03688,0,0,0.06399,0,0.01045,0.05446,0.07481
0,0,0,0,0,0,0,0,0,0.01802,0,0,0,0.03295,0,0.02884,0,0,0,0,0,0,0.02544,0,0.01703,0.04632,0.08482,0,0,0,0,0,0.06144,0,0,0,0.003735,0,0.01909,0.02867,0.06021,-0.0328,0,0.02368,0,0,0,0,0,0,0,0.006927,0,0,0,0,0,0.0741,0.03064,0.04465,0,0,0.05576,0,0.007837,0.05468,0.07524
0,0,0,0,0,0,0,0,0,0.02727,0,0,0,0.04108,0,0.02585,0,0,0,0,0,0,0.03063,0,0.01769,0.06089,0.08576,0,0,0,0,0,0.07017,0,0,0,0.01503,0,0.01535,0.02654,0.05973,-0.02724,0,0.03269,0,0,0,0,0,0,0,0.003146,0,0,0,0,0,0.08617,0.03395,0.04832,0,0,0.04953,0,0.00631,0.0548,0.07557
0,0,0,0,0,0,0,0,0,0.03554,0,0,0,0.04547,0,0.02521,0,0,0,0,0,0,0.03449,0,0.01597,0.06728,0.0839,0,0,0,0,0,0.07841,0,0,0,0.0293,0,0.01556,0.02704,0.05913,-0.0228,0,0.0404,0,0,0,0,0,0,0,0.00408,0,0,0,0,0,0.0973,0.03522,0.05784,0,0,0.04219,0,0.005851,0.05515,0.07526
0,0,0,0,0,0,0,0,0,0.04755,0,0,0,0,0,0.02637,0,0,0,0,0,0,0.03694,0,0.01523,0.07012,0.07864,0,0,0,0,0,0.08308,0,0,0,0.04779,0,0.0177,0.02273,0.05707,-0.0213,0,0.05808,0,0,0,0,0,0,0,0,0,0,0,0,0,0.1092,0.03703,0.06426,0,0,0.04239,0,0.0069,0.05459,0.07666
0,0,0,0,0,0,0,0,0,0.06067,0,0,0,0,0,0.02749,0,0,0,0,0,0,0.03819,0,0.01089,0.06533,0.06746,0,0,0,0,0,0.07915,0,0,0,0.0634,0,0.01986,0.01966,0.05432,-0.02227,0,0.05775,0,0,0,0,0,0,0,0,0,0,0,0,0,0.1114,0.03773,0.06888,0,0,0.04284,0,0.006766,0.05467,0.0749
0,0,0,0,0,0,0,0,0,0.07158,0,0,0,0,0,0.03523,0,0,0,0,0,0,0.03827,0,0.006196,0.06325,0.05681,0,0,0,0,0,0.07176,0,0,0,0.07675,0,0.02289,0.01782,0.05169,-0.02387,0,0.05394,0,0,0,0,0,0,0,0,0,0,0,0,0,0.1074,0.0349,0.07109,0,0,0.04416,0,0.007932,0.05477,0.07322
0,0,0,0,0,0,0,0,0,0.0731,0,0,0,0,0,0.039,0,0,0,0,0,0,0.0355,0,0.004719,0.05426,0.04562,0,0,0,0,0,0.06301,0,0,0,0.08494,0,0.02713,0.01849,0.04944,-0.02601,0,0.05359,0,0,0,0,0,0,0,0,0,0,0,0,0,0.1007,0.03127,0.07047,0,0,0.04789,0,0.008444,0.05439,0.0721
0,0,0,0,0,0,0,0,0,0.07494,0,0,0,0,0,0.04219,0,0,0,0,0,0,0.03117,0,0.007142,0.0448,0.03723,0,0,0,0,0,0.05366,0,0,0,0.08836,0,0.03128,0.01632,0.04741,-0.02703,0,0.04798,0,0,0,0,0,0,0,0,0,0,0,0,0,0.08886,0.02796,0.0644,0,0,0.05476,0,0.009423,0.05351,0.07122
0,0,0,0,0,0,0,0,0,0.06008,0,0,0,0,0,0.04677,0,0,0,0,0,0,0.02961,0,0.006008,0.03015,0.03956,0,0,0,0,0,0.0439,0,0,0,0.0768,0,0.03396,0.01652,0.04628,-0.02561,0,0.03196,0,0,0,0,0,0,0,0,0,0,0,0,0,0.07128,0.02469,0.05449,0,0,0.05951,0,0.009177,0.05376,0.07003
0,0,0,0,0,0,0,0,0,0,0,0,0,0,0,0.04908,0,0,0,0,0,0,0.02322,0,0.006778,0.02457,0.05134,0,0,0,0,0,0.03645,0,0,0,0.06164,0,0.0385,0.01635,0.04731,-0.02434,0,0.02306,0,0,0,0,0,0,0,0,0,0,0,0,0,0.05381,0.0214,0.04444,0,0,0.06297,0,0.006912,0.05367,0.07172
0,0,0,0,0,0,0,0,0,0,0,0,0,0,0,0.04452,0,0,0,0,0,0,0.02389,0,0.008015,0.019,0.06142,0,0,0,0,0,0.03387,0,0,0,0.04314,0,0.03794,0.0172,0.04998,-0.02525,0,0.02217,0,0,0,0,0,0,0,0,0,0,0,0,0,0.04223,0.02005,0.03273,0,0,0.06718,0,0.006601,0.05322,0.07223
0,0,0,0,0,0,0,0,0,0,0,0,0,0,0,0.04028,0,0,0,0,0,0,0.02389,0,0.009302,0.02474,0.07679,0,0,0,0,0,0.03898,0,0,0,0.02351,0,0.03591,0.01773,0.05231,-0.02546,0,0.02003,0,0,0,0,0,0,0,0,0,0,0,0,0,0.03425,0.01769,0.02129,0,0,0.06958,0,0.00711,0.05428,0.07226
0,0,0,0,0,0,0,0,0,0,0,0,0,0,0,0.03765,0,0,0,0,0,0,0.0213,0,0.00858,0.03326,0.08582,0,0,0,0,0,0.04229,0,0,0,0.002912,0,0.02974,0.02123,0.05551,-0.02802,0,0.02739,0,0,0,0,0,0,0,0,0,0,0,0,0,0.02931,0.01727,0.01206,0,0,0.06842,0,0.006244,0.0553,0.07189
0,0,0,0,0,0,0,0,0,0,0,0,0,0,0,0.03234,0,0,0,0,0,0,0.02112,0,0.01099,0.04857,0.09352,0,0,0,0,0,0.05033,0,0,0,-0.002403,0,0.02467,0.01869,0.05895,-0.03086,0,0.02607,0,0,0,0,0,0,0,0,0,0,0,0,0,0.02945,0.01742,0.006931,0,0,0.06833,0,0.008028,0.05581,0.07061
0,0,0,0,0,0,0,0,0,0,0,0,0,0,0,0.02922,0,0,0,0,0,0,0.0244,0,0.00763,0.05748,0.09071,0,0,0,0,0,0.05948,0,0,0,-0.001972,0,0.01753,0.01969,0.06146,-0.03443,0,0.03424,0,0,0,0,0,0,0,0,0,0,0,0,0,0.03728,0.01709,0.003945,0,0,0.06692,0,0.009923,0.05532,0.06919
0,0,0,0,0,0,0,0,0,0,0,0,0,0,0,0.02506,0,0,0,0,0,0,0.02311,0,0.008983,0.07097,0.08565,0,0,0,0,0,0.0695,0,0,0,0.006876,0,0.01406,0.01837,0.06237,-0.03411,0,0.04333,0,0,0,0,0,0,0,0,0,0,0,0,0,0.05374,0.02091,0.006207,0,0,0.0647,0,0.01432,0.05605,0.06732
0,0,0,0,0,0,0,0,0,0,0,0,0,0,0,0.02419,0,0,0,0,0,0,0.02483,0,0.006921,0.06735,0.0752,0,0,0,0,0,0.0745,0,0,0,0.02052,0,0.01038,0.01873,0.06296,-0.03515,0,0.04639,0,0,0,0,0,0,0,0,0,0,0,0,0,0.06963,0.02568,0.01804,0,0,0.05886,0,0.01948,0.05636,0.06895
0,0,0,0,0,0,0,0,0,0,0,0,0,0,0,0.02147,0,0,0,0,0,0,0.02533,0,0.01271,0.06432,0.06498,0,0,0,0,0,0.07785,0,0,0,0.04503,0,0.009322,0.01664,0.06215,-0.03415,0,0.04548,0,0,0,0,0,0,0,0,0,0,0,0,0,0.09004,0.03044,0,0,0,0.05449,0,0.0215,0.0564,0.06911
0,0,0,0,0,0,0,0,0,0,0,0,0,0,0,0.03291,0,0,0,0,0,0,0.02422,0,0.0129,0.05126,0.05281,0,0,0,0,0,0.07729,0,0,0,0.05995,0,0.01253,0.01676,0.06031,-0.03345,0,0.04539,0,0,0,0,0,0,0,0,0,0,0,0,0,0.1081,0.03338,0,0,0,0.04578,0,0.02502,0.0565,0.07017
0,0,0,0,0,0,0,0,0,0,0,0,0,0,0,0.04112,0,0,0,0,0,0,0.02465,0,0.01164,0.04438,0.04043,0,0,0,0,0,0.07158,0,0,0,0.07273,0,0.01362,0.01587,0.05646,-0.0312,0,0.0385,0,0,0,0,0,0,0,0,0,0,0,0,0,0.1181,0.03455,0,0,0,0.03964,0,0.0291,0.05773,0.06731
0,0,0,0,0,0,0,0,0,0,0,0,0,0,0,0.04676,0,0,0,0,0,0,0.02328,0,0.01006,0.02867,0.03282,0,0,0,0,0,0.06057,0,0,0,0.08218,0,0.01623,0.01447,0.05372,-0.02847,0,0.02056,0,0,0,0,0,0,0,0,0,0,0,0,0,0.112,0.03346,0,0,0,0.03312,0,0.03242,0.05773,0.06863
0,0,0,0,0,0,0,0,0,0,0,0,0,0,0,0.05709,0,0,0,0,0,0,0.02063,0,0.01099,0.02041,0.03132,0,0,0,0,0,0.04804,0,0,0,0.08668,0,0.02028,0.01455,0.0509,-0.02642,0,0.008688,0,0,0,0,0,0,0,0,0,0,0,0,0,0.1051,0.03108,0,0,0,0.03075,0,0.03195,0.057,0.06401
0,0,0,0,0,0,0,0,0,0,0,0,0,0,0,0.0622,0,0,0,0,0,0,0,0,0.009891,0.009853,0.03033,0,0,0,0,0,0.03813,0,0,0,0.07874,0,0.02576,0.01309,0.04913,-0.02463,0,-0.002817,0,0,0,0,0,0,0,0,0,0,0,0,0,0.09263,0.02869,0,0,0,0.02957,0,0.03835,0.05659,0.06313
0,0,0,0,0,0,0,0,0,0,0,0,0,0,0,0.06493,0,0,0,0,0,0,0,0,0.007516,0.004317,0.03502,0,0,0,0,0,0.03123,0,0,0,0.07709,0,0.03094,0.01313,0.04799,-0.02535,0,-0.006309,0,0,0,0,0,0,0,0,0,0,0,0,0,0.07385,0.02499,0,0,0,0.03236,0,0.03914,0.05603,0.06161
0,0,0,0,0,0,0,0,0,0,0,0,0,0,0,0.06421,0,0,0,0,0,0,0,0,0.007661,0.003114,0.04005,0,0,0,0,0,0.0282,0,0,0,0.06775,0,0.04044,0.01309,0.04976,-0.02607,0,0,0,0,0,0,0,0,0,0,0,0,0,0,0,0.0542,0.02158,0,0,0,0.0341,0,0.04439,0.05503,0.06339
0,0,0,0,0,0,0,0,0,0,0,0,0,0,0,0.06169,0,0,0,0,0,0,0,0,0.007732,0.01161,0.04826,0,0,0,0,0,0.03068,0,0,0,0.05024,0,0.04978,0.01702,0.05069,-0.02893,0,0,0,0,0,0,0,0,0,0,0,0,0,0,0,0.03613,0.01814,0,0,0,0.04413,0,0.04351,0.05412,0.06254
0,0,0,0,0,0,0,0,0,0,0,0,0,0,0,0.05408,0,0,0,0,0,0,0,0,0.007479,0.03167,0.05634,0,0,0,0,0,0.03884,0,0,0,0.02989,0,0.04884,0.01498,0.0528,-0.02933,0,0,0,0,0,0,0,0,0,0,0,0,0,0,0,0.02434,0.01595,0,0,0,0,0,0.04604,0.0553,0.06357
0,0,0,0,0,0,0,0,0,0,0,0,0,0,0,0.04446,0,0,0,0,0,0,0,0,0.008208,0.04951,0.06155,0,0,0,0,0,0.0516,0,0,0,0.01724,0,0.05108,0.01727,0.05533,-0.02932,0,0,0,0,0,0,0,0,0,0,0,0,0,0,0,0.01431,0.01295,0,0,0,0,0,0.04479,0.0554,0.06337
0,0,0,0,0,0,0,0,0,0,0,0,0,0,0,0.03946,0,0,0,0,0,0,0,0,0.01387,0.07088,0.06076,0,0,0,0,0,0.06366,0,0,0,-0.001978,0,0.04914,0.02118,0.05831,-0.02778,0,0,0,0,0,0,0,0,0,0,0,0,0,0,0,0.01089,0.01273,0,0,0,0,0,0.04393,0.05543,0.06291
0,0,0,0,0,0,0,0,0,0,0,0,0,0,0,0.02774,0,0,0,0,0,0,0,0,0.01765,0.08262,0.06205,0,0,0,0,0,0.07512,0,0,0,0,0,0.04453,0.02308,0.06079,-0.02687,0,0,0,0,0,0,0,0,0,0,0,0,0,0,0,0.01508,0.01392,0,0,0,0,0,0.04044,0.05636,0.0599
0,0,0,0,0,0,0,0,0,0,0,0,0,0,0,0.0277,0,0,0,0,0,0,0,0,0.0237,0.08637,0.05407,0,0,0,0,0,0.08261,0,0,0,0,0,0.03837,0.02139,0.06288,-0.02713,0,0,0,0,0,0,0,0,0,0,0,0,0,0,0,0.02716,0.0158,0,0,0,0,0,0.03884,0.05534,0.06019
0,0,0,0,0,0,0,0,0,0,0,0,0,0,0,0.02634,0,0,0,0,0,0,0,0,0.02878,0.08768,0.04264,0,0,0,0,0,0.08546,0,0,0,0,0,0.03467,0.02366,0.06488,-0.02763,0,0,0,0,0,0,0,0,0,0,0,0,0,0,0,0.04462,0.01871,0,0,0,0,0,0.03702,0.05414,0.05746
0,0,0,0,0,0,0,0,0,0,0,0,0,0,0,0.02825,0,0,0,0,0,0,0,0,0.0345,0.07842,0.03493,0,0,0,0,0,0.07992,0,0,0,0,0,0.02874,0.02573,0.06501,-0.02945,0,0,0,0,0,0,0,0,0,0,0,0,0,0,0,0.0609,0.02194,0,0,0,0,0,0.03847,0.05303,0.05661
0,0,0,0,0,0,0,0,0,0,0,0,0,0,0,0.03171,0,0,0,0,0,0,0,0,0.03346,0.059,0.02678,0,0,0,0,0,0.07188,0,0,0,0,0,0.02608,0.02812,0.06281,-0.03205,0,0,0,0,0,0,0,0,0,0,0,0,0,0,0,0.07467,0.02307,0,0,0,0,0,0.04133,0.05229,0.05508
0,0,0,0,0,0,0,0,0,0,0,0,0,0,0,0.0331,0,0,0,0,0,0,0,0,0.0293,0.04358,0.01901,0,0,0,0,0,0.06053,0,0,0,0,0,0.02384,0.03194,0.05922,-0.03408,0,0,0,0,0,0,0,0,0,0,0,0,0,0,0,0.08471,0.0225,0,0,0,0,0,0.04186,0.05074,0.0555
0,0,0,0,0,0,0,0,0,0,0,0,0,0,0,0.044,0,0,0,0,0,0,0,0,0.02498,0.02555,0.01612,0,0,0,0,0,0.04897,0,0,0,0,0,0.02269,0.03796,0.05592,-0.03501,0,0,0,0,0,0,0,0,0,0,0,0,0,0,0,0.09232,0.02109,0,0,0,0,0,0.0435,0.05036,0.05467
0,0,0,0,0,0,0,0,0,0,0,0,0,0,0,0.05126,0,0,0,0,0,0,0,0,0.01742,0.01478,0.01719,0,0,0,0,0,0.03716,0,0,0,0,0,0.02137,0.03959,0.0507,-0.03612,0,0,0,0,0,0,0,0,0,0,0,0,0,0,0,0.0905,0.01857,0,0,0,0,0,0.04504,0.04965,0.0573
0,0,0,0,0,0,0,0,0,0,0,0,0,0,0,0.06639,0,0,0,0,0,0,0,0,0.01076,0.01069,0.02239,0,0,0,0,0,0.02826,0,0,0,0,0,0.02901,0.04712,0.04593,-0.03814,0,0,0,0,0,0,0,0,0,0,0,0,0,0,0,0.08668,0.02031,0,0,0,0,0,0.04357,0.05019,0.05845
0,0,0,0,0,0,0,0,0,0,0,0,0,0,0,0.08032,0,0,0,0,0,0,0,0,0.004101,0.01496,0.02737,0,0,0,0,0,0.0241,0,0,0,0,0,0.03392,0.04073,0.04392,-0.0371,0,0,0,0,0,0,0,0,0,0,0,0,0,0,0,0.07738,0.02265,0,0,0,0,0,0.04136,0.05021,0.05747
0,0,0,0,0,0,0,0,0,0,0,0,0,0,0,0.08474,0,0,0,0,0,0,0,0,0.003472,0.02453,0.0328,0,0,0,0,0,0.02871,0,0,0,0,0,0.03703,0.03903,0.04288,-0.03874,0,0,0,0,0,0,0,0,0,0,0,0,0,0,0,0.0653,0.02602,0,0,0,0,0,0.04123,0.04996,0.05927
0,0,0,0,0,0,0,0,0,0,0,0,0,0,0,0.07941,0,0,0,0,0,0,0,0,0.005158,0.03791,0.04154,0,0,0,0,0,0.038,0,0,0,0,0,0.03852,0.0327,0.04166,-0.03509,0,0,0,0,0,0,0,0,0,0,0,0,0,0,0,0.04817,0.02503,0,0,0,0,0,0.04098,0.05085,0.05806
0,0,0,0,0,0,0,0,0,0,0,0,0,0,0,0.07433,0,0,0,0,0,0,0,0,0.00947,0.0528,0.05103,0,0,0,0,0,0.0511,0,0,0,0,0,0.04303,0.02909,0.04431,-0.02716,0,0,0,0,0,0,0,0,0,0,0,0,0,0,0,0.03357,0.02569,0,0,0,0,0,0.04034,0.04992,0.05836
0,0,0,0,0,0,0,0,0,0,0,0,0,0,0,0.06144,0,0,0,0,0,0,0,0,0.01196,0.06725,0.0504,0,0,0,0,0,0.06345,0,0,0,0,0,0.03703,0.01634,0.04714,-0.02067,0,0,0,0,0,0,0,0,0,0,0,0,0,0,0,0.01629,0.02393,0,0,0,0,0,0.03986,0.04891,0.05862
0,0,0,0,0,0,0,0,0,0,0,0,0,0,0,0.04983,0,0,0,0,0,0,0,0,0.01715,0.07201,0.05126,0,0,0,0,0,0.07382,0,0,0,0,0,0.02913,0.01397,0.04988,-0.0141,0,0,0,0,0,0,0,0,0,0,0,0,0,0,0,0.01182,0.02223,0,0,0,0,0,0.04075,0.04915,0.05979
0,0,0,0,0,0,0,0,0,0,0,0,0,0,0,0,0,0,0,0,0,0,0,0,0.01997,0.07774,0.04967,0,0,0,0,0,0.08057,0,0,0,0,0,0.02601,0.005307,0.05151,-0.01341,0,0,0,0,0,0,0,0,0,0,0,0,0,0,0,0.01159,0.01879,0,0,0,0,0,0.03767,0.04937,0.06031
0,0,0,0,0,0,0,0,0,0,0,0,0,0,0,0,0,0,0,0,0,0,0,0,0.01828,0.06983,0.04316,0,0,0,0,0,0.08181,0,0,0,0,0,0.02239,0.003417,0.0546,-0.01682,0,0,0,0,0,0,0,0,0,0,0,0,0,0,0,0.01888,0.0176,0,0,0,0,0,0.03547,0.04898,0.06024
0,0,0,0,0,0,0,0,0,0,0,0,0,0,0,0,0,0,0,0,0,0,0,0,0.02502,0.05933,0.03152,0,0,0,0,0,0.07666,0,0,0,0,0,0.01571,-0.000991,0.05625,-0.01182,0,0,0,0,0,0,0,0,0,0,0,0,0,0,0,0.03166,0.01323,0,0,0,0,0,0.03853,0.04936,0.06096
0,0,0,0,0,0,0,0,0,0,0,0,0,0,0,0,0,0,0,0,0,0,0,0,0.01846,0.0403,0.026,0,0,0,0,0,0.0683,0,0,0,0,0,0.01126,-0.003462,0.05776,0.002135,0,0,0,0,0,0,0,0,0,0,0,0,0,0,0,0.05206,0.01458,0,0,0,0,0,0.03973,0.05008,0.05818
0,0,0,0,0,0,0,0,0,0,0,0,0,0,0,0,0,0,0,0,0,0,0,0,0.01117,0.02745,0.01988,0,0,0,0,0,0.05433,0,0,0,0,0,0.01234,0.000205,0.05807,0.01216,0,0,0,0,0,0,0,0,0,0,0,0,0,0,0,0.07247,0.01357,0,0,0,0,0,0.03652,0.04884,0.05926
0,0,0,0,0,0,0,0,0,0,0,0,0,0,0,0,0,0,0,0,0,0,0,0,0.02046,0.01032,0.01879,0,0,0,0,0,0.04013,0,0,0,0,0,0.0124,0.006363,0.06063,0.01513,0,0,0,0,0,0,0,0,0,0,0,0,0,0,0,0.08566,0.01703,0,0,0,0,0,0.03464,0.0481,0.05792
0,0,0,0,0,0,0,0,0,0,0,0,0,0,0,0,0,0,0,0,0,0,0,0,0.0124,0,0.01913,0,0,0,0,0,0.02944,0,0,0,0,0,0.01162,0.0117,0.0583,0.02478,0,0,0,0,0,0,0,0,0,0,0,0,0,0,0,0.1017,0.01867,0,0,0,0,0,0.03633,0.04748,0.05973
0,0,0,0,0,0,0,0,0,0,0,0,0,0,0,0,0,0,0,0,0,0,0,0,0,0,0.02919,0,0,0,0,0,0.02338,0,0,0,0,0,0.01215,0.01949,0.05657,0.03315,0,0,0,0,0,0,0,0,0,0,0,0,0,0,0,0.1072,0.01924,0,0,0,0,0,0.03603,0.04809,0.05632
0,0,0,0,0,0,0,0,0,0,0,0,0,0,0,0,0,0,0,0,0,0,0,0,0,0,0.04165,0,0,0,0,0,0.02242,0,0,0,0,0,0.01393,0.0207,0.0527,0.04565,0,0,0,0,0,0,0,0,0,0,0,0,0,0,0,0.104,0.01916,0,0,0,0,0,0.03524,0.04688,0.05985
0,0,0,0,0,0,0,0,0,0,0,0,0,0,0,0,0,0,0,0,0,0,0,0,0,0,0.05886,0,0,0,0,0,0.02668,0,0,0,0,0,0.01435,0.0189,0.05052,0.0609,0,0,0,0,0,0,0,0,0,0,0,0,0,0,0,0.09133,0.01725,0,0,0,0,0,0.03592,0.04656,0.05858
0,0,0,0,0,0,0,0,0,0,0,0,0,0,0,0,0,0,0,0,0,0,0,0,0,0,0.07419,0,0,0,0,0,0.04347,0,0,0,0,0,0.0167,0.01945,0.0473,0.06586,0,0,0,0,0,0,0,0,0,0,0,0,0,0,0,0.07298,0.01507,0,0,0,0,0,0.03944,0.04759,0.0567
0,0,0,0,0,0,0,0,0,0,0,0,0,0,0,0,0,0,0,0,0,0,0,0,0,0,0.08296,0,0,0,0,0,0.05665,0,0,0,0,0,0.01822,0.01446,0.04728,0.07009,0,0,0,0,0,0,0,0,0,0,0,0,0,0,0,0.05516,0.01326,0,0,0,0,0,0.04056,0.04718,0.05637
0,0,0,0,0,0,0,0,0,0,0,0,0,0,0,0,0,0,0,0,0,0,0,0,0,0,0.0875,0,0,0,0,0,0.07297,0,0,0,0,0,0.01795,0.01075,0.04525,0.07088,0,0,0,0,0,0,0,0,0,0,0,0,0,0,0,0.03956,0.01226,0,0,0,0,0,0.03948,0.04648,0.05802
0,0,0,0,0,0,0,0,0,0,0,0,0,0,0,0,0,0,0,0,0,0,0,0,0,0,0.08363,0,0,0,0,0,0.08419,0,0,0,0,0,0.01873,0.0121,0.04482,0.07528,0,0,0,0,0,0,0,0,0,0,0,0,0,0,0,0.0282,0.009901,0,0,0,0,0,0.03936,0.04661,0.05541
0,0,0,0,0,0,0,0,0,0,0,0,0,0,0,0,0,0,0,0,0,0,0,0,0,0,0.0687,0,0,0,0,0,0.09165,0,0,0,0,0,0.01622,0.01291,0.04586,0.0874,0,0,0,0,0,0,0,0,0,0,0,0,0,0,0,0.02225,0.01131,0,0,0,0,0,0.04379,0.04687,0.05512
0,0,0,0,0,0,0,0,0,0,0,0,0,0,0,0,0,0,0,0,0,0,0,0,0,0,0.05526,0,0,0,0,0,0.0862,0,0,0,0,0,0.01365,0.01461,0.04845,0.07954,0,0,0,0,0,0,0,0,0,0,0,0,0,0,0,0.02185,0.01154,0,0,0,0,0,0.04205,0.04625,0.05695
0,0,0,0,0,0,0,0,0,0,0,0,0,0,0,0,0,0,0,0,0,0,0,0,0,0,0.04465,0,0,0,0,0,0.07498,0,0,0,0,0,0.01249,0.02289,0.05196,0.07239,0,0,0,0,0,0,0,0,0,0,0,0,0,0,0,0.02391,0.009277,0,0,0,0,0,0.04259,0.04655,0.05651
0,0,0,0,0,0,0,0,0,0,0,0,0,0,0,0,0,0,0,0,0,0,0,0,0,0,0.03127,0,0,0,0,0,0.05786,0,0,0,0,0,0.01188,0.0335,0.05776,0.07063,0,0,0,0,0,0,0,0,0,0,0,0,0,0,0,0.03452,0.0104,0,0,0,0,0,0.04744,0.04472,0.05684
0,0,0,0,0,0,0,0,0,0,0,0,0,0,0,0,0,0,0,0,0,0,0,0,0,0,0.02179,0,0,0,0,0,0.04328,0,0,0,0,0,0.01035,0.04279,0.06328,0.06354,0,0,0,0,0,0,0,0,0,0,0,0,0,0,0,0.05049,0.0149,0,0,0,0,0,0.0488,0.04507,0.05782
0,0,0,0,0,0,0,0,0,0,0,0,0,0,0,0,0,0,0,0,0,0,0,0,0,0,0.02509,0,0,0,0,0,0.03127,0,0,0,0,0,0.01113,0.05044,0.06848,0.06986,0,0,0,0,0,0,0,0,0,0,0,0,0,0,0,0.07049,0.01909,0,0,0,0,0,0.04566,0.04478,0.05995
0,0,0,0,0,0,0,0,0,0,0,0,0,0,0,0,0,0,0,0,0,0,0,0,0,0,0.03895,0,0,0,0,0,0.02088,0,0,0,0,0,0.01238,0.07147,0.06925,0.07586,0,0,0,0,0,0,0,0,0,0,0,0,0,0,0,0.08827,0.0213,0,0,0,0,0,0.05031,0.04421,0.05936
0,0,0,0,0,0,0,0,0,0,0,0,0,0,0,0,0,0,0,0,0,0,0,0,0,0,0.04474,0,0,0,0,0,0.01847,0,0,0,0,0,0.01078,0,0.06774,0.08074,0,0,0,0,0,0,0,0,0,0,0,0,0,0,0,0.09975,0.02123,0,0,0,0,0,0.05499,0.0447,0.0601
0,0,0,0,0,0,0,0,0,0,0,0,0,0,0,0,0,0,0,0,0,0,0,0,0,0,0.06241,0,0,0,0,0,0.02386,0,0,0,0,0,0.009519,0,0.0632,0.08752,0,0,0,0,0,0,0,0,0,0,0,0,0,0,0,0.1032,0.01985,0,0,0,0,0,0.046,0.04456,0.05941
0,0,0,0,0,0,0,0,0,0,0,0,0,0,0,0,0,0,0,0,0,0,0,0,0,0,0.07811,0,0,0,0,0,0.03671,0,0,0,0,0,0.01214,0,0.05744,0.09668,0,0,0,0,0,0,0,0,0,0,0,0,0,0,0,0.09711,0.01786,0,0,0,0,0,0.04748,0.04449,0.05865
0,0,0,0,0,0,0,0,0,0,0,0,0,0,0,0,0,0,0,0,0,0,0,0,0,0,0.08675,0,0,0,0,0,0.0492,0,0,0,0,0,0.01241,0,0.04892,0.09926,0,0,0,0,0,0,0,0,0,0,0,0,0,0,0,0.08423,0.01495,0,0,0,0,0,0.05331,0.04384,0.05829
0,0,0,0,0,0,0,0,0,0,0,0,0,0,0,0,0,0,0,0,0,0,0,0,0,0,0.08648,0,0,0,0,0,0.0659,0,0,0,0,0,0.01227,0,0.04329,0.09632,0,0,0,0,0,0,0,0,0,0,0,0,0,0,0,0.0665,0.01268,0,0,0,0,0,0.04743,0.04464,0.0611
0,0,0,0,0,0,0,0,0,0,0,0,0,0,0,0,0,0,0,0,0,0,0,0,0,0,0.08601,0,0,0,0,0,0.08003,0,0,0,0,0,0.01521,0,0.03979,0.09503,0,0,0,0,0,0,0,0,0,0,0,0,0,0,0,0.05341,0.01263,0,0,0,0,0,0.04337,0.04471,0.05955
0,0,0,0,0,0,0,0,0,0,0,0,0,0,0,0,0,0,0,0,0,0,0,0,0,0,0.07541,0,0,0,0,0,0.08912,0,0,0,0,0,0.01814,0,0.03569,0.08417,0,0,0,0,0,0,0,0,0,0,0,0,0,0,0,0.03636,0.01229,0,0,0,0,0,0.04547,0.04487,0.05995
0,0,0,0,0,0,0,0,0,0,0,0,0,0,0,0,0,0,0,0,0,0,0,0,0,0,0.06147,0,0,0,0,0,0.08678,0,0,0,0,0,0.0195,0,0.03531,0.07602,0,0,0,0,0,0,0,0,0,0,0,0,0,0,0,0.02348,0.009722,0,0,0,0,0,0.04329,0.04697,0.05971
0,0,0,0,0,0,0,0,0,0,0,0,0,0,0,0,0,0,0,0,0,0,0,0,0,0,0.0491,0,0,0,0,0,0.07835,0,0,0,0,0,0.01829,0,0.0409,0.06675,0,0,0,0,0,0,0,0,0,0,0,0,0,0,0,0.01641,0.006797,0,0,0,0,0,0.03641,0.04579,0.06253
0,0,0,0,0,0,0,0,0,0,0,0,0,0,0,0,0,0,0,0,0,0,0,0,0,0,0.03195,0,0,0,0,0,0.06528,0,0,0,0,0,0.01639,0,0.04344,0.05447,0,0,0,0,0,0,0,0,0,0,0,0,0,0,0,0.007717,0.00794,0,0,0,0,0,0.03726,0.04612,0.0587
0,0,0,0,0,0,0,0,0,0,0,0,0,0,0,0,0,0,0,0,0,0,0,0,0,0,0.0228,0,0,0,0,0,0.04877,0,0,0,0,0,0.01217,0,0.04661,0.04044,0,0,0,0,0,0,0,0,0,0,0,0,0,0,0,0.006576,0.01221,0,0,0,0,0,0.04152,0.04376,0.05786
0,0,0,0,0,0,0,0,0,0,0,0,0,0,0,0,0,0,0,0,0,0,0,0,0,0,0.01466,0,0,0,0,0,0.03427,0,0,0,0,0,0.008395,0,0.05141,0.0329,0,0,0,0,0,0,0,0,0,0,0,0,0,0,0,0.01147,0.01224,0,0,0,0,0,0.04155,0.04462,0.06059
0,0,0,0,0,0,0,0,0,0,0,0,0,0,0,0,0,0,0,0,0,0,0,0,0,0,0.01933,0,0,0,0,0,0.02473,0,0,0,0,0,0.005728,0,0.05531,0.0255,0,0,0,0,0,0,0,0,0,0,0,0,0,0,0,0.02711,0.01608,0,0,0,0,0,0.04073,0.04279,0.06087
0,0,0,0,0,0,0,0,0,0,0,0,0,0,0,0,0,0,0,0,0,0,0,0,0,0,0.0345,0,0,0,0,0,0.0209,0,0,0,0,0,0.003929,0,0.05572,0.02489,0,0,0,0,0,0,0,0,0,0,0,0,0,0,0,0.05044,0.01858,0,0,0,0,0,0.04574,0.0451,0.05582
0,0,0,0,0,0,0,0,0,0,0,0,0,0,0,0,0,0,0,0,0,0,0,0,0,0,0.0524,0,0,0,0,0,0.02275,0,0,0,0,0,0.002184,0,0.05921,0.02866,0,0,0,0,0,0,0,0,0,0,0,0,0,0,0,0.07402,0.01722,0,0,0,0,0,0.0518,0.04404,0.05889
0,0,0,0,0,0,0,0,0,0,0,0,0,0,0,0,0,0,0,0,0,0,0,0,0,0,0.07205,0,0,0,0,0,0.02733,0,0,0,0,0,0.002345,0,0.06205,0.04131,0,0,0,0,0,0,0,0,0,0,0,0,0,0,0,0.09931,0.01623,0,0,0,0,0,0.04624,0.04761,0.06286
0,0,0,0,0,0,0,0,0,0,0,0,0,0,0,0,0,0,0,0,0,0,0,0,0,0,0.08961,0,0,0,0,0,0.03321,0,0,0,0,0,0.001817,0,0.06247,0.04788,0,0,0,0,0,0,0,0,0,0,0,0,0,0,0,0.1165,0.01778,0,0,0,0,0,0.0444,0.04657,0.0609
0,0,0,0,0,0,0,0,0,0,0,0,0,0,0,0,0,0,0,0,0,0,0,0,0,0,0.09649,0,0,0,0,0,0.04519,0,0,0,0,0,0.001288,0,0.06016,0.06181,0,0,0,0,0,0,0,0,0,0,0,0,0,0,0,0.1326,0.01698,0,0,0,0,0,0.04785,0.0467,0.06402
0,0,0,0,0,0,0,0,0,0,0,0,0,0,0,0,0,0,0,0,0,0,0,0,0,0,0.08887,0,0,0,0,0,0.05933,0,0,0,0,0,0.001414,0,0.05354,0.07331,0,0,0,0,0,0,0,0,0,0,0,0,0,0,0,0.127,0.01821,0,0,0,0,0,0.04709,0.04856,0.06591
0,0,0,0,0,0,0,0,0,0,0,0,0,0,0,0,0,0,0,0,0,0,0,0,0,0,0.07896,0,0,0,0,0,0.06775,0,0,0,0,0,0.001067,0,0.04729,0.08926,0,0,0,0,0,0,0,0,0,0,0,0,0,0,0,0.1101,0.009875,0,0,0,0,0,0.04263,0.04842,0.06282
0,0,0,0,0,0,0,0,0,0,0,0,0,0,0,0,0,0,0,0,0,0,0,0,0,0,0.06505,0,0,0,0,0,0.07677,0,0,0,0,0,-0.001924,0,0.03884,0.09655,0,0,0,0,0,0,0,0,0,0,0,0,0,0,0,0.08693,-0.001903,0,0,0,0,0,0.04455,0.04898,0.06119
0,0,0,0,0,0,0,0,0,0,0,0,0,0,0,0,0,0,0,0,0,0,0,0,0,0,0.04807,0,0,0,0,0,0.07902,0,0,0,0,0,-0.002765,0,0.03565,0.1067,0,0,0,0,0,0,0,0,0,0,0,0,0,0,0,0.06429,-5.2e-005,0,0,0,0,0,0.0501,0.05007,0.05795
0,0,0,0,0,0,0,0,0,0,0,0,0,0,0,0,0,0,0,0,0,0,0,0,0,0,0.0335,0,0,0,0,0,0.06973,0,0,0,0,0,-0.001851,0,0.03616,0.1,0,0,0,0,0,0,0,0,0,0,0,0,0,0,0,0.03684,-0.002438,0,0,0,0,0,0.05118,0.04867,0.05378
0,0,0,0,0,0,0,0,0,0,0,0,0,0,0,0,0,0,0,0,0,0,0,0,0,0,0.02077,0,0,0,0,0,0.05453,0,0,0,0,0,-0.002663,0,0.0406,0.09551,0,0,0,0,0,0,0,0,0,0,0,0,0,0,0,0.01285,-0.004466,0,0,0,0,0,0.04819,0.04918,0.05185
0,0,0,0,0,0,0,0,0,0,0,0,0,0,0,0,0,0,0,0,0,0,0,0,0,0,0.01433,0,0,0,0,0,0.04039,0,0,0,0,0,-0.003155,0,0.0429,0.07914,0,0,0,0,0,0,0,0,0,0,0,0,0,0,0,0.001406,-0.009612,0,0,0,0,0,0.05011,0.04879,0.05291
0,0,0,0,0,0,0,0,0,0,0,0,0,0,0,0,0,0,0,0,0,0,0,0,0,0,0.01169,0,0,0,0,0,0.02432,0,0,0,0,0,-0.004899,0,0.04905,0.06624,0,0,0,0,0,0,0,0,0,0,0,0,0,0,0,-0.006367,0,0,0,0,0,0,0.05322,0.04731,0.04832
0,0,0,0,0,0,0,0,0,0,0,0,0,0,0,0,0,0,0,0,0,0,0,0,0,0,0.02049,0,0,0,0,0,0.01482,0,0,0,0,0,-0.01013,0,0.05191,0.05084,0,0,0,0,0,0,0,0,0,0,0,0,0,0,0,-0.006731,0,0,0,0,0,0,0.04937,0.04846,0.04862
0,0,0,0,0,0,0,0,0,0,0,0,0,0,0,0,0,0,0,0,0,0,0,0,0,0,0.03383,0,0,0,0,0,0.008218,0,0,0,0,0,-0.01436,0,0.05543,0.0422,0,0,0,0,0,0,0,0,0,0,0,0,0,0,0,-0.002101,0,0,0,0,0,0,0.0466,0.04857,0.0461
0,0,0,0,0,0,0,0,0,0,0,0,0,0,0,0,0,0,0,0,0,0,0,0,0,0,0.05212,0,0,0,0,0,0.01069,0,0,0,0,0,-0.01311,0,0.05801,0.03144,0,0,0,0,0,0,0,0,0,0,0,0,0,0,0,0.01977,0,0,0,0,0,0,0.04934,0.04604,0.04821
0,0,0,0,0,0,0,0,0,0,0,0,0,0,0,0,0,0,0,0,0,0,0,0,0,0,0.07112,0,0,0,0,0,0.0155,0,0,0,0,0,-0.01399,0,0.06026,0.03363,0,0,0,0,0,0,0,0,0,0,0,0,0,0,0,0.04073,0,0,0,0,0,0,0.04815,0.04753,0.04866
0,0,0,0,0,0,0,0,0,0,0,0,0,0,0,0,0,0,0,0,0,0,0,0,0,0,0.08936,0,0,0,0,0,0.02574,0,0,0,0,0,-0.01049,0,0.06194,0.03454,0,0,0,0,0,0,0,0,0,0,0,0,0,0,0,0.06378,0,0,0,0,0,0,0.04935,0.04674,0.04908
0,0,0,0,0,0,0,0,0,0,0,0,0,0,0,0,0,0,0,0,0,0,0,0,0,0,0.09435,0,0,0,0,0,0.03358,0,0,0,0,0,0.002924,0,0.0614,0.04512,0,0,0,0,0,0,0,0,0,0,0,0,0,0,0,0.08597,0,0,0,0,0,0,0.04803,0.04479,0.04804
0,0,0,0,0,0,0,0,0,0,0,0,0,0,0,0,0,0,0,0,0,0,0,0,0,0,0.09577,0,0,0,0,0,0.04459,0,0,0,0,0,0.009657,0,0.05909,0.05071,0,0,0,0,0,0,0,0,0,0,0,0,0,0,0,0.09953,0,0,0,0,0,0,0.04491,0.0464,0.05036
0,0,0,0,0,0,0,0,0,0,0,0,0,0,0,0,0,0,0,0,0,0,0,0,0,0,0.08591,0,0,0,0,0,0.05222,0,0,0,0,0,0.01025,0,0.05488,0.06587,0,0,0,0,0,0,0,0,0,0,0,0,0,0,0,0.1047,0,0,0,0,0,0,0.043,0.0462,0.04616
0,0,0,0,0,0,0,0,0,0,0,0,0,0,0,0,0,0,0,0,0,0,0,0,0,0,0.06704,0,0,0,0,0,0.05673,0,0,0,0,0,0.00943,0,0.05071,0.0752,0,0,0,0,0,0,0,0,0,0,0,0,0,0,0,0.101,0,0,0,0,0,0,0.04492,0.04379,0.04482
0,0,0,0,0,0,0,0,0,0,0,0,0,0,0,0,0,0,0,0,0,0,0,0,0,0,0.04509,0,0,0,0,0,0.05441,0,0,0,0,0,0.00363,0,0.04247,0.08402,0,0,0,0,0,0,0,0,0,0,0,0,0,0,0,0.08338,0,0,0,0,0,0,0.0458,0.04307,0.044
0,0,0,0,0,0,0,0,0,0,0,0,0,0,0,0,0,0,0,0,0,0,0,0,0,0,0.02872,0,0,0,0,0,0.05003,0,0,0,0,0,-0.01321,0,0.0404,0.08565,0,0,0,0,0,0,0,0,0,0,0,0,0,0,0,0.06362,0,0,0,0,0,0,0.04457,0.0451,0.04543
0,0,0,0,0,0,0,0,0,0,0,0,0,0,0,0,0,0,0,0,0,0,0,0,0,0,0.01107,0,0,0,0,0,0.03654,0,0,0,0,0,0,0,0.03648,0.09411,0,0,0,0,0,0,0,0,0,0,0,0,0,0,0,0.04003,0,0,0,0,0,0,0.04637,0.04208,0.04972
0,0,0,0,0,0,0,0,0,0,0,0,0,0,0,0,0,0,0,0,0,0,0,0,0,0,0.008832,0,0,0,0,0,0.02564,0,0,0,0,0,0,0,0.03439,0.09166,0,0,0,0,0,0,0,0,0,0,0,0,0,0,0,0.01524,0,0,0,0,0,0,0.04625,0.04093,0.04844
0,0,0,0,0,0,0,0,0,0,0,0,0,0,0,0,0,0,0,0,0,0,0,0,0,0,0.01219,0,0,0,0,0,0.01377,0,0,0,0,0,0,0,0.03395,0.0821,0,0,0,0,0,0,0,0,0,0,0,0,0,0,0,-0.0006332,0,0,0,0,0,0,0.04331,0.04428,0.04751
0,0,0,0,0,0,0,0,0,0,0,0,0,0,0,0,0,0,0,0,0,0,0,0,0,0,0.02324,0,0,0,0,0,0.01051,0,0,0,0,0,0,0,0.03601,0.07014,0,0,0,0,0,0,0,0,0,0,0,0,0,0,0,0,0,0,0,0,0,0,0.03823,0.04313,0.04876
0,0,0,0,0,0,0,0,0,0,0,0,0,0,0,0,0,0,0,0,0,0,0,0,0,0,0.03752,0,0,0,0,0,0.006916,0,0,0,0,0,0,0,0.03919,0.0526,0,0,0,0,0,0,0,0,0,0,0,0,0,0,0,0,0,0,0,0,0,0,0.03947,0.04151,0.0508
0,0,0,0,0,0,0,0,0,0,0,0,0,0,0,0,0,0,0,0,0,0,0,0,0,0,0.05377,0,0,0,0,0,0.009056,0,0,0,0,0,0,0,0.04271,0.03758,0,0,0,0,0,0,0,0,0,0,0,0,0,0,0,0,0,0,0,0,0,0,0.03994,0.04487,0.04857
0,0,0,0,0,0,0,0,0,0,0,0,0,0,0,0,0,0,0,0,0,0,0,0,0,0,0.0694,0,0,0,0,0,0.01701,0,0,0,0,0,0,0,0.047,0.02555,0,0,0,0,0,0,0,0,0,0,0,0,0,0,0,0,0,0,0,0,0,0,0.03658,0.04821,0.05116
0,0,0,0,0,0,0,0,0,0,0,0,0,0,0,0,0,0,0,0,0,0,0,0,0,0,0.07551,0,0,0,0,0,0.0278,0,0,0,0,0,0,0,0.05153,0.02246,0,0,0,0,0,0,0,0,0,0,0,0,0,0,0,0,0,0,0,0,0,0,0.03786,0.04649,0.05326
0,0,0,0,0,0,0,0,0,0,0,0,0,0,0,0,0,0,0,0,0,0,0,0,0,0,0.08053,0,0,0,0,0,0.03809,0,0,0,0,0,0,0,0.0558,0.02609,0,0,0,0,0,0,0,0,0,0,0,0,0,0,0,0,0,0,0,0,0,0,0.04061,0.04662,0.05163
0,0,0,0,0,0,0,0,0,0,0,0,0,0,0,0,0,0,0,0,0,0,0,0,0,0,0.07324,0,0,0,0,0,0.05035,0,0,0,0,0,0,0,0.05443,0.02936,0,0,0,0,0,0,0,0,0,0,0,0,0,0,0,0,0,0,0,0,0,0,0.04732,0.0474,0.05258
0,0,0,0,0,0,0,0,0,0,0,0,0,0,0,0,0,0,0,0,0,0,0,0,0,0,0.0621,0,0,0,0,0,0.06059,0,0,0,0,0,0,0,0.05533,0.03952,0,0,0,0,0,0,0,0,0,0,0,0,0,0,0,0,0,0,0,0,0,0,0.04302,0.04545,0.04816
0,0,0,0,0,0,0,0,0,0,0,0,0,0,0,0,0,0,0,0,0,0,0,0,0,0,0.04993,0,0,0,0,0,0.05804,0,0,0,0,0,0,0,0.05228,0.05162,0,0,0,0,0,0,0,0,0,0,0,0,0,0,0,0,0,0,0,0,0,0,0.04346,0.04114,0.048
0,0,0,0,0,0,0,0,0,0,0,0,0,0,0,0,0,0,0,0,0,0,0,0,0,0,0.03695,0,0,0,0,0,0.0527,0,0,0,0,0,0,0,0.04786,0.06176,0,0,0,0,0,0,0,0,0,0,0,0,0,0,0,0,0,0,0,0,0,0,0.04486,0.04224,0.04666
0,0,0,0,0,0,0,0,0,0,0,0,0,0,0,0,0,0,0,0,0,0,0,0,0,0,0.01821,0,0,0,0,0,0.04183,0,0,0,0,0,0,0,0.04368,0.07311,0,0,0,0,0,0,0,0,0,0,0,0,0,0,0,0,0,0,0,0,0,0,0.04442,0.04322,0.04818
0,0,0,0,0,0,0,0,0,0,0,0,0,0,0,0,0,0,0,0,0,0,0,0,0,0,0,0,0,0,0,0,0.02907,0,0,0,0,0,0,0,0.03918,0.08933,0,0,0,0,0,0,0,0,0,0,0,0,0,0,0,0,0,0,0,0,0,0,0.04363,0.04193,0.04722
0,0,0,0,0,0,0,0,0,0,0,0,0,0,0,0,0,0,0,0,0,0,0,0,0,0,0,0,0,0,0,0,0.01577,0,0,0,0,0,0,0,0.03398,0.09798,0,0,0,0,0,0,0,0,0,0,0,0,0,0,0,0,0,0,0,0,0,0,0.05066,0.04059,0.05247
0,0,0,0,0,0,0,0,0,0,0,0,0,0,0,0,0,0,0,0,0,0,0,0,0,0,0,0,0,0,0,0,0.006136,0,0,0,0,0,0,0,0.03398,0.1092,0,0,0,0,0,0,0,0,0,0,0,0,0,0,0,0,0,0,0,0,0,0,0.05004,0.04105,0.0504
0,0,0,0,0,0,0,0,0,0,0,0,0,0,0,0,0,0,0,0,0,0,0,0,0,0,0,0,0,0,0,0,0.002946,0,0,0,0,0,0,0,0.03316,0.1109,0,0,0,0,0,0,0,0,0,0,0,0,0,0,0,0,0,0,0,0,0,0,0.05018,0.03944,0.04768
0,0,0,0,0,0,0,0,0,0,0,0,0,0,0,0,0,0,0,0,0,0,0,0,0,0,0,0,0,0,0,0,0.001251,0,0,0,0,0,0,0,0.03183,0.1021,0,0,0,0,0,0,0,0,0,0,0,0,0,0,0,0,0,0,0,0,0,0,0.04672,0.04094,0.04512
0,0,0,0,0,0,0,0,0,0,0,0,0,0,0,0,0,0,0,0,0,0,0,0,0,0,0,0,0,0,0,0,0.003212,0,0,0,0,0,0,0,0.03326,0.08829,0,0,0,0,0,0,0,0,0,0,0,0,0,0,0,0,0,0,0,0,0,0,0.0459,0.03926,0.04702
0,0,0,0,0,0,0,0,0,0,0,0,0,0,0,0,0,0,0,0,0,0,0,0,0,0,0,0,0,0,0,0,0.01391,0,0,0,0,0,0,0,0.0346,0.0728,0,0,0,0,0,0,0,0,0,0,0,0,0,0,0,0,0,0,0,0,0,0,0.04929,0.03964,0.04014
0,0,0,0,0,0,0,0,0,0,0,0,0,0,0,0,0,0,0,0,0,0,0,0,0,0,0,0,0,0,0,0,0.0223,0,0,0,0,0,0,0,0.03536,0.05248,0,0,0,0,0,0,0,0,0,0,0,0,0,0,0,0,0,0,0,0,0,0,0.05526,0.03898,0.04714
0,0,0,0,0,0,0,0,0,0,0,0,0,0,0,0,0,0,0,0,0,0,0,0,0,0,0,0,0,0,0,0,0.02399,0,0,0,0,0,0,0,0.03812,0.03817,0,0,0,0,0,0,0,0,0,0,0,0,0,0,0,0,0,0,0,0,0,0,0.05798,0.03789,0.04752
0,0,0,0,0,0,0,0,0,0,0,0,0,0,0,0,0,0,0,0,0,0,0,0,0,0,0,0,0,0,0,0,0.03929,0,0,0,0,0,0,0,0.0407,0.03337,0,0,0,0,0,0,0,0,0,0,0,0,0,0,0,0,0,0,0,0,0,0,0.0632,0.03392,0.05151
0,0,0,0,0,0,0,0,0,0,0,0,0,0,0,0,0,0,0,0,0,0,0,0,0,0,0,0,0,0,0,0,0.04698,0,0,0,0,0,0,0,0.04402,0.03267,0,0,0,0,0,0,0,0,0,0,0,0,0,0,0,0,0,0,0,0,0,0,0.06481,0.03488,0.04817
0,0,0,0,0,0,0,0,0,0,0,0,0,0,0,0,0,0,0,0,0,0,0,0,0,0,0,0,0,0,0,0,0.04467,0,0,0,0,0,0,0,0.0479,0.03937,0,0,0,0,0,0,0,0,0,0,0,0,0,0,0,0,0,0,0,0,0,0,0.06272,0.03401,0.05718
0,0,0,0,0,0,0,0,0,0,0,0,0,0,0,0,0,0,0,0,0,0,0,0,0,0,0,0,0,0,0,0,0.0391,0,0,0,0,0,0,0,0.04817,0.05644,0,0,0,0,0,0,0,0,0,0,0,0,0,0,0,0,0,0,0,0,0,0,0.05789,0.03386,0.05154
0,0,0,0,0,0,0,0,0,0,0,0,0,0,0,0,0,0,0,0,0,0,0,0,0,0,0,0,0,0,0,0,0.03421,0,0,0,0,0,0,0,0.04691,0.06852,0,0,0,0,0,0,0,0,0,0,0,0,0,0,0,0,0,0,0,0,0,0,0.05675,0.03525,0.05759
0,0,0,0,0,0,0,0,0,0,0,0,0,0,0,0,0,0,0,0,0,0,0,0,0,0,0,0,0,0,0,0,0.02487,0,0,0,0,0,0,0,0.04572,0.08574,0,0,0,0,0,0,0,0,0,0,0,0,0,0,0,0,0,0,0,0,0,0,0.05496,0.03648,0.05716
0,0,0,0,0,0,0,0,0,0,0,0,0,0,0,0,0,0,0,0,0,0,0,0,0,0,0,0,0,0,0,0,0.01462,0,0,0,0,0,0,0,0.03888,0.1024,0,0,0,0,0,0,0,0,0,0,0,0,0,0,0,0,0,0,0,0,0,0,0.05312,0.03376,0.05736
0,0,0,0,0,0,0,0,0,0,0,0,0,0,0,0,0,0,0,0,0,0,0,0,0,0,0,0,0,0,0,0,0.003498,0,0,0,0,0,0,0,0.03089,0.1124,0,0,0,0,0,0,0,0,0,0,0,0,0,0,0,0,0,0,0,0,0,0,0.0532,0.03246,0.05161
0,0,0,0,0,0,0,0,0,0,0,0,0,0,0,0,0,0,0,0,0,0,0,0,0,0,0,0,0,0,0,0,0.001025,0,0,0,0,0,0,0,0.02907,0.1128,0,0,0,0,0,0,0,0,0,0,0,0,0,0,0,0,0,0,0,0,0,0,0.05489,0.03463,0.05469
0,0,0,0,0,0,0,0,0,0,0,0,0,0,0,0,0,0,0,0,0,0,0,0,0,0,0,0,0,0,0,0,0.003044,0,0,0,0,0,0,0,0.02616,0.1181,0,0,0,0,0,0,0,0,0,0,0,0,0,0,0,0,0,0,0,0,0,0,0.05287,0.03405,0.05024
0,0,0,0,0,0,0,0,0,0,0,0,0,0,0,0,0,0,0,0,0,0,0,0,0,0,0,0,0,0,0,0,0.007744,0,0,0,0,0,0,0,0.02224,0.1043,0,0,0,0,0,0,0,0,0,0,0,0,0,0,0,0,0,0,0,0,0,0,0.05067,0.03236,0.04953
0,0,0,0,0,0,0,0,0,0,0,0,0,0,0,0,0,0,0,0,0,0,0,0,0,0,0,0,0,0,0,0,0.01243,0,0,0,0,0,0,0,0.02348,0.08893,0,0,0,0,0,0,0,0,0,0,0,0,0,0,0,0,0,0,0,0,0,0,0.05287,0.03425,0.04796
0,0,0,0,0,0,0,0,0,0,0,0,0,0,0,0,0,0,0,0,0,0,0,0,0,0,0,0,0,0,0,0,0.01965,0,0,0,0,0,0,0,0.02745,0.07203,0,0,0,0,0,0,0,0,0,0,0,0,0,0,0,0,0,0,0,0,0,0,0.05222,0.0364,0.04817
0,0,0,0,0,0,0,0,0,0,0,0,0,0,0,0,0,0,0,0,0,0,0,0,0,0,0,0,0,0,0,0,0.02383,0,0,0,0,0,0,0,0.02807,0.05823,0,0,0,0,0,0,0,0,0,0,0,0,0,0,0,0,0,0,0,0,0,0,0.05392,0.0347,0.04616
0,0,0,0,0,0,0,0,0,0,0,0,0,0,0,0,0,0,0,0,0,0,0,0,0,0,0,0,0,0,0,0,0.03045,0,0,0,0,0,0,0,0.02863,0.03587,0,0,0,0,0,0,0,0,0,0,0,0,0,0,0,0,0,0,0,0,0,0,0.05413,0.0324,0.04773
0,0,0,0,0,0,0,0,0,0,0,0,0,0,0,0,0,0,0,0,0,0,0,0,0,0,0,0,0,0,0,0,0.02961,0,0,0,0,0,0,0,0.03582,0.02445,0,0,0,0,0,0,0,0,0,0,0,0,0,0,0,0,0,0,0,0,0,0,0.05129,0.03207,0.0475
0,0,0,0,0,0,0,0,0,0,0,0,0,0,0,0,0,0,0,0,0,0,0,0,0,0,0,0,0,0,0,0,0.02822,0,0,0,0,0,0,0,0.03722,0.01892,0,0,0,0,0,0,0,0,0,0,0,0,0,0,0,0,0,0,0,0,0,0,0,0.03127,0.04961
0,0,0,0,0,0,0,0,0,0,0,0,0,0,0,0,0,0,0,0,0,0,0,0,0,0,0,0,0,0,0,0,0.02549,0,0,0,0,0,0,0,0.03728,0.01259,0,0,0,0,0,0,0,0,0,0,0,0,0,0,0,0,0,0,0,0,0,0,0,0.02958,0.04894
0,0,0,0,0,0,0,0,0,0,0,0,0,0,0,0,0,0,0,0,0,0,0,0,0,0,0,0,0,0,0,0,0.02736,0,0,0,0,0,0,0,0.03662,0.01252,0,0,0,0,0,0,0,0,0,0,0,0,0,0,0,0,0,0,0,0,0,0,0,0.02874,0.0457
0,0,0,0,0,0,0,0,0,0,0,0,0,0,0,0,0,0,0,0,0,0,0,0,0,0,0,0,0,0,0,0,0.01637,0,0,0,0,0,0,0,0.03849,0.02168,0,0,0,0,0,0,0,0,0,0,0,0,0,0,0,0,0,0,0,0,0,0,0,0.029,0.04688
0,0,0,0,0,0,0,0,0,0,0,0,0,0,0,0,0,0,0,0,0,0,0,0,0,0,0,0,0,0,0,0,0.007381,0,0,0,0,0,0,0,0.03467,0.02925,0,0,0,0,0,0,0,0,0,0,0,0,0,0,0,0,0,0,0,0,0,0,0,0.02893,0.04475
0,0,0,0,0,0,0,0,0,0,0,0,0,0,0,0,0,0,0,0,0,0,0,0,0,0,0,0,0,0,0,0,0.005289,0,0,0,0,0,0,0,0.03391,0.03661,0,0,0,0,0,0,0,0,0,0,0,0,0,0,0,0,0,0,0,0,0,0,0,0.02917,0.04375
0,0,0,0,0,0,0,0,0,0,0,0,0,0,0,0,0,0,0,0,0,0,0,0,0,0,0,0,0,0,0,0,0.00294,0,0,0,0,0,0,0,0.03158,0.04907,0,0,0,0,0,0,0,0,0,0,0,0,0,0,0,0,0,0,0,0,0,0,0,0.02995,0.04661
0,0,0,0,0,0,0,0,0,0,0,0,0,0,0,0,0,0,0,0,0,0,0,0,0,0,0,0,0,0,0,0,-0.0032,0,0,0,0,0,0,0,0.0269,0.06213,0,0,0,0,0,0,0,0,0,0,0,0,0,0,0,0,0,0,0,0,0,0,0,0.03049,0.04712
0,0,0,0,0,0,0,0,0,0,0,0,0,0,0,0,0,0,0,0,0,0,0,0,0,0,0,0,0,0,0,0,-0.002719,0,0,0,0,0,0,0,0.02302,0.07259,0,0,0,0,0,0,0,0,0,0,0,0,0,0,0,0,0,0,0,0,0,0,0,0.02985,0.03961
0,0,0,0,0,0,0,0,0,0,0,0,0,0,0,0,0,0,0,0,0,0,0,0,0,0,0,0,0,0,0,0,-0.001322,0,0,0,0,0,0,0,0.02366,0.0746,0,0,0,0,0,0,0,0,0,0,0,0,0,0,0,0,0,0,0,0,0,0,0,0.02991,0.04417
0,0,0,0,0,0,0,0,0,0,0,0,0,0,0,0,0,0,0,0,0,0,0,0,0,0,0,0,0,0,0,0,0.003625,0,0,0,0,0,0,0,0.02482,0.07333,0,0,0,0,0,0,0,0,0,0,0,0,0,0,0,0,0,0,0,0,0,0,0,0.0304,0.04575
0,0,0,0,0,0,0,0,0,0,0,0,0,0,0,0,0,0,0,0,0,0,0,0,0,0,0,0,0,0,0,0,0.008223,0,0,0,0,0,0,0,0.02577,0.0878,0,0,0,0,0,0,0,0,0,0,0,0,0,0,0,0,0,0,0,0,0,0,0,0.03395,0.04366
0,0,0,0,0,0,0,0,0,0,0,0,0,0,0,0,0,0,0,0,0,0,0,0,0,0,0,0,0,0,0,0,0.01186,0,0,0,0,0,0,0,0.03142,0.07114,0,0,0,0,0,0,0,0,0,0,0,0,0,0,0,0,0,0,0,0,0,0,0,0.03622,0.0512
0,0,0,0,0,0,0,0,0,0,0,0,0,0,0,0,0,0,0,0,0,0,0,0,0,0,0,0,0,0,0,0,0,0,0,0,0,0,0,0,0.03819,0.0546,0,0,0,0,0,0,0,0,0,0,0,0,0,0,0,0,0,0,0,0,0,0,0,0.03652,0.05568
0,0,0,0,0,0,0,0,0,0,0,0,0,0,0,0,0,0,0,0,0,0,0,0,0,0,0,0,0,0,0,0,0,0,0,0,0,0,0,0,0.0378,0.04399,0,0,0,0,0,0,0,0,0,0,0,0,0,0,0,0,0,0,0,0,0,0,0,0.03919,0.05005
0,0,0,0,0,0,0,0,0,0,0,0,0,0,0,0,0,0,0,0,0,0,0,0,0,0,0,0,0,0,0,0,0,0,0,0,0,0,0,0,0.03721,0.03482,0,0,0,0,0,0,0,0,0,0,0,0,0,0,0,0,0,0,0,0,0,0,0,0.04242,0.04548
0,0,0,0,0,0,0,0,0,0,0,0,0,0,0,0,0,0,0,0,0,0,0,0,0,0,0,0,0,0,0,0,0,0,0,0,0,0,0,0,0.03873,0.0304,0,0,0,0,0,0,0,0,0,0,0,0,0,0,0,0,0,0,0,0,0,0,0,0.04564,0.03996
0,0,0,0,0,0,0,0,0,0,0,0,0,0,0,0,0,0,0,0,0,0,0,0,0,0,0,0,0,0,0,0,0,0,0,0,0,0,0,0,0.04052,0.03622,0,0,0,0,0,0,0,0,0,0,0,0,0,0,0,0,0,0,0,0,0,0,0,0.04266,0.03279
0,0,0,0,0,0,0,0,0,0,0,0,0,0,0,0,0,0,0,0,0,0,0,0,0,0,0,0,0,0,0,0,0,0,0,0,0,0,0,0,0.03834,0.03724,0,0,0,0,0,0,0,0,0,0,0,0,0,0,0,0,0,0,0,0,0,0,0,0.04187,0.03033
0,0,0,0,0,0,0,0,0,0,0,0,0,0,0,0,0,0,0,0,0,0,0,0,0,0,0,0,0,0,0,0,0,0,0,0,0,0,0,0,0.04036,0.04553,0,0,0,0,0,0,0,0,0,0,0,0,0,0,0,0,0,0,0,0,0,0,0,0.04034,0.03467
0,0,0,0,0,0,0,0,0,0,0,0,0,0,0,0,0,0,0,0,0,0,0,0,0,0,0,0,0,0,0,0,0,0,0,0,0,0,0,0,0.04117,0.05656,0,0,0,0,0,0,0,0,0,0,0,0,0,0,0,0,0,0,0,0,0,0,0,0.03609,0.03851
0,0,0,0,0,0,0,0,0,0,0,0,0,0,0,0,0,0,0,0,0,0,0,0,0,0,0,0,0,0,0,0,0,0,0,0,0,0,0,0,0.04182,0.06606,0,0,0,0,0,0,0,0,0,0,0,0,0,0,0,0,0,0,0,0,0,0,0,0.03865,0.04621
0,0,0,0,0,0,0,0,0,0,0,0,0,0,0,0,0,0,0,0,0,0,0,0,0,0,0,0,0,0,0,0,0,0,0,0,0,0,0,0,0.02717,0.07692,0,0,0,0,0,0,0,0,0,0,0,0,0,0,0,0,0,0,0,0,0,0,0,0.04031,0.04469
0,0,0,0,0,0,0,0,0,0,0,0,0,0,0,0,0,0,0,0,0,0,0,0,0,0,0,0,0,0,0,0,0,0,0,0,0,0,0,0,0.02842,0.09199,0,0,0,0,0,0,0,0,0,0,0,0,0,0,0,0,0,0,0,0,0,0,0,0.04553,0.03942
0,0,0,0,0,0,0,0,0,0,0,0,0,0,0,0,0,0,0,0,0,0,0,0,0,0,0,0,0,0,0,0,0,0,0,0,0,0,0,0,0.02462,0.1025,0,0,0,0,0,0,0,0,0,0,0,0,0,0,0,0,0,0,0,0,0,0,0,0.04615,0.03291
0,0,0,0,0,0,0,0,0,0,0,0,0,0,0,0,0,0,0,0,0,0,0,0,0,0,0,0,0,0,0,0,0,0,0,0,0,0,0,0,0.02746,0.1036,0,0,0,0,0,0,0,0,0,0,0,0,0,0,0,0,0,0,0,0,0,0,0,0.05028,0.02731
0,0,0,0,0,0,0,0,0,0,0,0,0,0,0,0,0,0,0,0,0,0,0,0,0,0,0,0,0,0,0,0,0,0,0,0,0,0,0,0,0.02406,0.1023,0,0,0,0,0,0,0,0,0,0,0,0,0,0,0,0,0,0,0,0,0,0,0,0.04544,0.01922
0,0,0,0,0,0,0,0,0,0,0,0,0,0,0,0,0,0,0,0,0,0,0,0,0,0,0,0,0,0,0,0,0,0,0,0,0,0,0,0,0.02391,0.09392,0,0,0,0,0,0,0,0,0,0,0,0,0,0,0,0,0,0,0,0,0,0,0,0.04558,0.02135
0,0,0,0,0,0,0,0,0,0,0,0,0,0,0,0,0,0,0,0,0,0,0,0,0,0,0,0,0,0,0,0,0,0,0,0,0,0,0,0,0.02788,0.07458,0,0,0,0,0,0,0,0,0,0,0,0,0,0,0,0,0,0,0,0,0,0,0,0.04116,0.0266
0,0,0,0,0,0,0,0,0,0,0,0,0,0,0,0,0,0,0,0,0,0,0,0,0,0,0,0,0,0,0,0,0,0,0,0,0,0,0,0,0.02786,0.05484,0,0,0,0,0,0,0,0,0,0,0,0,0,0,0,0,0,0,0,0,0,0,0,0.03734,0.0294
0,0,0,0,0,0,0,0,0,0,0,0,0,0,0,0,0,0,0,0,0,0,0,0,0,0,0,0,0,0,0,0,0,0,0,0,0,0,0,0,0.02316,0.03692,0,0,0,0,0,0,0,0,0,0,0,0,0,0,0,0,0,0,0,0,0,0,0,0.03592,0.02936
0,0,0,0,0,0,0,0,0,0,0,0,0,0,0,0,0,0,0,0,0,0,0,0,0,0,0,0,0,0,0,0,0,0,0,0,0,0,0,0,0.02277,0.02205,0,0,0,0,0,0,0,0,0,0,0,0,0,0,0,0,0,0,0,0,0,0,0,0.03791,0.03601
0,0,0,0,0,0,0,0,0,0,0,0,0,0,0,0,0,0,0,0,0,0,0,0,0,0,0,0,0,0,0,0,0,0,0,0,0,0,0,0,0.02584,0.009434,0,0,0,0,0,0,0,0,0,0,0,0,0,0,0,0,0,0,0,0,0,0,0,0.0401,0.03466
0,0,0,0,0,0,0,0,0,0,0,0,0,0,0,0,0,0,0,0,0,0,0,0,0,0,0,0,0,0,0,0,0,0,0,0,0,0,0,0,0.02369,0.005959,0,0,0,0,0,0,0,0,0,0,0,0,0,0,0,0,0,0,0,0,0,0,0,0.04368,0.03461
0,0,0,0,0,0,0,0,0,0,0,0,0,0,0,0,0,0,0,0,0,0,0,0,0,0,0,0,0,0,0,0,0,0,0,0,0,0,0,0,0.04079,0.01064,0,0,0,0,0,0,0,0,0,0,0,0,0,0,0,0,0,0,0,0,0,0,0,0.04517,0.03281
0,0,0,0,0,0,0,0,0,0,0,0,0,0,0,0,0,0,0,0,0,0,0,0,0,0,0,0,0,0,0,0,0,0,0,0,0,0,0,0,0.03616,0.01828,0,0,0,0,0,0,0,0,0,0,0,0,0,0,0,0,0,0,0,0,0,0,0,0.04424,0.032
0,0,0,0,0,0,0,0,0,0,0,0,0,0,0,0,0,0,0,0,0,0,0,0,0,0,0,0,0,0,0,0,0,0,0,0,0,0,0,0,0.03351,0.03675,0,0,0,0,0,0,0,0,0,0,0,0,0,0,0,0,0,0,0,0,0,0,0,0.03822,0.02461
0,0,0,0,0,0,0,0,0,0,0,0,0,0,0,0,0,0,0,0,0,0,0,0,0,0,0,0,0,0,0,0,0,0,0,0,0,0,0,0,0.02045,0.05642,0,0,0,0,0,0,0,0,0,0,0,0,0,0,0,0,0,0,0,0,0,0,0,0.03634,0.02675
0,0,0,0,0,0,0,0,0,0,0,0,0,0,0,0,0,0,0,0,0,0,0,0,0,0,0,0,0,0,0,0,0,0,0,0,0,0,0,0,0.01285,0.07444,0,0,0,0,0,0,0,0,0,0,0,0,0,0,0,0,0,0,0,0,0,0,0,0.02192,0.02366
0,0,0,0,0,0,0,0,0,0,0,0,0,0,0,0,0,0,0,0,0,0,0,0,0,0,0,0,0,0,0,0,0,0,0,0,0,0,0,0,0.00199,0.08643,0,0,0,0,0,0,0,0,0,0,0,0,0,0,0,0,0,0,0,0,0,0,0,0.01939,0.02215
0,0,0,0,0,0,0,0,0,0,0,0,0,0,0,0,0,0,0,0,0,0,0,0,0,0,0,0,0,0,0,0,0,0,0,0,0,0,0,0,0,0.1047,0,0,0,0,0,0,0,0,0,0,0,0,0,0,0,0,0,0,0,0,0,0,0,0.01583,0.01972
0,0,0,0,0,0,0,0,0,0,0,0,0,0,0,0,0,0,0,0,0,0,0,0,0,0,0,0,0,0,0,0,0,0,0,0,0,0,0,0,0,0.1017,0,0,0,0,0,0,0,0,0,0,0,0,0,0,0,0,0,0,0,0,0,0,0,0.01397,0.02385
0,0,0,0,0,0,0,0,0,0,0,0,0,0,0,0,0,0,0,0,0,0,0,0,0,0,0,0,0,0,0,0,0,0,0,0,0,0,0,0,0,0.0916,0,0,0,0,0,0,0,0,0,0,0,0,0,0,0,0,0,0,0,0,0,0,0,0.004321,0.02029
0,0,0,0,0,0,0,0,0,0,0,0,0,0,0,0,0,0,0,0,0,0,0,0,0,0,0,0,0,0,0,0,0,0,0,0,0,0,0,0,0,0.0835,0,0,0,0,0,0,0,0,0,0,0,0,0,0,0,0,0,0,0,0,0,0,0,0.002506,0.0176
0,0,0,0,0,0,0,0,0,0,0,0,0,0,0,0,0,0,0,0,0,0,0,0,0,0,0,0,0,0,0,0,0,0,0,0,0,0,0,0,0,0.07251,0,0,0,0,0,0,0,0,0,0,0,0,0,0,0,0,0,0,0,0,0,0,0,0.004084,0.01235
0,0,0,0,0,0,0,0,0,0,0,0,0,0,0,0,0,0,0,0,0,0,0,0,0,0,0,0,0,0,0,0,0,0,0,0,0,0,0,0,0,0.05173,0,0,0,0,0,0,0,0,0,0,0,0,0,0,0,0,0,0,0,0,0,0,0,0.02039,0.01032
0,0,0,0,0,0,0,0,0,0,0,0,0,0,0,0,0,0,0,0,0,0,0,0,0,0,0,0,0,0,0,0,0,0,0,0,0,0,0,0,0,0.03648,0,0,0,0,0,0,0,0,0,0,0,0,0,0,0,0,0,0,0,0,0,0,0,0.01747,0.006637
0,0,0,0,0,0,0,0,0,0,0,0,0,0,0,0,0,0,0,0,0,0,0,0,0,0,0,0,0,0,0,0,0,0,0,0,0,0,0,0,0,0,0,0,0,0,0,0,0,0,0,0,0,0,0,0,0,0,0,0,0,0,0,0,0,0.0162,0.002204
0,0,0,0,0,0,0,0,0,0,0,0,0,0,0,0,0,0,0,0,0,0,0,0,0,0,0,0,0,0,0,0,0,0,0,0,0,0,0,0,0,0,0,0,0,0,0,0,0,0,0,0,0,0,0,0,0,0,0,0,0,0,0,0,0,0.01667,0.003173
0,0,0,0,0,0,0,0,0,0,0,0,0,0,0,0,0,0,0,0,0,0,0,0,0,0,0,0,0,0,0,0,0,0,0,0,0,0,0,0,0,0,0,0,0,0,0,0,0,0,0,0,0,0,0,0,0,0,0,0,0,0,0,0,0,0.01303,0.002916
0,0,0,0,0,0,0,0,0,0,0,0,0,0,0,0,0,0,0,0,0,0,0,0,0,0,0,0,0,0,0,0,0,0,0,0,0,0,0,0,0,0,0,0,0,0,0,0,0,0,0,0,0,0,0,0,0,0,0,0,0,0,0,0,0,0.00845,0.005812
0,0,0,0,0,0,0,0,0,0,0,0,0,0,0,0,0,0,0,0,0,0,0,0,0,0,0,0,0,0,0,0,0,0,0,0,0,0,0,0,0,0,0,0,0,0,0,0,0,0,0,0,0,0,0,0,0,0,0,0,0,0,0,0,0,0.00745,0.009945
0,0,0,0,0,0,0,0,0,0,0,0,0,0,0,0,0,0,0,0,0,0,0,0,0,0,0,0,0,0,0,0,0,0,0,0,0,0,0,0,0,0,0,0,0,0,0,0,0,0,0,0,0,0,0,0,0,0,0,0,0,0,0,0,0,0.004316,0.01312
0,0,0,0,0,0,0,0,0,0,0,0,0,0,0,0,0,0,0,0,0,0,0,0,0,0,0,0,0,0,0,0,0,0,0,0,0,0,0,0,0,0,0,0,0,0,0,0,0,0,0,0,0,0,0,0,0,0,0,0,0,0,0,0,0,5.65e-005,0.01249
0,0,0,0,0,0,0,0,0,0,0,0,0,0,0,0,0,0,0,0,0,0,0,0,0,0,0,0,0,0,0,0,0,0,0,0,0,0,0,0,0,0,0,0,0,0,0,0,0,0,0,0,0,0,0,0,0,0,0,0,0,0,0,0,0,0.0001815,0.01265
0,0,0,0,0,0,0,0,0,0,0,0,0,0,0,0,0,0,0,0,0,0,0,0,0,0,0,0,0,0,0,0,0,0,0,0,0,0,0,0,0,0,0,0,0,0,0,0,0,0,0,0,0,0,0,0,0,0,0,0,0,0,0,0,0,-0.001357,0.01274
0,0,0,0,0,0,0,0,0,0,0,0,0,0,0,0,0,0,0,0,0,0,0,0,0,0,0,0,0,0,0,0,0,0,0,0,0,0,0,0,0,0,0,0,0,0,0,0,0,0,0,0,0,0,0,0,0,0,0,0,0,0,0,0,0,-0.002669,0.009385
0,0,0,0,0,0,0,0,0,0,0,0,0,0,0,0,0,0,0,0,0,0,0,0,0,0,0,0,0,0,0,0,0,0,0,0,0,0,0,0,0,0,0,0,0,0,0,0,0,0,0,0,0,0,0,0,0,0,0,0,0,0,0,0,0,-0.0001598,0.01226
0,0,0,0,0,0,0,0,0,0,0,0,0,0,0,0,0,0,0,0,0,0,0,0,0,0,0,0,0,0,0,0,0,0,0,0,0,0,0,0,0,0,0,0,0,0,0,0,0,0,0,0,0,0,0,0,0,0,0,0,0,0,0,0,0,-0.0006058,0.01367
0,0,0,0,0,0,0,0,0,0,0,0,0,0,0,0,0,0,0,0,0,0,0,0,0,0,0,0,0,0,0,0,0,0,0,0,0,0,0,0,0,0,0,0,0,0,0,0,0,0,0,0,0,0,0,0,0,0,0,0,0,0,0,0,0,-0.0007523,0.01561
0,0,0,0,0,0,0,0,0,0,0,0,0,0,0,0,0,0,0,0,0,0,0,0,0,0,0,0,0,0,0,0,0,0,0,0,0,0,0,0,0,0,0,0,0,0,0,0,0,0,0,0,0,0,0,0,0,0,0,0,0,0,0,0,0,-0.001235,0.01328
0,0,0,0,0,0,0,0,0,0,0,0,0,0,0,0,0,0,0,0,0,0,0,0,0,0,0,0,0,0,0,0,0,0,0,0,0,0,0,0,0,0,0,0,0,0,0,0,0,0,0,0,0,0,0,0,0,0,0,0,0,0,0,0,0,0.002069,0.01103
0,0,0,0,0,0,0,0,0,0,0,0,0,0,0,0,0,0,0,0,0,0,0,0,0,0,0,0,0,0,0,0,0,0,0,0,0,0,0,0,0,0,0,0,0,0,0,0,0,0,0,0,0,0,0,0,0,0,0,0,0,0,0,0,0,-4.92e-005,0.002552
0,0,0,0,0,0,0,0,0,0,0,0,0,0,0,0,0,0,0,0,0,0,0,0,0,0,0,0,0,0,0,0,0,0,0,0,0,0,0,0,0,0,0,0,0,0,0,0,0,0,0,0,0,0,0,0,0,0,0,0,0,0,0,0,0,0.001796,-0.003715
0,0,0,0,0,0,0,0,0,0,0,0,0,0,0,0,0,0,0,0,0,0,0,0,0,0,0,0,0,0,0,0,0,0,0,0,0,0,0,0,0,0,0,0,0,0,0,0,0,0,0,0,0,0,0,0,0,0,0,0,0,0,0,0,0,-0.000211,-0.01406
0,0,0,0,0,0,0,0,0,0,0,0,0,0,0,0,0,0,0,0,0,0,0,0,0,0,0,0,0,0,0,0,0,0,0,0,0,0,0,0,0,0,0,0,0,0,0,0,0,0,0,0,0,0,0,0,0,0,0,0,0,0,0,0,0,0.0001724,-0.01596
0,0,0,0,0,0,0,0,0,0,0,0,0,0,0,0,0,0,0,0,0,0,0,0,0,0,0,0,0,0,0,0,0,0,0,0,0,0,0,0,0,0,0,0,0,0,0,0,0,0,0,0,0,0,0,0,0,0,0,0,0,0,0,0,0,-0.001875,-0.01461
0,0,0,0,0,0,0,0,0,0,0,0,0,0,0,0,0,0,0,0,0,0,0,0,0,0,0,0,0,0,0,0,0,0,0,0,0,0,0,0,0,0,0,0,0,0,0,0,0,0,0,0,0,0,0,0,0,0,0,0,0,0,0,0,0,-0.001256,-0.01405
0,0,0,0,0,0,0,0,0,0,0,0,0,0,0,0,0,0,0,0,0,0,0,0,0,0,0,0,0,0,0,0,0,0,0,0,0,0,0,0,0,0,0,0,0,0,0,0,0,0,0,0,0,0,0,0,0,0,0,0,0,0,0,0,0,-0.002689,-0.01373
0,0,0,0,0,0,0,0,0,0,0,0,0,0,0,0,0,0,0,0,0,0,0,0,0,0,0,0,0,0,0,0,0,0,0,0,0,0,0,0,0,0,0,0,0,0,0,0,0,0,0,0,0,0,0,0,0,0,0,0,0,0,0,0,0,-0.002716,0
0,0,0,0,0,0,0,0,0,0,0,0,0,0,0,0,0,0,0,0,0,0,0,0,0,0,0,0,0,0,0,0,0,0,0,0,0,0,0,0,0,0,0,0,0,0,0,0,0,0,0,0,0,0,0,0,0,0,0,0,0,0,0,0,0,-0.001935,0
0,0,0,0,0,0,0,0,0,0,0,0,0,0,0,0,0,0,0,0,0,0,0,0,0,0,0,0,0,0,0,0,0,0,0,0,0,0,0,0,0,0,0,0,0,0,0,0,0,0,0,0,0,0,0,0,0,0,0,0,0,0,0,0,0,-0.003628,0
0,0,0,0,0,0,0,0,0,0,0,0,0,0,0,0,0,0,0,0,0,0,0,0,0,0,0,0,0,0,0,0,0,0,0,0,0,0,0,0,0,0,0,0,0,0,0,0,0,0,0,0,0,0,0,0,0,0,0,0,0,0,0,0,0,-0.003545,0
0,0,0,0,0,0,0,0,0,0,0,0,0,0,0,0,0,0,0,0,0,0,0,0,0,0,0,0,0,0,0,0,0,0,0,0,0,0,0,0,0,0,0,0,0,0,0,0,0,0,0,0,0,0,0,0,0,0,0,0,0,0,0,0,0,-0.003273,0
0,0,0,0,0,0,0,0,0,0,0,0,0,0,0,0,0,0,0,0,0,0,0,0,0,0,0,0,0,0,0,0,0,0,0,0,0,0,0,0,0,0,0,0,0,0,0,0,0,0,0,0,0,0,0,0,0,0,0,0,0,0,0,0,0,-0.003775,0
0,0,0,0,0,0,0,0,0,0,0,0,0,0,0,0,0,0,0,0,0,0,0,0,0,0,0,0,0,0,0,0,0,0,0,0,0,0,0,0,0,0,0,0,0,0,0,0,0,0,0,0,0,0,0,0,0,0,0,0,0,0,0,0,0,-0.005243,0
0,0,0,0,0,0,0,0,0,0,0,0,0,0,0,0,0,0,0,0,0,0,0,0,0,0,0,0,0,0,0,0,0,0,0,0,0,0,0,0,0,0,0,0,0,0,0,0,0,0,0,0,0,0,0,0,0,0,0,0,0,0,0,0,0,-0.004808,0
0,0,0,0,0,0,0,0,0,0,0,0,0,0,0,0,0,0,0,0,0,0,0,0,0,0,0,0,0,0,0,0,0,0,0,0,0,0,0,0,0,0,0,0,0,0,0,0,0,0,0,0,0,0,0,0,0,0,0,0,0,0,0,0,0,-0.005393,0
0,0,0,0,0,0,0,0,0,0,0,0,0,0,0,0,0,0,0,0,0,0,0,0,0,0,0,0,0,0,0,0,0,0,0,0,0,0,0,0,0,0,0,0,0,0,0,0,0,0,0,0,0,0,0,0,0,0,0,0,0,0,0,0,0,-0.006079,0
0,0,0,0,0,0,0,0,0,0,0,0,0,0,0,0,0,0,0,0,0,0,0,0,0,0,0,0,0,0,0,0,0,0,0,0,0,0,0,0,0,0,0,0,0,0,0,0,0,0,0,0,0,0,0,0,0,0,0,0,0,0,0,0,0,-0.007573,0
0,0,0,0,0,0,0,0,0,0,0,0,0,0,0,0,0,0,0,0,0,0,0,0,0,0,0,0,0,0,0,0,0,0,0,0,0,0,0,0,0,0,0,0,0,0,0,0,0,0,0,0,0,0,0,0,0,0,0,0,0,0,0,0,0,-0.006251,0
0,0,0,0,0,0,0,0,0,0,0,0,0,0,0,0,0,0,0,0,0,0,0,0,0,0,0,0,0,0,0,0,0,0,0,0,0,0,0,0,0,0,0,0,0,0,0,0,0,0,0,0,0,0,0,0,0,0,0,0,0,0,0,0,0,-0.006782,0
0,0,0,0,0,0,0,0,0,0,0,0,0,0,0,0,0,0,0,0,0,0,0,0,0,0,0,0,0,0,0,0,0,0,0,0,0,0,0,0,0,0,0,0,0,0,0,0,0,0,0,0,0,0,0,0,0,0,0,0,0,0,0,0,0,-0.006811,0
0,0,0,0,0,0,0,0,0,0,0,0,0,0,0,0,0,0,0,0,0,0,0,0,0,0,0,0,0,0,0,0,0,0,0,0,0,0,0,0,0,0,0,0,0,0,0,0,0,0,0,0,0,0,0,0,0,0,0,0,0,0,0,0,0,-0.00327,0
0,0,0,0,0,0,0,0,0,0,0,0,0,0,0,0,0,0,0,0,0,0,0,0,0,0,0,0,0,0,0,0,0,0,0,0,0,0,0,0,0,0,0,0,0,0,0,0,0,0,0,0,0,0,0,0,0,0,0,0,0,0,0,0,0,-0.004285,0
0,0,0,0,0,0,0,0,0,0,0,0,0,0,0,0,0,0,0,0,0,0,0,0,0,0,0,0,0,0,0,0,0,0,0,0,0,0,0,0,0,0,0,0,0,0,0,0,0,0,0,0,0,0,0,0,0,0,0,0,0,0,0,0,0,-0.007531,0
0,0,0,0,0,0,0,0,0,0,0,0,0,0,0,0,0,0,0,0,0,0,0,0,0,0,0,0,0,0,0,0,0,0,0,0,0,0,0,0,0,0,0,0,0,0,0,0,0,0,0,0,0,0,0,0,0,0,0,0,0,0,0,0,0,-0.008348,0
0,0,0,0,0,0,0,0,0,0,0,0,0,0,0,0,0,0,0,0,0,0,0,0,0,0,0,0,0,0,0,0,0,0,0,0,0,0,0,0,0,0,0,0,0,0,0,0,0,0,0,0,0,0,0,0,0,0,0,0,0,0,0,0,0,-0.004636,0
0,0,0,0,0,0,0,0,0,0,0,0,0,0,0,0,0,0,0,0,0,0,0,0,0,0,0,0,0,0,0,0,0,0,0,0,0,0,0,0,0,0,0,0,0,0,0,0,0,0,0,0,0,0,0,0,0,0,0,0,0,0,0,0,0,-0.004296,0
0,0,0,0,0,0,0,0,0,0,0,0,0,0,0,0,0,0,0,0,0,0,0,0,0,0,0,0,0,0,0,0,0,0,0,0,0,0,0,0,0,0,0,0,0,0,0,0,0,0,0,0,0,0,0,0,0,0,0,0,0,0,0,0,0,0.002451,0
0,0,0,0,0,0,0,0,0,0,0,0,0,0,0,0,0,0,0,0,0,0,0,0,0,0,0,0,0,0,0,0,0,0,0,0,0,0,0,0,0,0,0,0,0,0,0,0,0,0,0,0,0,0,0,0,0,0,0,0,0,0,0,0,0,0.00657,0
0,0,0,0,0,0,0,0,0,0,0,0,0,0,0,0,0,0,0,0,0,0,0,0,0,0,0,0,0,0,0,0,0,0,0,0,0,0,0,0,0,0,0,0,0,0,0,0,0,0,0,0,0,0,0,0,0,0,0,0,0,0,0,0,0,0.009929,0
0,0,0,0,0,0,0,0,0,0,0,0,0,0,0,0,0,0,0,0,0,0,0,0,0,0,0,0,0,0,0,0,0,0,0,0,0,0,0,0,0,0,0,0,0,0,0,0,0,0,0,0,0,0,0,0,0,0,0,0,0,0,0,0,0,0.007106,0
0,0,0,0,0,0,0,0,0,0,0,0,0,0,0,0,0,0,0,0,0,0,0,0,0,0,0,0,0,0,0,0,0,0,0,0,0,0,0,0,0,0,0,0,0,0,0,0,0,0,0,0,0,0,0,0,0,0,0,0,0,0,0,0,0,0.004442,0
0,0,0,0,0,0,0,0,0,0,0,0,0,0,0,0,0,0,0,0,0,0,0,0,0,0,0,0,0,0,0,0,0,0,0,0,0,0,0,0,0,0,0,0,0,0,0,0,0,0,0,0,0,0,0,0,0,0,0,0,0,0,0,0,0,0.00237,0
0,0,0,0,0,0,0,0,0,0,0,0,0,0,0,0,0,0,0,0,0,0,0,0,0,0,0,0,0,0,0,0,0,0,0,0,0,0,0,0,0,0,0,0,0,0,0,0,0,0,0,0,0,0,0,0,0,0,0,0,0,0,0,0,0,0.001092,0
0,0,0,0,0,0,0,0,0,0,0,0,0,0,0,0,0,0,0,0,0,0,0,0,0,0,0,0,0,0,0,0,0,0,0,0,0,0,0,0,0,0,0,0,0,0,0,0,0,0,0,0,0,0,0,0,0,0,0,0,0,0,0,0,0,-0.0006371,0
0,0,0,0,0,0,0,0,0,0,0,0,0,0,0,0,0,0,0,0,0,0,0,0,0,0,0,0,0,0,0,0,0,0,0,0,0,0,0,0,0,0,0,0,0,0,0,0,0,0,0,0,0,0,0,0,0,0,0,0,0,0,0,0,0,-0.005045,0
0,0,0,0,0,0,0,0,0,0,0,0,0,0,0,0,0,0,0,0,0,0,0,0,0,0,0,0,0,0,0,0,0,0,0,0,0,0,0,0,0,0,0,0,0,0,0,0,0,0,0,0,0,0,0,0,0,0,0,0,0,0,0,0,0,-0.006037,0
0,0,0,0,0,0,0,0,0,0,0,0,0,0,0,0,0,0,0,0,0,0,0,0,0,0,0,0,0,0,0,0,0,0,0,0,0,0,0,0,0,0,0,0,0,0,0,0,0,0,0,0,0,0,0,0,0,0,0,0,0,0,0,0,0,-0.009634,0
0,0,0,0,0,0,0,0,0,0,0,0,0,0,0,0,0,0,0,0,0,0,0,0,0,0,0,0,0,0,0,0,0,0,0,0,0,0,0,0,0,0,0,0,0,0,0,0,0,0,0,0,0,0,0,0,0,0,0,0,0,0,0,0,0,-0.009579,0
0,0,0,0,0,0,0,0,0,0,0,0,0,0,0,0,0,0,0,0,0,0,0,0,0,0,0,0,0,0,0,0,0,0,0,0,0,0,0,0,0,0,0,0,0,0,0,0,0,0,0,0,0,0,0,0,0,0,0,0,0,0,0,0,0,-0.008612,0
0,0,0,0,0,0,0,0,0,0,0,0,0,0,0,0,0,0,0,0,0,0,0,0,0,0,0,0,0,0,0,0,0,0,0,0,0,0,0,0,0,0,0,0,0,0,0,0,0,0,0,0,0,0,0,0,0,0,0,0,0,0,0,0,0,-0.005346,0
0,0,0,0,0,0,0,0,0,0,0,0,0,0,0,0,0,0,0,0,0,0,0,0,0,0,0,0,0,0,0,0,0,0,0,0,0,0,0,0,0,0,0,0,0,0,0,0,0,0,0,0,0,0,0,0,0,0,0,0,0,0,0,0,0,-0.004695,0
0,0,0,0,0,0,0,0,0,0,0,0,0,0,0,0,0,0,0,0,0,0,0,0,0,0,0,0,0,0,0,0,0,0,0,0,0,0,0,0,0,0,0,0,0,0,0,0,0,0,0,0,0,0,0,0,0,0,0,0,0,0,0,0,0,-0.003215,0
0,0,0,0,0,0,0,0,0,0,0,0,0,0,0,0,0,0,0,0,0,0,0,0,0,0,0,0,0,0,0,0,0,0,0,0,0,0,0,0,0,0,0,0,0,0,0,0,0,0,0,0,0,0,0,0,0,0,0,0,0,0,0,0,0,-0.001437,0
0,0,0,0,0,0,0,0,0,0,0,0,0,0,0,0,0,0,0,0,0,0,0,0,0,0,0,0,0,0,0,0,0,0,0,0,0,0,0,0,0,0,0,0,0,0,0,0,0,0,0,0,0,0,0,0,0,0,0,0,0,0,0,0,0,-0.003333,0
0,0,0,0,0,0,0,0,0,0,0,0,0,0,0,0,0,0,0,0,0,0,0,0,0,0,0,0,0,0,0,0,0,0,0,0,0,0,0,0,0,0,0,0,0,0,0,0,0,0,0,0,0,0,0,0,0,0,0,0,0,0,0,0,0,-0.002331,0
0,0,0,0,0,0,0,0,0,0,0,0,0,0,0,0,0,0,0,0,0,0,0,0,0,0,0,0,0,0,0,0,0,0,0,0,0,0,0,0,0,0,0,0,0,0,0,0,0,0,0,0,0,0,0,0,0,0,0,0,0,0,0,0,0,-0.001008,0
0,0,0,0,0,0,0,0,0,0,0,0,0,0,0,0,0,0,0,0,0,0,0,0,0,0,0,0,0,0,0,0,0,0,0,0,0,0,0,0,0,0,0,0,0,0,0,0,0,0,0,0,0,0,0,0,0,0,0,0,0,0,0,0,0,-0.00368,0
0,0,0,0,0,0,0,0,0,0,0,0,0,0,0,0,0,0,0,0,0,0,0,0,0,0,0,0,0,0,0,0,0,0,0,0,0,0,0,0,0,0,0,0,0,0,0,0,0,0,0,0,0,0,0,0,0,0,0,0,0,0,0,0,0,-0.003194,0
0,0,0,0,0,0,0,0,0,0,0,0,0,0,0,0,0,0,0,0,0,0,0,0,0,0,0,0,0,0,0,0,0,0,0,0,0,0,0,0,0,0,0,0,0,0,0,0,0,0,0,0,0,0,0,0,0,0,0,0,0,0,0,0,0,-0.001913,0
0,0,0,0,0,0,0,0,0,0,0,0,0,0,0,0,0,0,0,0,0,0,0,0,0,0,0,0,0,0,0,0,0,0,0,0,0,0,0,0,0,0,0,0,0,0,0,0,0,0,0,0,0,0,0,0,0,0,0,0,0,0,0,0,0,-0.001596,0
0,0,0,0,0,0,0,0,0,0,0,0,0,0,0,0,0,0,0,0,0,0,0,0,0,0,0,0,0,0,0,0,0,0,0,0,0,0,0,0,0,0,0,0,0,0,0,0,0,0,0,0,0,0,0,0,0,0,0,0,0,0,0,0,0,-0.001557,0
0,0,0,0,0,0,0,0,0,0,0,0,0,0,0,0,0,0,0,0,0,0,0,0,0,0,0,0,0,0,0,0,0,0,0,0,0,0,0,0,0,0,0,0,0,0,0,0,0,0,0,0,0,0,0,0,0,0,0,0,0,0,0,0,0,0.002486,0
0,0,0,0,0,0,0,0,0,0,0,0,0,0,0,0,0,0,0,0,0,0,0,0,0,0,0,0,0,0,0,0,0,0,0,0,0,0,0,0,0,0,0,0,0,0,0,0,0,0,0,0,0,0,0,0,0,0,0,0,0,0,0,0,0,0.001692,0
0,0,0,0,0,0,0,0,0,0,0,0,0,0,0,0,0,0,0,0,0,0,0,0,0,0,0,0,0,0,0,0,0,0,0,0,0,0,0,0,0,0,0,0,0,0,0,0,0,0,0,0,0,0,0,0,0,0,0,0,0,0,0,0,0,0.001781,0
0,0,0,0,0,0,0,0,0,0,0,0,0,0,0,0,0,0,0,0,0,0,0,0,0,0,0,0,0,0,0,0,0,0,0,0,0,0,0,0,0,0,0,0,0,0,0,0,0,0,0,0,0,0,0,0,0,0,0,0,0,0,0,0,0,0.0007607,0
0,0,0,0,0,0,0,0,0,0,0,0,0,0,0,0,0,0,0,0,0,0,0,0,0,0,0,0,0,0,0,0,0,0,0,0,0,0,0,0,0,0,0,0,0,0,0,0,0,0,0,0,0,0,0,0,0,0,0,0,0,0,0,0,0,0.001635,0
0,0,0,0,0,0,0,0,0,0,0,0,0,0,0,0,0,0,0,0,0,0,0,0,0,0,0,0,0,0,0,0,0,0,0,0,0,0,0,0,0,0,0,0,0,0,0,0,0,0,0,0,0,0,0,0,0,0,0,0,0,0,0,0,0,0.001047,0
0,0,0,0,0,0,0,0,0,0,0,0,0,0,0,0,0,0,0,0,0,0,0,0,0,0,0,0,0,0,0,0,0,0,0,0,0,0,0,0,0,0,0,0,0,0,0,0,0,0,0,0,0,0,0,0,0,0,0,0,0,0,0,0,0,0.001311,0
0,0,0,0,0,0,0,0,0,0,0,0,0,0,0,0,0,0,0,0,0,0,0,0,0,0,0,0,0,0,0,0,0,0,0,0,0,0,0,0,0,0,0,0,0,0,0,0,0,0,0,0,0,0,0,0,0,0,0,0,0,0,0,0,0,0.001559,0
0,0,0,0,0,0,0,0,0,0,0,0,0,0,0,0,0,0,0,0,0,0,0,0,0,0,0,0,0,0,0,0,0,0,0,0,0,0,0,0,0,0,0,0,0,0,0,0,0,0,0,0,0,0,0,0,0,0,0,0,0,0,0,0,0,0.002489,0
0,0,0,0,0,0,0,0,0,0,0,0,0,0,0,0,0,0,0,0,0,0,0,0,0,0,0,0,0,0,0,0,0,0,0,0,0,0,0,0,0,0,0,0,0,0,0,0,0,0,0,0,0,0,0,0,0,0,0,0,0,0,0,0,0,0.0003616,0
0,0,0,0,0,0,0,0,0,0,0,0,0,0,0,0,0,0,0,0,0,0,0,0,0,0,0,0,0,0,0,0,0,0,0,0,0,0,0,0,0,0,0,0,0,0,0,0,0,0,0,0,0,0,0,0,0,0,0,0,0,0,0,0,0,0.00162,0
0,0,0,0,0,0,0,0,0,0,0,0,0,0,0,0,0,0,0,0,0,0,0,0,0,0,0,0,0,0,0,0,0,0,0,0,0,0,0,0,0,0,0,0,0,0,0,0,0,0,0,0,0,0,0,0,0,0,0,0,0,0,0,0,0,0.001255,0
0,0,0,0,0,0,0,0,0,0,0,0,0,0,0,0,0,0,0,0,0,0,0,0,0,0,0,0,0,0,0,0,0,0,0,0,0,0,0,0,0,0,0,0,0,0,0,0,0,0,0,0,0,0,0,0,0,0,0,0,0,0,0,0,0,0.001105,0
0,0,0,0,0,0,0,0,0,0,0,0,0,0,0,0,0,0,0,0,0,0,0,0,0,0,0,0,0,0,0,0,0,0,0,0,0,0,0,0,0,0,0,0,0,0,0,0,0,0,0,0,0,0,0,0,0,0,0,0,0,0,0,0,0,9.995e-005,0
0,0,0,0,0,0,0,0,0,0,0,0,0,0,0,0,0,0,0,0,0,0,0,0,0,0,0,0,0,0,0,0,0,0,0,0,0,0,0,0,0,0,0,0,0,0,0,0,0,0,0,0,0,0,0,0,0,0,0,0,0,0,0,0,0,0.0004456,0
0,0,0,0,0,0,0,0,0,0,0,0,0,0,0,0,0,0,0,0,0,0,0,0,0,0,0,0,0,0,0,0,0,0,0,0,0,0,0,0,0,0,0,0,0,0,0,0,0,0,0,0,0,0,0,0,0,0,0,0,0,0,0,0,0,-0.0001701,0
0,0,0,0,0,0,0,0,0,0,0,0,0,0,0,0,0,0,0,0,0,0,0,0,0,0,0,0,0,0,0,0,0,0,0,0,0,0,0,0,0,0,0,0,0,0,0,0,0,0,0,0,0,0,0,0,0,0,0,0,0,0,0,0,0,-9.155e-006,0
0,0,0,0,0,0,0,0,0,0,0,0,0,0,0,0,0,0,0,0,0,0,0,0,0,0,0,0,0,0,0,0,0,0,0,0,0,0,0,0,0,0,0,0,0,0,0,0,0,0,0,0,0,0,0,0,0,0,0,0,0,0,0,0,0,-0.0005913,0
0,0,0,0,0,0,0,0,0,0,0,0,0,0,0,0,0,0,0,0,0,0,0,0,0,0,0,0,0,0,0,0,0,0,0,0,0,0,0,0,0,0,0,0,0,0,0,0,0,0,0,0,0,0,0,0,0,0,0,0,0,0,0,0,0,-0.000312,0
0,0,0,0,0,0,0,0,0,0,0,0,0,0,0,0,0,0,0,0,0,0,0,0,0,0,0,0,0,0,0,0,0,0,0,0,0,0,0,0,0,0,0,0,0,0,0,0,0,0,0,0,0,0,0,0,0,0,0,0,0,0,0,0,0,-8.163e-005,0
0,0,0,0,0,0,0,0,0,0,0,0,0,0,0,0,0,0,0,0,0,0,0,0,0,0,0,0,0,0,0,0,0,0,0,0,0,0,0,0,0,0,0,0,0,0,0,0,0,0,0,0,0,0,0,0,0,0,0,0,0,0,0,0,0,-0.0004166,0
0,0,0,0,0,0,0,0,0,0,0,0,0,0,0,0,0,0,0,0,0,0,0,0,0,0,0,0,0,0,0,0,0,0,0,0,0,0,0,0,0,0,0,0,0,0,0,0,0,0,0,0,0,0,0,0,0,0,0,0,0,0,0,0,0,-0.0004707,0
0,0,0,0,0,0,0,0,0,0,0,0,0,0,0,0,0,0,0,0,0,0,0,0,0,0,0,0,0,0,0,0,0,0,0,0,0,0,0,0,0,0,0,0,0,0,0,0,0,0,0,0,0,0,0,0,0,0,0,0,0,0,0,0,0,-0.0002014,0
0,0,0,0,0,0,0,0,0,0,0,0,0,0,0,0,0,0,0,0,0,0,0,0,0,0,0,0,0,0,0,0,0,0,0,0,0,0,0,0,0,0,0,0,0,0,0,0,0,0,0,0,0,0,0,0,0,0,0,0,0,0,0,0,0,-0.0005188,0
0,0,0,0,0,0,0,0,0,0,0,0,0,0,0,0,0,0,0,0,0,0,0,0,0,0,0,0,0,0,0,0,0,0,0,0,0,0,0,0,0,0,0,0,0,0,0,0,0,0,0,0,0,0,0,0,0,0,0,0,0,0,0,0,0,-8.926e-005,0
0,0,0,0,0,0,0,0,0,0,0,0,0,0,0,0,0,0,0,0,0,0,0,0,0,0,0,0,0,0,0,0,0,0,0,0,0,0,0,0,0,0,0,0,0,0,0,0,0,0,0,0,0,0,0,0,0,0,0,0,0,0,0,0,0,-0.001102,0
0,0,0,0,0,0,0,0,0,0,0,0,0,0,0,0,0,0,0,0,0,0,0,0,0,0,0,0,0,0,0,0,0,0,0,0,0,0,0,0,0,0,0,0,0,0,0,0,0,0,0,0,0,0,0,0,0,0,0,0,0,0,0,0,0,-0.0002129,0
0,0,0,0,0,0,0,0,0,0,0,0,0,0,0,0,0,0,0,0,0,0,0,0,0,0,0,0,0,0,0,0,0,0,0,0,0,0,0,0,0,0,0,0,0,0,0,0,0,0,0,0,0,0,0,0,0,0,0,0,0,0,0,0,0,-0.0007057,0
0,0,0,0,0,0,0,0,0,0,0,0,0,0,0,0,0,0,0,0,0,0,0,0,0,0,0,0,0,0,0,0,0,0,0,0,0,0,0,0,0,0,0,0,0,0,0,0,0,0,0,0,0,0,0,0,0,0,0,0,0,0,0,0,0,0.0006607,0
0,0,0,0,0,0,0,0,0,0,0,0,0,0,0,0,0,0,0,0,0,0,0,0,0,0,0,0,0,0,0,0,0,0,0,0,0,0,0,0,0,0,0,0,0,0,0,0,0,0,0,0,0,0,0,0,0,0,0,0,0,0,0,0,0,-0.0004753,0
0,0,0,0,0,0,0,0,0,0,0,0,0,0,0,0,0,0,0,0,0,0,0,0,0,0,0,0,0,0,0,0,0,0,0,0,0,0,0,0,0,0,0,0,0,0,0,0,0,0,0,0,0,0,0,0,0,0,0,0,0,0,0,0,0,0.0004005,0
0,0,0,0,0,0,0,0,0,0,0,0,0,0,0,0,0,0,0,0,0,0,0,0,0,0,0,0,0,0,0,0,0,0,0,0,0,0,0,0,0,0,0,0,0,0,0,0,0,0,0,0,0,0,0,0,0,0,0,0,0,0,0,0,0,0.0002937,0
0,0,0,0,0,0,0,0,0,0,0,0,0,0,0,0,0,0,0,0,0,0,0,0,0,0,0,0,0,0,0,0,0,0,0,0,0,0,0,0,0,0,0,0,0,0,0,0,0,0,0,0,0,0,0,0,0,0,0,0,0,0,0,0,0,0.001467,0
0,0,0,0,0,0,0,0,0,0,0,0,0,0,0,0,0,0,0,0,0,0,0,0,0,0,0,0,0,0,0,0,0,0,0,0,0,0,0,0,0,0,0,0,0,0,0,0,0,0,0,0,0,0,0,0,0,0,0,0,0,0,0,0,0,0.0004852,0
0,0,0,0,0,0,0,0,0,0,0,0,0,0,0,0,0,0,0,0,0,0,0,0,0,0,0,0,0,0,0,0,0,0,0,0,0,0,0,0,0,0,0,0,0,0,0,0,0,0,0,0,0,0,0,0,0,0,0,0,0,0,0,0,0,0.001432,0
0,0,0,0,0,0,0,0,0,0,0,0,0,0,0,0,0,0,0,0,0,0,0,0,0,0,0,0,0,0,0,0,0,0,0,0,0,0,0,0,0,0,0,0,0,0,0,0,0,0,0,0,0,0,0,0,0,0,0,0,0,0,0,0,0,0.001505,0
0,0,0,0,0,0,0,0,0,0,0,0,0,0,0,0,0,0,0,0,0,0,0,0,0,0,0,0,0,0,0,0,0,0,0,0,0,0,0,0,0,0,0,0,0,0,0,0,0,0,0,0,0,0,0,0,0,0,0,0,0,0,0,0,0,0.0006157,0
0,0,0,0,0,0,0,0,0,0,0,0,0,0,0,0,0,0,0,0,0,0,0,0,0,0,0,0,0,0,0,0,0,0,0,0,0,0,0,0,0,0,0,0,0,0,0,0,0,0,0,0,0,0,0,0,0,0,0,0,0,0,0,0,0,0.0001839,0
0,0,0,0,0,0,0,0,0,0,0,0,0,0,0,0,0,0,0,0,0,0,0,0,0,0,0,0,0,0,0,0,0,0,0,0,0,0,0,0,0,0,0,0,0,0,0,0,0,0,0,0,0,0,0,0,0,0,0,0,0,0,0,0,0,0.0006531,0
0,0,0,0,0,0,0,0,0,0,0,0,0,0,0,0,0,0,0,0,0,0,0,0,0,0,0,0,0,0,0,0,0,0,0,0,0,0,0,0,0,0,0,0,0,0,0,0,0,0,0,0,0,0,0,0,0,0,0,0,0,0,0,0,0,0.0007385,0
0,0,0,0,0,0,0,0,0,0,0,0,0,0,0,0,0,0,0,0,0,0,0,0,0,0,0,0,0,0,0,0,0,0,0,0,0,0,0,0,0,0,0,0,0,0,0,0,0,0,0,0,0,0,0,0,0,0,0,0,0,0,0,0,0,0.0006081,0
0,0,0,0,0,0,0,0,0,0,0,0,0,0,0,0,0,0,0,0,0,0,0,0,0,0,0,0,0,0,0,0,0,0,0,0,0,0,0,0,0,0,0,0,0,0,0,0,0,0,0,0,0,0,0,0,0,0,0,0,0,0,0,0,0,0.000705,0
0,0,0,0,0,0,0,0,0,0,0,0,0,0,0,0,0,0,0,0,0,0,0,0,0,0,0,0,0,0,0,0,0,0,0,0,0,0,0,0,0,0,0,0,0,0,0,0,0,0,0,0,0,0,0,0,0,0,0,0,0,0,0,0,0,0.0003006,0
0,0,0,0,0,0,0,0,0,0,0,0,0,0,0,0,0,0,0,0,0,0,0,0,0,0,0,0,0,0,0,0,0,0,0,0,0,0,0,0,0,0,0,0,0,0,0,0,0,0,0,0,0,0,0,0,0,0,0,0,0,0,0,0,0,0.000161,0
0,0,0,0,0,0,0,0,0,0,0,0,0,0,0,0,0,0,0,0,0,0,0,0,0,0,0,0,0,0,0,0,0,0,0,0,0,0,0,0,0,0,0,0,0,0,0,0,0,0,0,0,0,0,0,0,0,0,0,0,0,0,0,0,0,-0.0009232,0
0,0,0,0,0,0,0,0,0,0,0,0,0,0,0,0,0,0,0,0,0,0,0,0,0,0,0,0,0,0,0,0,0,0,0,0,0,0,0,0,0,0,0,0,0,0,0,0,0,0,0,0,0,0,0,0,0,0,0,0,0,0,0,0,0,-0.0009552,0
0,0,0,0,0,0,0,0,0,0,0,0,0,0,0,0,0,0,0,0,0,0,0,0,0,0,0,0,0,0,0,0,0,0,0,0,0,0,0,0,0,0,0,0,0,0,0,0,0,0,0,0,0,0,0,0,0,0,0,0,0,0,0,0,0,-0.0003151,0
0,0,0,0,0,0,0,0,0,0,0,0,0,0,0,0,0,0,0,0,0,0,0,0,0,0,0,0,0,0,0,0,0,0,0,0,0,0,0,0,0,0,0,0,0,0,0,0,0,0,0,0,0,0,0,0,0,0,0,0,0,0,0,0,0,0.000148,0
0,0,0,0,0,0,0,0,0,0,0,0,0,0,0,0,0,0,0,0,0,0,0,0,0,0,0,0,0,0,0,0,0,0,0,0,0,0,0,0,0,0,0,0,0,0,0,0,0,0,0,0,0,0,0,0,0,0,0,0,0,0,0,0,0,-2.975e-005,0
0,0,0,0,0,0,0,0,0,0,0,0,0,0,0,0,0,0,0,0,0,0,0,0,0,0,0,0,0,0,0,0,0,0,0,0,0,0,0,0,0,0,0,0,0,0,0,0,0,0,0,0,0,0,0,0,0,0,0,0,0,0,0,0,0,0.001288,0
0,0,0,0,0,0,0,0,0,0,0,0,0,0,0,0,0,0,0,0,0,0,0,0,0,0,0,0,0,0,0,0,0,0,0,0,0,0,0,0,0,0,0,0,0,0,0,0,0,0,0,0,0,0,0,0,0,0,0,0,0,0,0,0,0,0.001262,0
0,0,0,0,0,0,0,0,0,0,0,0,0,0,0,0,0,0,0,0,0,0,0,0,0,0,0,0,0,0,0,0,0,0,0,0,0,0,0,0,0,0,0,0,0,0,0,0,0,0,0,0,0,0,0,0,0,0,0,0,0,0,0,0,0,0.001059,0
0,0,0,0,0,0,0,0,0,0,0,0,0,0,0,0,0,0,0,0,0,0,0,0,0,0,0,0,0,0,0,0,0,0,0,0,0,0,0,0,0,0,0,0,0,0,0,0,0,0,0,0,0,0,0,0,0,0,0,0,0,0,0,0,0,0.001052,0
0,0,0,0,0,0,0,0,0,0,0,0,0,0,0,0,0,0,0,0,0,0,0,0,0,0,0,0,0,0,0,0,0,0,0,0,0,0,0,0,0,0,0,0,0,0,0,0,0,0,0,0,0,0,0,0,0,0,0,0,0,0,0,0,0,0.001611,0
0,0,0,0,0,0,0,0,0,0,0,0,0,0,0,0,0,0,0,0,0,0,0,0,0,0,0,0,0,0,0,0,0,0,0,0,0,0,0,0,0,0,0,0,0,0,0,0,0,0,0,0,0,0,0,0,0,0,0,0,0,0,0,0,0,0.001014,0
0,0,0,0,0,0,0,0,0,0,0,0,0,0,0,0,0,0,0,0,0,0,0,0,0,0,0,0,0,0,0,0,0,0,0,0,0,0,0,0,0,0,0,0,0,0,0,0,0,0,0,0,0,0,0,0,0,0,0,0,0,0,0,0,0,0.001761,0
0,0,0,0,0,0,0,0,0,0,0,0,0,0,0,0,0,0,0,0,0,0,0,0,0,0,0,0,0,0,0,0,0,0,0,0,0,0,0,0,0,0,0,0,0,0,0,0,0,0,0,0,0,0,0,0,0,0,0,0,0,0,0,0,0,0.001958,0
0,0,0,0,0,0,0,0,0,0,0,0,0,0,0,0,0,0,0,0,0,0,0,0,0,0,0,0,0,0,0,0,0,0,0,0,0,0,0,0,0,0,0,0,0,0,0,0,0,0,0,0,0,0,0,0,0,0,0,0,0,0,0,0,0,0.001693,0
0,0,0,0,0,0,0,0,0,0,0,0,0,0,0,0,0,0,0,0,0,0,0,0,0,0,0,0,0,0,0,0,0,0,0,0,0,0,0,0,0,0,0,0,0,0,0,0,0,0,0,0,0,0,0,0,0,0,0,0,0,0,0,0,0,0.002028,0
0,0,0,0,0,0,0,0,0,0,0,0,0,0,0,0,0,0,0,0,0,0,0,0,0,0,0,0,0,0,0,0,0,0,0,0,0,0,0,0,0,0,0,0,0,0,0,0,0,0,0,0,0,0,0,0,0,0,0,0,0,0,0,0,0,0.002437,0
0,0,0,0,0,0,0,0,0,0,0,0,0,0,0,0,0,0,0,0,0,0,0,0,0,0,0,0,0,0,0,0,0,0,0,0,0,0,0,0,0,0,0,0,0,0,0,0,0,0,0,0,0,0,0,0,0,0,0,0,0,0,0,0,0,0.00161,0
0,0,0,0,0,0,0,0,0,0,0,0,0,0,0,0,0,0,0,0,0,0,0,0,0,0,0,0,0,0,0,0,0,0,0,0,0,0,0,0,0,0,0,0,0,0,0,0,0,0,0,0,0,0,0,0,0,0,0,0,0,0,0,0,0,0.001028,0
0,0,0,0,0,0,0,0,0,0,0,0,0,0,0,0,0,0,0,0,0,0,0,0,0,0,0,0,0,0,0,0,0,0,0,0,0,0,0,0,0,0,0,0,0,0,0,0,0,0,0,0,0,0,0,0,0,0,0,0,0,0,0,0,0,0.001919,0
0,0,0,0,0,0,0,0,0,0,0,0,0,0,0,0,0,0,0,0,0,0,0,0,0,0,0,0,0,0,0,0,0,0,0,0,0,0,0,0,0,0,0,0,0,0,0,0,0,0,0,0,0,0,0,0,0,0,0,0,0,0,0,0,0,0.0007866,0
0,0,0,0,0,0,0,0,0,0,0,0,0,0,0,0,0,0,0,0,0,0,0,0,0,0,0,0,0,0,0,0,0,0,0,0,0,0,0,0,0,0,0,0,0,0,0,0,0,0,0,0,0,0,0,0,0,0,0,0,0,0,0,0,0,0.001471,0
0,0,0,0,0,0,0,0,0,0,0,0,0,0,0,0,0,0,0,0,0,0,0,0,0,0,0,0,0,0,0,0,0,0,0,0,0,0,0,0,0,0,0,0,0,0,0,0,0,0,0,0,0,0,0,0,0,0,0,0,0,0,0,0,0,0.001588,0
0,0,0,0,0,0,0,0,0,0,0,0,0,0,0,0,0,0,0,0,0,0,0,0,0,0,0,0,0,0,0,0,0,0,0,0,0,0,0,0,0,0,0,0,0,0,0,0,0,0,0,0,0,0,0,0,0,0,0,0,0,0,0,0,0,0.00164,0
0,0,0,0,0,0,0,0,0,0,0,0,0,0,0,0,0,0,0,0,0,0,0,0,0,0,0,0,0,0,0,0,0,0,0,0,0,0,0,0,0,0,0,0,0,0,0,0,0,0,0,0,0,0,0,0,0,0,0,0,0,0,0,0,0,0.0006111,0
0,0,0,0,0,0,0,0,0,0,0,0,0,0,0,0,0,0,0,0,0,0,0,0,0,0,0,0,0,0,0,0,0,0,0,0,0,0,0,0,0,0,0,0,0,0,0,0,0,0,0,0,0,0,0,0,0,0,0,0,0,0,0,0,0,0.0001404,0
0,0,0,0,0,0,0,0,0,0,0,0,0,0,0,0,0,0,0,0,0,0,0,0,0,0,0,0,0,0,0,0,0,0,0,0,0,0,0,0,0,0,0,0,0,0,0,0,0,0,0,0,0,0,0,0,0,0,0,0,0,0,0,0,0,-0.0004219,0
0,0,0,0,0,0,0,0,0,0,0,0,0,0,0,0,0,0,0,0,0,0,0,0,0,0,0,0,0,0,0,0,0,0,0,0,0,0,0,0,0,0,0,0,0,0,0,0,0,0,0,0,0,0,0,0,0,0,0,0,0,0,0,0,0,-0.0009026,0
0,0,0,0,0,0,0,0,0,0,0,0,0,0,0,0,0,0,0,0,0,0,0,0,0,0,0,0,0,0,0,0,0,0,0,0,0,0,0,0,0,0,0,0,0,0,0,0,0,0,0,0,0,0,0,0,0,0,0,0,0,0,0,0,0,-0.001963,0
0,0,0,0,0,0,0,0,0,0,0,0,0,0,0,0,0,0,0,0,0,0,0,0,0,0,0,0,0,0,0,0,0,0,0,0,0,0,0,0,0,0,0,0,0,0,0,0,0,0,0,0,0,0,0,0,0,0,0,0,0,0,0,0,0,-0.001475,0
0,0,0,0,0,0,0,0,0,0,0,0,0,0,0,0,0,0,0,0,0,0,0,0,0,0,0,0,0,0,0,0,0,0,0,0,0,0,0,0,0,0,0,0,0,0,0,0,0,0,0,0,0,0,0,0,0,0,0,0,0,0,0,0,0,-0.001544,0
0,0,0,0,0,0,0,0,0,0,0,0,0,0,0,0,0,0,0,0,0,0,0,0,0,0,0,0,0,0,0,0,0,0,0,0,0,0,0,0,0,0,0,0,0,0,0,0,0,0,0,0,0,0,0,0,0,0,0,0,0,0,0,0,0,-0.002306,0
0,0,0,0,0,0,0,0,0,0,0,0,0,0,0,0,0,0,0,0,0,0,0,0,0,0,0,0,0,0,0,0,0,0,0,0,0,0,0,0,0,0,0,0,0,0,0,0,0,0,0,0,0,0,0,0,0,0,0,0,0,0,0,0,0,-0.001426,0
0,0,0,0,0,0,0,0,0,0,0,0,0,0,0,0,0,0,0,0,0,0,0,0,0,0,0,0,0,0,0,0,0,0,0,0,0,0,0,0,0,0,0,0,0,0,0,0,0,0,0,0,0,0,0,0,0,0,0,0,0,0,0,0,0,-0.0006493,0
0,0,0,0,0,0,0,0,0,0,0,0,0,0,0,0,0,0,0,0,0,0,0,0,0,0,0,0,0,0,0,0,0,0,0,0,0,0,0,0,0,0,0,0,0,0,0,0,0,0,0,0,0,0,0,0,0,0,0,0,0,0,0,0,0,-0.000946,0
0,0,0,0,0,0,0,0,0,0,0,0,0,0,0,0,0,0,0,0,0,0,0,0,0,0,0,0,0,0,0,0,0,0,0,0,0,0,0,0,0,0,0,0,0,0,0,0,0,0,0,0,0,0,0,0,0,0,0,0,0,0,0,0,0,-0.0004196,0
0,0,0,0,0,0,0,0,0,0,0,0,0,0,0,0,0,0,0,0,0,0,0,0,0,0,0,0,0,0,0,0,0,0,0,0,0,0,0,0,0,0,0,0,0,0,0,0,0,0,0,0,0,0,0,0,0,0,0,0,0,0,0,0,0,0.0003807,0
0,0,0,0,0,0,0,0,0,0,0,0,0,0,0,0,0,0,0,0,0,0,0,0,0,0,0,0,0,0,0,0,0,0,0,0,0,0,0,0,0,0,0,0,0,0,0,0,0,0,0,0,0,0,0,0,0,0,0,0,0,0,0,0,0,0.0005486,0
0,0,0,0,0,0,0,0,0,0,0,0,0,0,0,0,0,0,0,0,0,0,0,0,0,0,0,0,0,0,0,0,0,0,0,0,0,0,0,0,0,0,0,0,0,0,0,0,0,0,0,0,0,0,0,0,0,0,0,0,0,0,0,0,0,3.662e-005,0
0,0,0,0,0,0,0,0,0,0,0,0,0,0,0,0,0,0,0,0,0,0,0,0,0,0,0,0,0,0,0,0,0,0,0,0,0,0,0,0,0,0,0,0,0,0,0,0,0,0,0,0,0,0,0,0,0,0,0,0,0,0,0,0,0,6.714e-005,0
0,0,0,0,0,0,0,0,0,0,0,0,0,0,0,0,0,0,0,0,0,0,0,0,0,0,0,0,0,0,0,0,0,0,0,0,0,0,0,0,0,0,0,0,0,0,0,0,0,0,0,0,0,0,0,0,0,0,0,0,0,0,0,0,0,0.0001389,0
0,0,0,0,0,0,0,0,0,0,0,0,0,0,0,0,0,0,0,0,0,0,0,0,0,0,0,0,0,0,0,0,0,0,0,0,0,0,0,0,0,0,0,0,0,0,0,0,0,0,0,0,0,0,0,0,0,0,0,0,0,0,0,0,0,-0.0001472,0
0,0,0,0,0,0,0,0,0,0,0,0,0,0,0,0,0,0,0,0,0,0,0,0,0,0,0,0,0,0,0,0,0,0,0,0,0,0,0,0,0,0,0,0,0,0,0,0,0,0,0,0,0,0,0,0,0,0,0,0,0,0,0,0,0,-0.001048,0
0,0,0,0,0,0,0,0,0,0,0,0,0,0,0,0,0,0,0,0,0,0,0,0,0,0,0,0,0,0,0,0,0,0,0,0,0,0,0,0,0,0,0,0,0,0,0,0,0,0,0,0,0,0,0,0,0,0,0,0,0,0,0,0,0,-7.629e-006,0
0,0,0,0,0,0,0,0,0,0,0,0,0,0,0,0,0,0,0,0,0,0,0,0,0,0,0,0,0,0,0,0,0,0,0,0,0,0,0,0,0,0,0,0,0,0,0,0,0,0,0,0,0,0,0,0,0,0,0,0,0,0,0,0,0,-0.0005989,0
0,0,0,0,0,0,0,0,0,0,0,0,0,0,0,0,0,0,0,0,0,0,0,0,0,0,0,0,0,0,0,0,0,0,0,0,0,0,0,0,0,0,0,0,0,0,0,0,0,0,0,0,0,0,0,0,0,0,0,0,0,0,0,0,0,0.0002945,0
0,0,0,0,0,0,0,0,0,0,0,0,0,0,0,0,0,0,0,0,0,0,0,0,0,0,0,0,0,0,0,0,0,0,0,0,0,0,0,0,0,0,0,0,0,0,0,0,0,0,0,0,0,0,0,0,0,0,0,0,0,0,0,0,0,-0.0005112,0
0,0,0,0,0,0,0,0,0,0,0,0,0,0,0,0,0,0,0,0,0,0,0,0,0,0,0,0,0,0,0,0,0,0,0,0,0,0,0,0,0,0,0,0,0,0,0,0,0,0,0,0,0,0,0,0,0,0,0,0,0,0,0,0,0,0.0001129,0
0,0,0,0,0,0,0,0,0,0,0,0,0,0,0,0,0,0,0,0,0,0,0,0,0,0,0,0,0,0,0,0,0,0,0,0,0,0,0,0,0,0,0,0,0,0,0,0,0,0,0,0,0,0,0,0,0,0,0,0,0,0,0,0,0,-0.001676,0
0,0,0,0,0,0,0,0,0,0,0,0,0,0,0,0,0,0,0,0,0,0,0,0,0,0,0,0,0,0,0,0,0,0,0,0,0,0,0,0,0,0,0,0,0,0,0,0,0,0,0,0,0,0,0,0,0,0,0,0,0,0,0,0,0,-0.001439,0
0,0,0,0,0,0,0,0,0,0,0,0,0,0,0,0,0,0,0,0,0,0,0,0,0,0,0,0,0,0,0,0,0,0,0,0,0,0,0,0,0,0,0,0,0,0,0,0,0,0,0,0,0,0,0,0,0,0,0,0,0,0,0,0,0,-0.002947,0
0,0,0,0,0,0,0,0,0,0,0,0,0,0,0,0,0,0,0,0,0,0,0,0,0,0,0,0,0,0,0,0,0,0,0,0,0,0,0,0,0,0,0,0,0,0,0,0,0,0,0,0,0,0,0,0,0,0,0,0,0,0,0,0,0,-0.002587,0
0,0,0,0,0,0,0,0,0,0,0,0,0,0,0,0,0,0,0,0,0,0,0,0,0,0,0,0,0,0,0,0,0,0,0,0,0,0,0,0,0,0,0,0,0,0,0,0,0,0,0,0,0,0,0,0,0,0,0,0,0,0,0,0,0,-0.00405,0
