-0.04012,-0.05429,-0.0674,0.01102,-0.004745,-0.0421,-0.0277,-0.02755,-0.0008926,-0.04182,0.004223,-0.03622,0.0007286,-0.06247,-0.009773,-0.01297,-0.05601,0.001484,-0.02419,0.006138,-0.02299,-0.02445,-0.01827,-0.01781,0.0002327,0.01177,0.02161,-0.01434,0.00419,-0.01363,-0.02573,0.001797,-0.01891,0.03177,-0.02826,-0.01809,0.001553,-0.01907,-0.01035,-0.006569,0.01025,0.03272,0.03502,3.815e-006,0.01236,0.02068
-0.04012,-0.05429,-0.0674,0.01102,-0.004745,-0.0421,-0.0277,-0.02883,-0.007047,-0.04182,0.004223,-0.03622,0.0007286,-0.06247,-0.009773,-0.01281,-0.05601,0.001484,-0.02419,0.006138,-0.02299,-0.02445,-0.01827,-0.01781,0.0002327,0.01177,0.02161,-0.01434,0.004421,-0.01363,-0.02573,0.001797,-0.01633,0.03177,-0.02826,-0.01809,0.001553,-0.01907,-0.01035,-0.006569,0.01025,0.03174,0.03502,3.815e-006,0.01236,0.02068
-0.04835,-0.05539,-0.06422,0.01011,-0.007576,-0.04183,-0.03029,-0.02324,-0.009828,-0.04262,0.005434,-0.02853,-7.82e-005,-0.0514,-0.01106,-0.01183,-0.05298,0.001932,-0.02787,0.002216,-0.02079,-0.02209,-0.01608,-0.01782,0.0001583,0.01228,0.01426,-0.01985,0.004397,-0.01341,-0.01202,-0.0006027,-0.01515,0.03262,-0.02958,-0.02189,0.00141,-0.02149,-0.008684,-0.006264,0.008587,0.02983,0.0406,-0.0002022,0.01249,0.02034
-0.04861,-0.05467,-0.05906,0.01072,-0.009681,-0.04281,-0.03075,-0.01882,-0.0113,-0.04703,0.00402,-0.009473,-0.000178,-0.0449,-0.009322,-0.01386,-0.04966,0.0002263,-0.02676,0.004842,-0.02709,-0.02211,-0.01735,-0.018,0.0002035,0.02351,0.009496,-0.01988,0.004307,-0.01293,-0.02175,-0.002506,-0.01633,0.03255,-0.02959,-0.02353,0.001027,-0.02228,-0.009533,-0.006274,0.009239,0.03072,0.03964,-0.0002696,0.01569,0.02181
-0.0501,-0.05313,-0.05141,0.009122,-0.01149,-0.0434,-0.03139,-0.01493,-0.01059,-0.04859,0.003084,-0.004992,-0.0002022,-0.03867,-0.006478,-0.01523,-0.04786,-0.000989,-0.02097,0.0138,-0.02699,-0.02047,-0.01807,-0.01686,1.335e-005,0.02639,0.00936,-0.0188,0.00215,-0.0114,-0.02442,0.01324,-0.01715,0.03139,-0.02905,-0.02338,0.000906,-0.02925,-0.01106,-0.007515,0.00949,0.03088,0.03769,-0.0001507,0.02326,0.02265
-0.05192,-0.0486,-0.05009,0.006276,-0.01171,-0.04508,-0.03221,-0.01185,-0.01081,-0.0453,-0.001587,-0.001227,-0.0001743,-0.03451,-0.002109,-0.01175,-0.04939,0.002572,-0.02126,0.0137,-0.02683,-0.0205,-0.01717,-0.01961,0.0003044,0.03208,0.007084,-0.01802,0.0009737,-0.01133,-0.02185,0.01463,-0.01269,0.032,-0.02879,-0.01763,0.0006996,-0.03091,-0.01327,-0.01021,0.009525,0.02919,0.03672,-0.0003525,0.01815,0.02265
-0.05393,-0.04675,-0.04499,0.005927,-0.01569,-0.04546,-0.03281,-0.009663,-0.01142,-0.04449,-0.002736,-0.0001859,-0.0002346,-0.02717,-0.001178,-0.01235,-0.04654,0.001137,-0.02596,0.01234,-0.02826,-0.02045,-0.01622,-0.02083,0.0001091,0.03724,0.00727,-0.01733,0.001241,-0.01023,-0.02365,0.01842,-0.005554,0.03027,-0.0289,-0.01767,0.000518,-0.03069,-0.01561,-0.01299,0.009013,0.02861,0.03713,-0.0003746,0.02654,0.02275
-0.05685,-0.04563,-0.03805,-0.0023,-0.01404,-0.04532,-0.03204,-0.008381,-0.01222,-0.04528,-0.002372,0.0001913,-0.0003094,-0.02505,0.001455,-0.01189,-0.04599,-0.001233,-0.02972,0.01351,-0.03499,-0.02221,-0.01765,-0.0229,0.0001678,0.04094,0.009824,-0.01822,0.003099,-0.01109,-0.02442,0.01976,0.0112,0.03154,-0.02871,-0.01847,0.001482,-0.03023,-0.01583,-0.01573,0.008965,0.02986,0.03659,-0.0005142,0.03636,0.02235
-0.05938,-0.04301,-0.03319,-0.003823,-0.01514,-0.0443,-0.02785,-0.007253,-0.01345,-0.04615,-0.001792,0.0007008,-0.0001166,-0.02911,0.001827,-0.01257,-0.0451,-0.001205,-0.03104,0.01257,-0.03572,-0.02381,-0.01777,-0.02569,0.0001633,0.04167,0.0289,-0.01819,0.007521,-0.01252,-0.02455,0.02368,0.01838,0.03044,-0.02838,-0.01838,-0.0005557,-0.02848,-0.01736,-0.01827,0.006341,0.03144,0.04077,-0.0006371,0.04216,0.02133
-0.06304,-0.03896,-0.03129,-0.003669,-0.0155,-0.04403,-0.02342,-0.007646,-0.01486,-0.04643,-0.004331,0.002457,3.925e-005,-0.02983,0.0007581,-0.01268,-0.04642,-0.005314,-0.03062,0.01143,-0.03452,-0.02702,-0.01778,-0.02979,0.0002716,0.04221,0.03066,-0.02342,0.0117,-0.01437,-0.02304,0.02585,0.02602,0.02885,-0.02799,-0.01828,-0.004932,-0.02637,-0.0177,-0.02251,0.006309,0.03162,0.04594,-0.0008949,0.04587,0.01937
-0.0644,-0.03812,-0.02577,-0.00534,-0.01475,-0.04192,-0.01939,-0.00832,-0.01593,-0.04675,-0.0009424,0.00144,-0.0001082,-0.03208,0.001475,-0.01948,-0.04456,-0.006356,-0.03371,0.006384,-0.03472,-0.02926,-0.017,-0.03199,7.553e-005,0.03873,0.02773,-0.02566,0.01542,-0.01739,-0.0192,0.02856,0.03152,0.02984,-0.02834,-0.0197,-0.005435,-0.02575,-0.0178,-0.02279,0.00781,0.03337,0.05122,-0.0009064,0.05124,0.01824
-0.0655,-0.03837,-0.02248,-0.007278,-0.01307,-0.04026,-0.01656,-0.01019,-0.01585,-0.04582,0.0001988,0.001284,-0.001076,-0.04002,0.00214,-0.02022,-0.04278,-0.004443,-0.03548,0.00373,-0.03193,-0.03003,-0.01598,-0.03391,0.0002655,0.03565,0.02843,-0.02899,0.01651,-0.02269,-0.0221,0.03004,0.03313,0.02875,-0.02861,-0.02176,-0.009174,-0.02504,-0.01807,-0.02084,0.008832,0.03406,0.05758,-0.001257,0.05165,0.01954
-0.06025,-0.03794,-0.02253,-0.008754,-0.0156,-0.03948,-0.01489,-0.01136,-0.01663,-0.04533,0.001829,-4.378e-005,-0.003654,-0.04622,0.002038,-0.01899,-0.04276,-0.002278,-0.03612,0.0007879,-0.02479,-0.02984,-0.01561,-0.0356,0.001134,0.03505,0.04005,-0.0339,0.01238,-0.02359,-0.0214,0.03246,0.03361,0.03014,-0.02857,-0.02412,-0.01287,-0.02459,-0.01986,-0.02046,0.02054,0.03457,0.06126,-0.001235,0.04933,0.0212
-0.05513,-0.03965,-0.02233,-0.009214,-0.01606,-0.04072,-0.01992,-0.01232,-0.01496,-0.04169,0.002611,2.252e-005,-0.005418,-0.04519,0.0009853,-0.01807,-0.04245,-0.002677,-0.0377,-0.002161,-0.02104,-0.02383,-0.0171,-0.03633,0.001251,0.03474,0.04463,-0.03601,0.01254,-0.02408,-0.02101,0.033,0.03387,0.03064,-0.02879,-0.02519,-0.01444,-0.025,-0.02077,-0.01903,0.02611,0.03384,0.06547,-0.001345,0.04677,0.02244
-0.04751,-0.04216,-0.0239,-0.008341,-0.01643,-0.04282,-0.0173,-0.01399,-0.01333,-0.04112,0.006008,-0.0007818,-0.008532,-0.03647,0.002173,-0.01942,-0.04019,-0.001332,-0.04039,-0.003811,-0.02239,-0.02344,-0.0175,-0.03507,0.0004471,0.03367,0.04841,-0.03427,0.01209,-0.02522,-0.02314,0.03384,0.03204,0.03142,-0.02936,-0.02647,-0.01279,-0.02559,-0.02171,-0.01732,0.02719,0.03426,0.06742,-0.00141,0.04235,0.02341
-0.04161,-0.04469,-0.0285,-0.006996,-0.01544,-0.04425,-0.01778,-0.01631,-0.0106,-0.04141,0.005059,-0.002362,-0.01228,-0.03621,0.003863,-0.02006,-0.03833,0.002132,-0.04203,-0.003385,-0.02747,-0.02181,-0.01951,-0.03267,-0.001705,0.03189,0.05156,-0.03579,0.01205,-0.0238,-0.02439,0.02914,0.02929,0.0349,-0.02964,-0.02684,-0.01587,-0.02641,-0.02236,-0.01691,0.02848,0.03329,0.06847,-0.001414,0.03381,0.0302
-0.03563,-0.04699,-0.03404,-0.009358,-0.01628,-0.04442,-0.01804,-0.01736,-0.008755,-0.04092,0.006124,-0.001746,-0.01677,-0.03193,0.004025,-0.02033,-0.03428,0.002916,-0.04377,-0.002504,-0.03477,-0.02103,-0.0201,-0.02607,-0.001878,0.03014,0.05298,-0.03596,0.01018,-0.01821,-0.02486,0.02921,0.02765,0.04324,-0.02925,-0.02716,-0.01593,-0.02672,-0.02378,-0.01983,0.0279,0.03242,0.06465,-0.001735,0.02435,0.03084
-0.03555,-0.04804,-0.03797,-0.009681,-0.01568,-0.04581,-0.01778,-0.01871,-0.005968,-0.04208,0.0053,0.001443,-0.02075,-0.02891,0.006457,-0.01919,-0.03122,0.007436,-0.04557,-0.0003026,-0.03827,-0.02064,-0.01755,-0.02181,-0.001705,0.0256,0.04933,-0.03165,0.009637,-0.01747,-0.02439,0.03167,0.02659,0.04865,-0.03057,-0.02852,-0.01731,-0.02723,-0.02411,-0.01996,0.02761,0.03001,0.05991,-0.001755,0.02193,0.03041
-0.036,-0.04645,-0.04258,-0.008352,-0.01481,-0.04577,-0.01756,-0.01849,-0.005567,-0.04254,0.002865,0.002222,-0.02577,-0.02576,0.007382,-0.02285,-0.02901,0.01122,-0.04765,0.001776,-0.04575,-0.01901,-0.01652,-0.02046,-0.002082,0.02042,0.04392,-0.03205,0.01107,-0.01586,-0.02631,0.02955,0.02589,0.04907,-0.03112,-0.02903,-0.01694,-0.02804,-0.02426,-0.02322,0.02697,0.02861,0.05059,-0.001785,0.02056,0.03034
-0.03846,-0.04227,-0.04548,-0.006273,-0.01372,-0.04755,-0.01772,-0.01618,-0.00613,-0.04207,0.001853,0.002812,-0.02947,-0.0234,0.008799,-0.02383,-0.03017,0.01256,-0.05009,0.003414,-0.05538,-0.01684,-0.01694,-0.02007,-0.00209,0.01507,0.03645,-0.03331,0.01129,-0.01367,-0.02711,0.02854,0.0263,0.04786,-0.03189,-0.02929,-0.01842,-0.02876,-0.02491,-0.02325,0.02666,0.02485,0.0427,-0.001674,0.02024,0.0309
-0.04112,-0.03736,-0.04645,-0.006321,-0.01303,-0.04625,-0.01713,-0.01376,-0.00806,-0.04239,0.001316,0.003486,-0.0327,-0.02146,0.01033,-0.02345,-0.03157,0.01283,-0.05199,0.005529,-0.05794,-0.01631,-0.01756,-0.01986,-0.003854,0.01467,0.03017,-0.03436,0.009293,-0.01427,-0.0272,0.0277,0.02837,0.04644,-0.03086,-0.02977,-0.01876,-0.02897,-0.0245,-0.02401,0.02571,0.02344,0.03637,-0.001715,0.02673,0.03051
-0.04468,-0.03173,-0.04523,-0.003123,-0.01215,-0.04657,-0.01745,-0.01005,-0.01036,-0.04414,-0.0001613,0.003473,-0.03612,-0.02106,0.01325,-0.02661,-0.03411,0.01423,-0.05359,0.006512,-0.05936,-0.01636,-0.01715,-0.02065,-0.004788,0.01284,0.02545,-0.03227,0.008303,-0.01545,-0.03047,0.02729,0.02954,0.039,-0.03072,-0.0303,-0.01949,-0.03035,-0.02412,-0.02489,0.02303,0.0233,0.03286,-0.001778,0.03121,0.02596
-0.04934,-0.02758,-0.04471,0.000649,-0.01208,-0.04484,-0.01749,-0.006402,-0.01311,-0.04636,-0.001239,0.002995,-0.03997,-0.02253,0.0124,-0.03155,-0.03647,0.01415,-0.05496,0.007856,-0.05866,-0.01646,-0.01641,-0.02211,-0.005663,0.01382,0.02278,-0.03399,0.006635,-0.01628,-0.03165,0.02665,0.03108,0.03403,-0.02984,-0.0307,-0.02043,-0.03117,-0.02428,-0.02663,0.02143,0.02461,0.03195,-0.001727,0.03886,0.02465
-0.05296,-0.02518,-0.04557,0.001185,-0.01229,-0.04388,-0.01595,-0.002235,-0.015,-0.04985,0.0009557,0.0007428,-0.04621,-0.02386,0.01206,-0.03059,-0.03887,0.01353,-0.05552,0.01032,-0.05923,-0.01944,-0.01773,-0.02319,-0.009902,0.01916,0.02225,-0.03571,0.005228,-0.01603,-0.03144,0.02781,0.0316,0.03329,-0.02977,-0.03117,-0.02192,-0.03165,-0.02474,-0.02683,0.02063,0.02693,0.03265,-0.001899,0.04695,0.0271
-0.05551,-0.02493,-0.04979,-0.001666,-0.01273,-0.04076,-0.01647,-0.001146,-0.01602,-0.0523,0.001087,-0.0008679,-0.05057,-0.02541,0.01265,-0.03134,-0.03807,0.01279,-0.05643,0.01171,-0.05365,-0.02239,-0.01821,-0.0247,-0.01127,0.02121,0.02334,-0.03729,0.004127,-0.01732,-0.03141,0.02812,0.03358,0.02976,-0.02962,-0.03136,-0.02232,-0.03258,-0.02563,-0.02677,0.02025,0.02902,0.03492,-0.002191,0.05371,0.02698
-0.06034,-0.02706,-0.05337,-0.001405,-0.01404,-0.0408,-0.01877,-0.001179,-0.01644,-0.05413,0.001893,-0.0006843,-0.0599,-0.02711,0.01111,-0.03226,-0.03708,0.01281,-0.05652,0.01084,-0.04993,-0.02615,-0.01967,-0.02678,-0.01283,0.02704,0.02537,-0.03834,0.004511,-0.01904,-0.03324,0.02909,0.03656,0.02655,-0.03043,-0.03146,-0.0227,-0.0338,-0.02668,-0.02662,0.0205,0.03085,0.03747,-0.002391,0.06015,0.02629
-0.06258,-0.02952,-0.05672,-0.003654,-0.01517,-0.039,-0.02153,-0.003322,-0.01711,-0.05595,0.002296,-0.0009926,-0.06466,-0.02869,0.008719,-0.03248,-0.03566,0.01126,-0.05555,0.01141,-0.04401,-0.02805,-0.02169,-0.0283,-0.01497,0.0306,0.02722,-0.04286,0.003628,-0.02078,-0.03387,0.03176,0.03735,0.02613,-0.03051,-0.03115,-0.02259,-0.03395,-0.02845,-0.02379,0.02116,0.02914,0.03511,-0.002437,0.06391,0.02014
-0.0613,-0.03402,-0.06439,-0.004387,-0.01571,-0.03999,-0.02833,-0.004126,-0.01595,-0.05614,0.003845,-0.002076,-0.06625,-0.02879,0.008188,-0.03248,-0.03469,0.01004,-0.05409,0.009846,-0.04632,-0.02873,-0.02388,-0.02981,-0.01896,0.03242,0.03191,-0.04345,0.005332,-0.0237,-0.03488,0.03297,0.03691,0.02872,-0.03092,-0.03075,-0.02168,-0.03389,-0.02903,-0.02141,0.02415,0.02804,0.02794,-0.002875,0.06584,0.024
-0.05826,-0.03924,-0.06579,-0.006761,-0.01726,-0.04023,-0.03131,-0.007151,-0.01418,-0.05481,0.003109,-0.001586,-0.06349,-0.03,0.008376,-0.03291,-0.03216,0.007996,-0.05246,0.008439,-0.04434,-0.02864,-0.0259,-0.03209,-0.02339,0.03291,0.03466,-0.0421,0.006254,-0.02639,-0.03679,0.03368,0.03644,0.03008,-0.03048,-0.03032,-0.02127,-0.03413,-0.02998,-0.01946,0.02621,0.02722,0.02732,-0.003092,0.06485,0.02354
-0.05461,-0.04356,-0.06349,-0.007705,-0.01778,-0.04236,-0.03144,-0.01078,-0.01278,-0.05461,0.003271,-0.0005294,-0.06009,-0.02445,0.006134,-0.03128,-0.03346,0.006474,-0.05088,0.008846,-0.04442,-0.02959,-0.02808,-0.03086,-0.02646,0.03035,0.04033,-0.04336,0.008122,-0.0263,-0.03806,0.03547,0.03596,0.03163,-0.02998,-0.03068,-0.02237,-0.03396,-0.02981,-0.01862,0.02846,0.02524,0.02696,-0.002801,0.06279,0.0211
-0.04756,-0.04553,-0.05873,-0.008917,-0.01774,-0.04393,-0.03139,-0.0124,-0.01121,-0.05368,0.002908,-0.000631,-0.05636,-0.02543,0.004298,-0.02998,-0.03294,0.004655,-0.04969,0.008496,-0.04508,-0.03248,-0.03008,-0.03013,-0.02884,0.02735,0.04293,-0.04484,0.008021,-0.02257,-0.03832,0.03653,0.03492,0.03713,-0.03019,-0.03042,-0.0232,-0.03267,-0.02957,-0.01865,0.03094,0.02402,0.02665,-0.002916,0.05744,0.02031
-0.04144,-0.04523,-0.05392,-0.008783,-0.01777,-0.04644,-0.03016,-0.01364,-0.009923,-0.05252,0.003575,0.000477,-0.05192,-0.02441,0.003619,-0.02607,-0.03357,0.00172,-0.04854,0.007842,-0.04587,-0.03372,-0.03118,-0.02889,-0.0297,0.02274,0.04793,-0.04421,0.009032,-0.02068,-0.03924,0.03692,0.03677,0.03862,-0.03092,-0.03122,-0.02438,-0.03209,-0.0287,-0.01869,0.03431,0.02634,0.027,-0.002691,0.05232,0.01984
-0.0384,-0.04041,-0.04582,-0.008535,-0.01507,-0.04726,-0.02705,-0.01604,-0.008991,-0.05299,0.003476,0.002416,-0.04853,-0.02205,0.002136,-0.02162,-0.03113,0.0001454,-0.04831,0.007427,-0.04151,-0.03457,-0.03181,-0.02763,-0.02871,0.01881,0.04967,-0.04575,0.009475,-0.01665,-0.03746,0.03755,0.03758,0.04106,-0.03043,-0.03177,-0.02443,-0.03187,-0.0282,-0.01898,0.03651,0.02708,0.02608,-0.002885,0.0461,0.01857
-0.03732,-0.03423,-0.04218,-0.007416,-0.01407,-0.04929,-0.02877,-0.01762,-0.00917,-0.05362,0.003786,0.002584,-0.05034,-0.01987,-0.001391,-0.02001,-0.03059,-0.0007136,-0.04854,0.006888,-0.03633,-0.03445,-0.03179,-0.02494,-0.02649,0.01743,0.0518,-0.05176,0.01052,-0.01372,-0.03658,0.03696,0.03866,0.04393,-0.03034,-0.03222,-0.02394,-0.03082,-0.02774,-0.01898,0.03961,0.02851,0.02641,-0.003086,0.04029,0.01619
-0.03712,-0.02719,-0.03716,-0.006509,-0.01326,-0.04945,-0.02949,-0.01987,-0.009677,-0.05301,0.003923,0.002503,-0.05254,-0.02287,-0.002419,-0.01829,-0.028,-0.0007441,-0.04851,0.00623,-0.03064,-0.0337,-0.03155,-0.02322,-0.0286,0.01868,0.04857,-0.05439,0.01043,-0.01396,-0.03752,0.0368,0.03865,0.0499,-0.03108,-0.03247,-0.02257,-0.03081,-0.02747,-0.01987,0.04151,0.02793,0.02722,-0.003241,0.03638,0.01521
-0.03891,-0.02107,-0.03652,-0.00525,-0.01276,-0.05035,-0.03228,-0.01838,-0.01077,-0.05223,0.002899,0.0006932,-0.05322,-0.02489,-0.00366,-0.01771,-0.02625,0.0002518,-0.04819,0.005453,-0.02702,-0.03229,-0.02975,-0.02248,-0.02956,0.01923,0.04637,-0.05587,0.01032,-0.01489,-0.03566,0.03841,0.03864,0.05142,-0.0309,-0.03406,-0.02197,-0.03175,-0.02756,-0.01922,0.04226,0.02728,0.03082,-0.003509,0.03548,0.01591
-0.04099,-0.01573,-0.03594,-0.003199,-0.01255,-0.04905,-0.03403,-0.01583,-0.01056,-0.0495,0.002117,-0.0002097,-0.05309,-0.02858,-0.003009,-0.01845,-0.02523,0.002334,-0.04782,0.006138,-0.02532,-0.03163,-0.02743,-0.02121,-0.03097,0.01939,0.04049,-0.05991,0.009417,-0.01637,-0.0355,0.04083,0.03825,0.05206,-0.03073,-0.03433,-0.02164,-0.03224,-0.02789,-0.02013,0.0414,0.02591,0.03289,-0.004076,0.03562,0.01706
-0.04219,-0.01415,-0.03197,-0.001565,-0.01553,-0.04634,-0.03801,-0.01273,-0.01117,-0.04647,0.001586,-0.004429,-0.05322,-0.032,-0.002901,-0.01995,-0.02658,0.003596,-0.04716,0.005489,-0.02804,-0.03105,-0.02574,-0.0205,-0.03241,0.01975,0.03539,-0.06377,0.009403,-0.01722,-0.03539,0.04091,0.03865,0.05306,-0.03081,-0.03446,-0.0226,-0.03204,-0.0281,-0.01976,0.03925,0.02583,0.03682,-0.004505,0.03918,0.01803
-0.04437,-0.01223,-0.02857,0.001329,-0.01523,-0.04212,-0.03873,-0.008779,-0.01146,-0.04454,0.001493,-0.005123,-0.05211,-0.03692,0.001456,-0.0202,-0.0265,0.005804,-0.04747,0.005075,-0.02919,-0.03231,-0.02327,-0.02154,-0.03297,0.02029,0.03234,-0.06279,0.00809,-0.01979,-0.03655,0.04173,0.03936,0.05075,-0.03122,-0.03421,-0.0233,-0.03288,-0.02851,-0.02009,0.0359,0.02508,0.04005,-0.004555,0.04464,0.01886
-0.04466,-0.01095,-0.028,0.003265,-0.01589,-0.03917,-0.03943,-0.003634,-0.01363,-0.04498,0.001253,-0.004322,-0.05063,-0.04516,0.005586,-0.02129,-0.0265,0.006669,-0.04633,0.004996,-0.02984,-0.0313,-0.02153,-0.02198,-0.0264,0.0202,0.03076,-0.06004,0.007294,-0.0218,-0.03664,0.04142,0.04099,0.04415,-0.0311,-0.03435,-0.02366,-0.03291,-0.02924,-0.01989,0.03421,0.02615,0.04095,-0.005316,0.04814,0.01691
-0.04186,-0.009312,-0.02466,0.002618,-0.01668,-0.0339,-0.03675,-0.002933,-0.016,-0.04699,0.001893,-0.002791,-0.05103,-0.04935,0.009788,-0.02294,-0.0284,0.007689,-0.04641,0.005059,-0.02668,-0.03199,-0.02169,-0.02189,-0.0241,0.02307,0.02962,-0.05631,0.007588,-0.02238,-0.03733,0.04009,0.04311,0.04011,-0.03126,-0.03483,-0.02415,-0.03241,-0.03023,-0.02063,0.03435,0.02715,0.03936,-0.005918,0.05057,0.01533
-0.04571,-0.01037,-0.01174,0.002272,-0.0156,-0.02996,-0.03526,-0.007749,-0.01848,-0.04834,0.001808,-0.002414,-0.05465,-0.04744,0.01269,-0.0224,-0.02934,0.007653,-0.04714,0.004475,-0.02283,-0.03202,-0.02196,-0.02386,-0.02319,0.02602,0.02861,-0.05221,0.008732,-0.02538,-0.03791,0.03827,0.04505,0.03843,-0.03119,-0.03469,-0.02494,-0.03216,-0.03177,-0.0213,0.03612,0.02862,0.03708,-0.006652,0.053,0.01466
0,-0.01089,-0.01282,0.003119,-0.01549,-0.02996,-0.03435,-0.01118,-0.02262,-0.0476,0.002792,0.002145,-0.05717,-0.04434,0.01567,-0.02273,-0.03025,0.005442,-0.04777,0.005114,-0.02028,-0.03189,-0.02172,-0.02565,-0.02135,0.03036,0.02805,-0.04952,0.008829,-0.02759,-0.04036,0.03742,0.04513,0.03506,-0.03101,-0.0342,-0.02504,-0.03265,-0.03296,-0.02213,0.04123,0.02897,0.0342,-0.00699,0.05211,0.01343
0,-0.01048,-0.01491,0.0003452,-0.01692,-0.03106,-0.03191,-0.01246,-0.02598,-0.04955,0.002798,0.003595,-0.0609,-0.04038,0.01519,-0.02388,-0.03,0.003077,-0.0473,0.004873,-0.02488,-0.03036,-0.02316,-0.02815,-0.02034,0.03295,0.02629,-0.04681,0.01063,-0.02642,-0.04103,0.03819,0.04456,0.03159,-0.03017,-0.03441,-0.02539,-0.03237,-0.03401,-0.02184,0.04821,0.02751,0.03225,-0.007532,0.04975,0.01153
0,-0.01074,-0.01611,-0.0003965,-0.0178,-0.03183,-0.03031,-0.01053,-0.02648,-0.04793,0.003114,0.002854,-0.06304,-0.03515,0.01261,-0.0237,-0.02845,0.001829,-0.04925,0.004012,-0.02503,-0.02932,-0.02464,-0.03176,-0.01888,0.03504,0.02785,-0.04342,0.01042,-0.02467,-0.04279,0.03964,0.04401,0.02989,-0.02969,-0.0342,-0.02626,-0.03164,-0.03476,-0.01942,0.05393,0.02636,0.03128,-0.007739,0.0455,0.01412
0,-0.01285,-0.0203,0.0002648,-0.01843,-0.03455,-0.03152,-0.009047,-0.02487,-0.04535,0.002682,0.002566,-0.06883,-0.02718,0.01019,-0.02275,-0.02736,0.0005186,-0.04907,0.004361,-0.02915,-0.02749,-0.0265,-0.03548,-0.02279,0.03575,0.02561,-0.042,0.01065,-0.0241,-0.04277,0.0408,0.04188,0.0314,-0.02968,-0.0333,-0.02661,-0.03157,-0.035,-0.01778,0.05606,0.02449,0.03196,-0.0077,0.04128,0.01958
0,-0.01354,-0.02484,-0.0005397,-0.01968,-0.03792,-0.03273,-0.008234,-0.02484,-0.04402,0.002823,0.002351,-0.07076,-0.02061,0.008124,-0.02288,-0.02788,-0.0008483,-0.04955,0.002408,-0.04116,-0.02711,-0.02885,-0.03736,-0.02465,0.03491,0.03937,-0.03897,0.01048,-0.01888,-0.04462,0.04092,0.03938,0.03119,-0.02945,-0.033,-0.02594,-0.03191,-0.03517,-0.01671,0.05794,0.02315,0.0338,-0.008094,0.03726,0.02236
0,-0.0129,-0.02947,-0.003548,-0.01877,-0.03959,-0.03257,-0.008694,-0.02234,-0.04971,0.001658,0.0004944,-0.06977,-0.01844,0.003757,-0.02212,-0.02479,0.0004209,-0.0494,0.001951,-0.04233,-0.02768,-0.03237,-0.03763,-0.02736,0.03243,0.05359,-0.03576,0.01113,-0.01669,-0.04175,0.04073,0.03866,0.03423,-0.02949,-0.03305,-0.02581,-0.03173,-0.03501,-0.0162,0.05469,0.02265,0.03549,-0.007888,0.03391,0.02262
0,-0.01305,-0.03028,-0.003819,-0.01705,-0.03848,-0.03366,-0.00776,-0.02031,-0.04827,-7.441e-005,9.631e-005,-0.07,-0.0165,0.001794,-0.02187,-0.02356,0.001674,-0.04986,0.003135,-0.04209,-0.02752,-0.03583,-0.03602,-0.02916,0.03187,0.06529,-0.03423,0.01082,-0.01784,-0.04092,0.03996,0.03706,0.04046,-0.03037,-0.03284,-0.02599,-0.03197,-0.03455,-0.01434,0.04986,0.0239,0.03528,-0.007765,0.03193,0.02378
0,-0.0134,-0.03124,-0.006392,-0.01501,-0.03905,-0.03346,-0.009949,-0.01644,-0.04772,-0.001746,-0.0006113,-0.07031,-0.01684,0.002353,-0.02395,-0.02334,0.00436,-0.04932,0.00381,-0.04579,-0.02719,-0.03864,-0.03372,-0.03166,0.03115,0.07247,-0.0341,0.01171,-0.01841,-0.0389,0.03883,0.03407,0.04528,-0.03069,-0.03302,-0.02605,-0.03265,-0.03451,-0.01449,0.04393,0.0232,0.03859,-0.007342,0.03212,0.02408
0,-0.009681,-0.02973,-0.008307,-0.01228,-0.03956,-0.03202,-0.01205,-0.01465,-0.04696,-0.003025,0.0003225,-0.06613,-0.02042,0.003399,-0.02584,-0.02269,0.007847,-0.04979,0.003845,-0.04759,-0.02702,-0.03794,-0.03014,-0.03043,0.0292,0.08239,-0.03421,0.01172,-0.01937,-0.03882,0.03391,0.03096,0.04952,-0.03025,-0.03374,-0.02682,-0.03359,-0.03471,-0.0143,0.03776,0.0218,0.04078,-0.007775,0.0353,0.02269
0,0,-0.02823,-0.008358,-0.01086,-0.03752,-0.03208,-0.01245,-0.01113,-0.0456,-0.005713,0.001197,-0.06026,-0.0231,0.003025,-0.03184,-0.02315,0.009944,-0.05023,0.005215,-0.04361,-0.02583,-0.03942,-0.0265,-0.03101,0.02867,0.07463,-0.03844,0.01215,-0.02371,-0.03731,0.03277,0.03002,0.05435,-0.03074,-0.03349,-0.02783,-0.03356,-0.03488,-0.0139,0.02877,0.02061,0.04178,-0.007218,0.03845,0.02089
0,0,-0.02518,-0.00635,-0.01082,-0.03453,-0.03193,-0.01151,-0.00981,-0.05141,-0.007275,0.002459,-0.06015,-0.0275,0.007113,-0.03975,-0.02261,0.01068,-0.05128,0.005818,-0.04236,-0.02519,-0.03724,-0.02486,-0.0306,0.02601,0.06183,-0.04247,0.01231,-0.02409,-0.03544,0.03149,0.02966,0.05556,-0.03103,-0.03331,-0.0286,-0.0339,-0.03542,-0.01381,0.02306,0.01888,0.04466,-0.007404,0.04199,0.02091
0,0,-0.02591,-0.004486,-0.01029,-0.03412,-0.03233,-0.01039,-0.008698,-0.05623,-0.00807,0.004015,-0.05533,-0.02881,0.009105,-0.04614,-0.02079,0.01192,-0.05128,0.006019,-0.03965,-0.02652,-0.03221,-0.02336,-0.03257,0.02214,0.05079,-0.04111,0.01239,-0.02477,-0.03594,0.03222,0.03085,0.0559,-0.03122,-0.03348,-0.02913,-0.0343,-0.03616,-0.01553,0.01644,0.01664,0.04923,-0.006986,0.04627,0.02189
0,0,-0.02909,-0.0003189,-0.01025,-0.0316,-0.03337,-0.007997,-0.01031,-0.05967,-0.008114,0.0057,-0.05338,-0.03025,0.009461,-0.05037,-0.01878,0.01091,-0.05197,0.005605,-0.03571,-0.02828,-0.02913,-0.02303,-0.03481,0.01899,0.04035,-0.04388,0.01263,-0.02521,-0.03399,0.0379,0.03383,0.05529,-0.03362,-0.03312,-0.02991,-0.03492,-0.03627,-0.01525,0.01182,0.01543,0.04884,-0.00744,0.05185,0.02283
0,0,-0.02706,0.003358,-0.0108,-0.0283,-0.03527,-0.005795,-0.01051,-0.06315,-0.007592,0.00674,-0.05179,-0.03047,0.009729,-0.05604,-0.01567,0.01036,-0.05451,0.0063,-0.03415,-0.02951,-0.02754,-0.02344,-0.03748,0.01622,0.0303,-0.04577,0.01346,-0.02661,-0.03361,0.0386,0.03612,0.04868,-0.03549,-0.03273,-0.02985,-0.03444,-0.03743,-0.01765,0.01064,0.01557,0.04763,-0.006654,0.05573,0.02392
0,0,-0.02714,0.006779,-0.01135,-0.02813,-0.03423,-0.003809,-0.01012,-0.06837,-0.004243,0.00729,-0.05408,-0.02759,0.0104,-0.05759,-0.01214,0.007843,-0.05681,0.005981,-0.03225,-0.03208,-0.02679,-0.02473,-0.03949,0.01271,0.02168,-0.04589,0.01397,-0.02434,-0.0333,0.03875,0.03758,0.04457,-0.03351,-0.03291,-0.02959,-0.03465,-0.03895,-0.01897,0.01045,0.01535,0.04728,-0.006772,0.05964,0.02544
0,0,-0.0215,0.007781,-0.01109,-0.02778,-0.0357,-0.002988,-0.01003,-0.06867,-0.002087,0.006804,-0.05431,-0.0256,0.009958,-0.05558,-0.009368,0.005926,-0.05796,0.005191,-0.03046,-0.03198,-0.02657,-0.02596,-0.04121,0.01142,0.0175,-0.04326,0.01315,-0.02171,-0.03491,0.04079,0.03919,0.04196,-0.03147,-0.03363,-0.02935,-0.03429,-0.04037,-0.01913,0.01572,0.01561,0.04559,-0.006011,0.06433,0.02564
0,0,-0.01828,0.00886,-0.01083,-0.03149,-0.03709,-0.00383,-0.01001,-0.06625,0.001713,0.006677,-0.05757,-0.02329,0.009763,-0.05201,-0.007739,0.003227,-0.06124,0.003006,-0.02888,-0.03158,-0.02695,-0.02696,-0.03937,0.01025,0.02056,-0.04478,0.01408,-0.01926,-0.03445,0.03976,0.03971,0.03782,-0.0309,-0.03434,-0.02918,-0.03401,-0.0414,-0.02005,0.02233,0.01613,0.04164,-0.006007,0.06652,0.02556
0,0,-0.01233,0.008347,-0.01222,-0.0331,-0.03787,-0.004382,-0.009588,-0.06405,0.004516,0.006847,-0.06031,-0.02261,0.006489,-0.04846,-0.006258,0.001462,-0.0631,0.003251,-0.02648,-0.03092,-0.02678,-0.02776,-0.03809,0.009624,0.02561,-0.04228,0.01454,-0.02011,-0.03511,0.03887,0.04019,0.03498,-0.02882,-0.03519,-0.02909,-0.03328,-0.04252,-0.01964,0.02827,0.01496,0.03964,-0.005495,0.06669,0.02383
0,0,-0.01159,0.006603,-0.01316,-0.03212,-0.03586,-0.005446,-0.01023,-0.06212,0.006344,0.005998,-0.06473,-0.02132,0.004265,-0.04275,-0.006148,0.000235,-0.06348,0.001861,-0.02405,-0.03098,-0.0268,-0.02957,-0.03659,0.009069,0.02808,-0.0381,0.01497,-0.01758,-0.03565,0.038,0.03994,0.03533,-0.02683,-0.03557,-0.02957,-0.03327,-0.04346,-0.01741,0.0325,0.0138,0.03538,-0.004946,0.06486,0.02267
0,0,-0.008123,0.005056,-0.01396,-0.03279,-0.03805,-0.007038,-0.01142,-0.0597,0.005563,0.006335,-0.06607,-0.01978,0.002122,-0.037,-0.006308,0.001619,-0.06185,0.001821,-0.02686,-0.03014,-0.02696,-0.03086,-0.03606,0.01037,0.03967,-0.03557,0.01548,-0.01668,-0.03441,0.03808,0.03937,0.03577,-0.02912,-0.03575,-0.03029,-0.033,-0.04333,-0.01663,0.03745,0.01343,0.03248,-0.004161,0.06154,0.02206
0,0,-0.009229,0.003023,-0.01366,-0.03257,-0.03733,-0.008366,-0.01023,-0.05911,0.006182,0.004146,-0.0684,-0.01868,0.0015,-0.03422,-0.007088,0.002585,-0.06102,0.00235,-0.0364,-0.03307,-0.02889,-0.03345,-0.03648,0.01073,0,-0.03655,0.01718,-0.0174,-0.03376,0.03819,0.03853,0.03572,-0.03083,-0.03548,-0.0308,-0.03274,-0.04177,-0.0143,0.03883,0.01318,0.03219,-0.004193,0.05683,0.02215
0,0,-0.008633,-0.0001949,-0.01294,-0.03262,-0.03525,-0.0087,-0.007924,-0.05811,0.005605,-0.0009305,-0.06836,-0.02088,0.000938,-0.03218,-0.008408,0.004266,-0.05916,0.003989,-0.03916,-0.03303,-0.03015,-0.03271,-0.0362,0.01211,0,-0.03789,0.01625,-0.01971,-0.03258,0.0374,0.03822,0.03681,-0.03097,-0.03522,-0.031,-0.03234,-0.04123,-0.01151,0.04062,0.01201,0.03237,-0.003648,0.05354,0.02021
0,0,-0.00906,-0.0007895,-0.01034,-0.03014,-0.03251,-0.009621,-0.005565,-0.05729,0.00403,-0.005427,-0.06515,-0.02168,0.002714,-0.03081,0,0.005849,-0.0571,0.003783,-0.04341,-0.03271,-0.03264,-0.03389,-0.03725,0,0,-0.04374,0.01568,-0.02042,-0.03493,0.03506,0.03874,0.0416,-0.0311,-0.03472,-0.0315,-0.03134,-0.04028,-0.009661,0.04314,0.01207,0.03556,-0.00259,0.04968,0.01949
0,0,-0.0118,-0.0006992,-0.008434,-0.03186,-0.0332,-0.01032,-0.004529,-0.05764,0.003833,-0.008179,-0.06111,-0.02397,0.003992,-0.02811,0,0.007147,-0.05506,0.004789,-0.04575,-0.03247,-0.0321,-0.03393,-0.03586,0,0,-0.05012,0.0153,-0.02422,-0.03483,0.03406,0.03941,0.04293,-0.03176,-0.03463,-0.03152,-0.03089,-0.0387,-0.009432,0.0456,0.01212,0.03771,-0.00256,0.04886,0.01798
0,0,-0.01629,-0.001776,-0.00618,-0.03176,-0.03072,-0.0113,-0.003493,-0.05814,0.003238,-0.017,-0.05551,-0.02905,0.006705,-0.02762,0,0.007368,-0.05262,0.006367,-0.04729,-0.02952,-0.033,-0.03153,-0.0329,0,0,-0.05422,0.01432,-0.02834,-0.03688,0.03328,0.04017,0.04658,-0.0312,-0.03452,-0.03176,-0.0305,-0.0377,-0.007014,0.04652,0.01183,0.04186,-0.002403,0.04938,0.01519
0,0,-0.02353,-0.002766,-0.004915,-0.02938,-0.02883,-0.0128,-0.002831,-0.05765,0.003591,-0.02564,-0.04993,-0.0315,0.008018,-0.02635,0,0.007288,-0.05051,0.005465,-0.04304,-0.02638,-0.03291,-0.0279,-0.03154,0,0,-0.05555,0.01313,-0.03153,-0.03715,0.03185,0.04008,0.04956,-0.03063,-0.03499,-0.03204,-0.03097,-0.03795,-0.007788,0.04607,0.01151,0.04362,-0.002071,0.04954,0.01271
0,0,-0.02986,-0.0007649,-0.006008,-0.02803,-0.02575,-0.01479,-0.003346,-0.05804,0.003506,-0.03388,-0.04772,-0.03474,0.009478,-0.02478,0,0.006283,-0.04666,0.004935,-0.04186,-0.02642,-0.03086,-0.02793,-0.03035,0,0,-0.05511,0.0122,-0.03447,-0.03789,0.03487,0.0398,0.0503,-0.02998,-0.03415,-0.0325,-0.03116,-0.03744,-0.007935,0.04322,0.01129,0.04617,-0.002444,0.05051,0.01133
0,0,-0.03573,-0.001062,-0.007243,-0.0253,-0.02364,-0.01646,-0.004413,-0.05968,0.004212,-0.0408,-0.04565,-0.03721,0.009773,-0.02653,0,0.005942,-0.0438,0.004172,-0.04421,-0.02555,-0.02772,-0.02474,-0.02936,0,0,-0.04997,0.01168,-0.03765,-0.03654,0.04008,0.03872,0.05261,-0.02899,-0.03423,-0.03274,-0.03267,-0.03735,-0.008298,0.04039,0.01227,0.04609,-0.00235,0.0523,0.01142
0,0,-0.03584,0.0008776,-0.008797,-0.02145,-0.01971,-0.01693,-0.00448,-0.06221,0.001819,-0.04344,0,-0.03441,0.009661,-0.02868,0,0.003688,-0.04089,0.002923,-0.04236,-0.02514,-0.0281,-0.02336,-0.03213,0,0,-0.04684,0.01039,-0.0369,-0.03797,0.04555,0.03879,0.05379,-0.02886,-0.03506,-0.03282,-0.03365,-0.03725,-0.007731,0.0368,0.01323,0.04667,-0.002921,0.0527,0.01148
0,0,-0.03527,0.00238,-0.01036,-0.01681,-0.01707,-0.01708,-0.005685,-0.06374,-0.002905,-0.04313,0,-0.02959,0.00876,-0.03018,0,0.003289,-0.04181,0.00147,-0.03988,-0.02668,-0.02533,-0.02539,-0.03626,0,0,-0.04349,0.009882,-0.03726,-0.03846,0.0497,0.03992,0.05354,-0.0296,-0.03571,-0.03362,-0.03486,-0.03758,-0.00999,0.03528,0.01415,0.04389,-0.003205,0.05375,0.01028
0,0,-0.0312,0.00698,-0.01108,-0.01611,-0.01848,0,-0.008646,-0.06673,-0.006721,0,0,-0.02559,0.006558,-0.03265,0,0.002299,-0.0428,0.001529,-0.03884,-0.02654,-0.02267,-0.02429,-0.03942,0,0,-0.04263,0.009194,-0.03564,-0.04152,0.05326,0.04208,0.05402,-0.0312,-0.035,-0.03364,-0.03574,-0.03796,-0.01048,0.03803,0.01467,0.04111,-0.003136,0.05613,0.0108
0,0,-0.02672,0.00757,-0.01261,-0.01462,-0.0175,0,-0.01106,-0.07088,-0.01051,0,0,-0.01827,0.004344,-0.0364,0,0.002394,-0.04431,-1.62e-005,-0.03956,-0.02609,-0.02278,-0.02485,-0.03888,0,0,-0.04178,0.009393,-0.03381,-0.04534,0.05237,0.04479,0.05104,-0.03157,-0.03566,-0.03402,-0.03624,-0.03901,-0.01184,0.04658,0.01506,0.03665,-0.003152,0.05818,0.01154
0,0,0,0.00963,-0.01371,-0.01465,-0.01743,0,-0.01327,-0.06891,-0.01296,0,0,-0.01181,0.002576,-0.03753,0,0.001341,-0.0465,-4.756e-005,-0.03853,-0.02598,-0.02199,-0.02694,-0.03871,0,0,-0.04193,0.007905,-0.03175,-0.04845,0.04925,0.04671,0.04822,-0.03167,-0.03531,-0.03418,-0.03534,-0.03913,-0.01176,0.05652,0.01508,0.03492,-0.003345,0.05936,0.01264
0,0,0,0.008819,-0.01346,-0.01509,-0.02018,0,-0.0156,-0.06633,-0.01045,0,0,-0.01094,0.001785,-0.04265,0,0.00245,-0.04701,0.0003712,-0.04045,-0.0279,-0.02159,-0.02676,-0.03776,0,0,-0.04289,0.008014,-0.02976,-0.05024,0.04522,0.04689,0.04677,-0.03207,-0.03418,-0.03497,-0.03455,-0.04049,-0.01142,0.06648,0.01563,0.03332,-0.002696,0.05936,0.01295
0,0,0,0.008106,-0.01407,-0.01579,-0.02057,0,-0.01749,-0.06247,-0.009158,0,0,-0.01088,0.002065,-0.04529,0,0.002635,-0.04548,0.000743,-0.0451,-0.0294,-0.0228,-0.02676,-0.0377,0,0,-0.03974,0.008476,-0.02716,-0.05109,0.04153,0.04579,0.04424,-0.0319,-0.03348,-0.03466,-0.03303,-0.04153,-0.01048,0.07388,0.01592,0.03373,-0.002089,0.05868,0.01225
0,0,0,0.006206,-0.01511,-0.016,-0.02148,0,-0.01883,-0.05976,0,0,0,-0.01221,0.002572,-0.04673,0,0.003337,-0.04357,0.0002641,-0.04847,-0.02941,-0.02286,-0.02958,-0.03584,0,0,-0.03734,0.008013,-0.0252,-0.04943,0.03928,0.04468,0.04058,-0.03119,-0.03337,-0.03588,-0.03199,-0.04257,-0.01102,0.07514,0.01722,0.03414,-0.001647,0.05585,0.01179
0,0,0,0.006181,-0.01382,-0.01607,-0.0221,0,-0.02132,-0.05628,0,0,0,-0.01468,0.005481,-0.04748,0,0.003754,-0.04198,0.001648,-0.04849,-0.0286,-0.02377,-0.03214,-0.03702,0,0,-0.03607,0.008267,-0.02217,-0.04798,0.03702,0.04272,0.04071,-0.03074,-0.03322,-0.03624,-0.03194,-0.04262,-0.008875,0.06988,0.01871,0.03518,-0.0006625,0.05322,0.01205
0,0,0,0.003754,-0.01237,-0.01612,-0.0215,0,-0.02317,-0.05526,0,0,0,-0.01908,0.008122,-0.05021,0,0.005546,-0.03898,0.00146,-0.04794,-0.02976,-0.02493,-0.02895,-0.0364,0,0,-0.03445,0.009911,-0.02048,-0.04567,0.03447,0.04123,0.04367,-0.03164,-0.03264,-0.03629,-0.03275,-0.04237,-0.00971,0.06112,0.01842,0.03661,-0.0003031,0.0503,0.01084
0,0,0,0.002589,-0.01147,-0.01716,-0.0189,0,-0.0222,-0.05484,0,0,0,-0.02473,0.009523,-0.04822,0,0.007209,-0.03782,0.003052,-0.04624,-0.02766,-0.02552,-0.03492,-0.03543,0,0,-0.0303,0.01024,-0.01925,-0.04487,0.03254,0.04061,0.04525,-0.0327,-0.03099,-0.03698,-0.03328,-0.04204,-0.009253,0.05198,0.01735,0.03926,0.0003238,0.04891,0.01119
0,0,0,0.002738,-0.01007,-0.01678,-0.01372,0,-0.01935,-0.05628,0,0,0,-0.02942,0.01119,-0.04874,0,0.008035,-0.0374,0.002539,-0.04214,-0.02728,-0.02386,-0.03762,-0.0306,0,0,-0.03188,0.01011,-0.01821,-0.04444,0.03081,0.03962,0.04967,-0.03252,-0.02982,-0.03732,-0.03398,-0.04101,-0.01039,0.04427,0.01697,0.04245,0.001079,0.04849,0.01386
0,0,0,0.003235,-0.008602,-0.01749,0,0,-0.01711,-0.05922,0,0,0,-0.03023,0.01289,-0.04877,0,0.007022,-0.03908,0.002334,-0.03757,-0.02767,-0.02737,-0.03746,-0.03081,0,0,-0.03084,0.009634,-0.01917,-0.0445,0.02888,0.03893,0.05186,-0.03331,-0.02883,-0.0366,-0.03476,-0.03979,-0.009367,0.03613,0.01589,0.04724,0.002279,0.04863,0.01588
0,0,0,0.004456,-0.007562,-0.01861,0,0,-0.0153,-0.05943,0,0,0,-0.03392,0.01223,-0.04929,0,0.006563,-0.04112,0.0006947,-0.03847,-0.02643,-0.02847,-0.03002,-0.028,0,0,-0.03002,0.009728,-0.02276,-0.04547,0.02765,0.03844,0.05631,-0.03384,-0.02776,-0.03668,-0.03568,-0.03889,-0.01133,0.02896,0.01563,0.05092,0.002835,0.04722,0.01592
0,0,0,0.005472,-0.007472,-0.01903,0,0,-0.01323,-0.06436,0,0,0,-0.03231,0.01186,-0.04997,0,0.004886,-0.04497,-0.002756,-0.03987,-0.02454,-0.03035,-0.02724,-0.02801,0,0,-0.02992,0.009337,-0.02359,-0.04341,0.02683,0.03783,0.05429,-0.03343,-0.02805,-0.03724,-0.03625,-0.03892,-0.0116,0.02271,0.01519,0.05393,0.004271,0.04837,0.01675
0,0,0,0.009116,-0.00787,-0.01839,0,0,-0.01262,-0.06682,0,0,0,-0.02553,0.01067,-0.04965,0,0.002272,-0.04772,-0.00716,-0.04162,-0.02613,-0.03175,-0.0371,-0.02754,0,0,-0.02989,0.01032,-0.02633,-0.03962,0.02784,0.03762,0.05795,-0.03275,-0.03014,-0.03724,-0.03628,-0.03818,-0.01254,0.01468,0.01459,0.05492,0.005036,0.05202,0.01557
0,0,0,0.01136,-0.00734,-0.01856,0,0,-0.01292,-0.06879,0,0,0,-0.01941,0.009106,-0.04637,0,0.00171,-0.05044,-0.0092,-0.0406,-0.02576,-0.0295,-0.03195,-0.02874,0,0,-0.03452,0.01051,-0.02912,-0.03826,0.03576,0.03888,0.05473,-0.03372,-0.0316,-0.03717,-0.03616,-0.03768,-0.0106,0.008982,0.01414,0.05656,0.00539,0.05528,0.01446
0,0,0,0.01299,-0.007443,-0.017,0,0,-0.01188,-0.06817,0,0,0,-0.01509,0.00721,-0.04482,0,0.001578,-0.05104,-0.009632,-0.04403,-0.02649,-0.02863,-0.02985,-0.03,0,0,-0.03335,0.01142,-0.03035,-0.03635,0.04176,0.04022,0.05417,-0.03261,-0.03387,-0.03792,-0.03542,-0.0375,-0.009684,0.009049,0.0139,0.05552,0.005673,0.05789,0.01306
0,0,0,0.00993,-0.008628,-0.0166,0,0,-0.009681,-0.07111,0,0,0,-0.008955,0.005304,-0.04451,0,0.0008197,-0.05185,-0.009129,-0.0398,-0.02788,-0.02711,-0.0277,-0.03315,0,0,-0.03273,0.01228,-0.02841,-0.03325,0.04632,0.04175,0.05051,-0.03319,-0.03686,-0.03793,-0.03431,-0.03817,-0.00805,0.01373,0.01359,0.05464,0.005591,0.06419,0.01305
0,0,0,0.009554,-0.009158,-0.0167,0,0,-0.00912,-0.06862,0,0,0,-0.006575,0.003423,-0.03962,0,0.001143,-0.05224,-0.004987,-0.03304,-0.02829,-0.02409,-0.02773,-0.03529,0,0,-0.03215,0.01236,-0.02813,-0.0355,0.051,0.04403,0.04928,-0.03469,-0.03961,-0.03787,-0.03383,-0.03894,-0.006212,0.02045,0.01349,0.0518,0.004946,0.06791,0.01253
0,0,0,0.004639,-0.01007,-0.01837,0,0,-0.00785,-0.06889,0,0,0,-0.006673,0.002781,-0.03691,0,0.002568,-0.05321,0,-0.02651,-0.02715,-0.01708,-0.0258,-0.0355,0,0,-0.03216,0.01094,-0.02704,-0.03894,0.05209,0.04501,0.04528,-0.03674,-0.04039,-0.03706,-0.03382,-0.04069,-0.005809,0.02844,0.01398,0.0492,0.00452,0.06971,0.01393
0,0,0,0.002442,-0.01178,-0.01868,0,0,-0.006974,-0.06672,0,0,0,-0.008373,0.003126,-0.03887,0,0.002153,-0.05415,0,-0.02371,-0.02809,-0.01472,-0.02536,-0.03484,0,0,-0.03283,0.01133,-0.02373,-0.03982,0.04913,0.04516,0.0452,-0.03673,-0.04063,-0.0376,-0.03337,-0.04237,-0.005563,0.0335,0.0127,0.04481,0.003999,0.06977,0.01517
0,0,0,0.00148,-0.01233,-0.0205,0,0,-0.007634,-0.06573,0,0,0,-0.008104,0.001844,-0.03602,0,0.001454,-0.05715,0,-0.02429,-0.02893,-0.01038,-0.02322,-0.03167,0,0,-0.03265,0.01078,-0.02053,-0.04013,0.04548,0.045,0.04414,-0.03535,-0.03904,-0.03768,-0.03299,-0.04265,-0.006888,0.03803,0.01223,0.04324,0.001937,0.06941,0.01447
0,0,0,0.002856,-0.01211,-0.02084,0,0,-0.009121,-0.06198,0,0,0,-0.007743,0.0009794,-0.03586,0,0.0004158,-0.06063,0,-0.02858,-0.02885,-0.006814,-0.01993,-0.02846,0,0,-0.03305,0.009727,-0.02044,-0.04078,0.04352,0.04497,0.0433,-0.03342,-0.03697,-0.03805,-0.03213,-0.04278,-0.006156,0.03939,0.01075,0.04421,0.00193,0.0665,0.0143
0,0,0,0.004063,-0.009483,-0.02279,0,0,-0.009063,-0.06138,0,0,0,0,0.0002701,-0.03543,0,-0.001522,-0.0633,0,-0.03542,-0.03291,0,0,-0.02268,0,0,-0.0358,0.0102,-0.01909,-0.03907,0.04209,0.04395,0.04383,-0.0314,-0.03478,-0.03841,-0.03157,-0.04283,0,0.04167,0.01051,0.04526,0.001145,0.0633,0.01466
0,0,0,0.006337,-0.008879,-0.02472,0,0,-0.008757,-0.05941,0,0,0,0,0.000616,-0.03495,0,-0.002732,-0.06851,0,-0.04349,-0.03289,0,0,-0.0186,0,0,-0.03574,0.008928,-0.01731,-0.03877,0.04167,0.04349,0.04562,-0.02849,-0.03342,-0.03939,-0.03128,-0.04176,0,0.04427,0.01005,0.04867,0.0005432,0.05884,0.01447
0,0,0,0.00645,-0.007181,-0.02656,0,0,-0.007352,-0.05862,0,0,0,0,-0.0002757,-0.03475,0,-0.003335,-0.07429,0,-0.05419,0,0,0,-0.01536,0,0,-0.03764,0.009985,-0.01757,-0.03736,0.04068,0.04301,0.04583,-0.02774,-0.03363,-0.03985,-0.0317,-0.04115,0,0.04697,0.009499,0.05171,-0.0001614,0.05648,0.01435
0,0,0,0,-0.007,-0.02741,0,0,-0.005884,-0.05594,0,0,0,0,0.0003897,-0.03788,0,-0.004521,-0.0769,0,-0.0565,0,0,0,-0.01348,0,0,-0.03902,0.009791,-0.01939,-0.03738,0.03955,0.0424,0.04874,-0.02844,-0.03477,-0.03972,-0.03241,-0.04071,0,0.04809,0.008797,0.05627,5.57e-005,0.05742,0.01545
0,0,0,0,-0.006531,-0.02986,0,0,-0.004519,-0.05688,0,0,0,0,0.0003183,-0.03733,0,-0.005653,-0.07634,0,-0.05831,0,0,0,-0.01045,0,0,-0.04056,0.009148,-0.02076,-0.03675,0.03649,0.04142,0.05096,-0.03075,-0.03498,-0.04021,-0.03329,-0.03961,0,0.04636,0.008446,0.06057,-0.0009091,0.05669,0.01582
0,0,0,0,-0.009059,-0.02976,0,0,0,-0.05813,0,0,0,0,0.001669,-0.03523,0,-0.005681,-0.07538,0,-0.05761,0,0,0,-0.009681,0,0,-0.04389,0.007847,-0.02258,-0.03582,0.03717,0.04041,0.05395,-0.03115,-0.0358,-0.04012,-0.03389,-0.03821,0,0.04306,0.007101,0.06111,-0.001514,0.0549,0.01584
0,0,0,0,-0.01046,-0.02767,0,0,0,-0.05793,0,0,0,0,0.0009653,-0.03563,0,-0.003051,-0.07045,0,-0.05594,0,0,0,-0.01085,0,0,-0.04586,0.008824,-0.02476,-0.0331,0.03666,0.03956,0.0553,-0.0318,-0.03663,-0.04001,-0.03491,-0.03729,0,0.03952,0.006576,0.06223,-0.001806,0.05415,0.01483
0,0,0,0,-0.01207,-0.02628,0,0,0,-0.05839,0,0,0,0,9.95e-005,-0.03264,0,-0.001954,-0.06408,0,-0.047,0,0,0,-0.01286,0,0,-0.04589,0.006792,-0.02758,-0.03411,0.04139,0.0396,0.05928,-0.03096,-0.03618,-0.03955,-0.03596,-0.03663,0,0.03555,0.007852,0.0612,-0.002153,0.0536,0.01338
0,0,0,0,0,-0.02381,0,0,0,-0.05895,0,0,0,0,0.0001059,-0.03272,0,0.001086,-0.05772,0,-0.03383,0,0,0,-0.01575,0,0,-0.04548,0.006737,-0.02823,-0.03325,0.04543,0.04009,0.06112,-0.0315,-0.03571,-0.03952,-0.03685,-0.03696,0,0.03276,0.008003,0.05921,-0.002337,0.05131,0.01158
0,0,0,0,0,-0.02043,0,0,0,-0.05464,0,0,0,0,0.002082,-0.03094,0,0.005544,-0.05348,0,-0.029,0,0,0,-0.01837,0,0,-0.04346,0.006683,-0.0285,-0.03378,0.04997,0.04116,0.0629,-0.031,-0.03613,-0.03913,-0.03716,-0.03759,0,0.03059,0.007738,0.05732,-0.002891,0.05175,0.01022
0,0,0,0,0,-0.01813,0,0,0,-0.05315,0,0,0,0,0.002249,-0.03344,0,0.005897,-0.04868,0,-0.0316,0,0,0,-0.01777,0,0,-0.03914,0.005583,-0.02797,-0.03468,0.05172,0.04359,0.0632,-0.03083,-0.03581,-0.03863,-0.03747,-0.03771,0,0.03946,0.008421,0.05776,-0.003434,0.05419,0.008943
0,0,0,0,0,-0.01765,0,0,0,-0.05367,0,0,0,0,0.004088,-0.03484,0,0.005894,-0.04397,0,0,0,0,0,-0.01668,0,0,-0.03537,0.004004,-0.02756,-0.03537,0.0532,0.04638,0.06351,-0.02904,-0.03545,-0.03806,-0.03666,-0.03787,0,0.04543,0.008332,0.05468,-0.003596,0.05656,0.009125
0,0,0,0,0,-0.0179,0,0,0,-0.0517,0,0,0,0,0.004766,-0.03817,0,0.004826,-0.03905,0,0,0,0,0,-0.01509,0,0,-0.03054,0.003004,-0.02392,-0.03637,0.04994,0.04888,0.06197,-0.029,-0.03578,-0.03723,-0.03551,-0.03715,0,0.05002,0.00817,0.05357,-0.004278,0.05819,0.009695
0,0,0,0,0,-0.01974,0,0,0,-0.05001,0,0,0,0,0.003799,-0.03874,0,0.004219,-0.03517,0,0,0,0,0,-0.01439,0,0,-0.02792,0.002471,-0.01822,-0.03793,0.04703,0.05076,0.05994,-0.02907,-0.03445,-0.037,-0.03472,-0.03537,0,0.05337,0.009046,0.05417,-0.004361,0.05839,0.01047
0,0,0,0,0,-0.02141,0,0,0,-0.04947,0,0,0,0,0.006063,-0.04193,0,0.002787,-0.03373,0,0,0,0,0,-0.01376,0,0,-0.02571,0.001882,-0.01615,-0.03872,0.04498,0.05159,0.05709,-0.02917,-0.03366,-0.03656,-0.03422,-0.0345,0,0.05461,0.01059,0.05412,-0.004415,0.05775,0.00854
0,0,0,0,0,-0.02226,0,0,0,-0.04838,0,0,0,0,0.00548,-0.04309,0,0.0009601,-0.03166,0,0,0,0,0,-0.01349,0,0,-0.0242,0.002383,-0.01454,-0.03774,0.04339,0.0512,0.05489,-0.03004,-0.03112,-0.03662,-0.0341,-0.03365,0,0.05149,0.01261,0.05579,-0.003563,0.05581,0.007181
0,0,0,0,0,-0.02406,0,0,0,-0.04313,0,0,0,0,0.003891,-0.04628,0,-0.001324,-0.0311,0,0,0,0,0,-0.01134,0,0,-0.02471,0.001975,-0.01339,-0.03634,0.043,0.04955,0.05446,-0.03151,-0.02814,-0.03652,-0.03504,-0.03335,0,0.04707,0.01386,0.05877,-0.003556,0.05372,0.006503
0,0,0,0,0,-0.02817,0,0,0,-0.04273,0,0,0,0,0.004105,-0.04838,0,-0.001855,-0.02903,0,0,0,0,0,0,0,0,-0.02403,0.002534,-0.01428,-0.03275,0.04294,0.0478,0.05393,-0.03145,-0.02563,-0.03707,-0.03618,-0.03303,0,0.0443,0.01575,0.06103,-0.00322,0.05097,0.005079
0,0,0,0,0,-0.03155,0,0,0,-0.04415,0,0,0,0,0.004287,-0.05128,0,-0.003773,-0.02788,0,0,0,0,0,0,0,0,-0.02482,0.002203,-0.01535,-0.03093,0.04253,0.04635,0.05494,-0.03128,-0.02596,-0.03706,-0.03732,-0.03426,0,0.04145,0.01714,0.06424,-0.003082,0.04839,0.001298
0,0,0,0,0,-0.03903,0,0,0,-0.04827,0,0,0,0,0,-0.05408,0,-0.004469,-0.02694,0,0,0,0,0,0,0,0,-0.02605,0.002176,-0.01506,-0.02787,0.04108,0.04517,0.0583,-0.03152,-0.02489,-0.03677,-0.03847,-0.03394,0,0.03743,0.01795,0.06845,-0.002748,0.04567,0.001828
0,0,0,0,0,-0.04626,0,0,0,-0.05146,0,0,0,0,0,-0.05757,0,-0.002953,-0.02794,0,0,0,0,0,0,0,0,-0.03001,0.001557,-0.01555,-0.02397,0.03965,0.04386,0.06021,-0.03082,-0.02553,-0.03704,-0.039,-0.03486,0,0.03214,0.01759,0.07168,-0.00262,0.04616,0.005264
0,0,0,0,0,-0.05001,0,0,0,-0.06253,0,0,0,0,0,-0.05374,0,0.0004589,-0.03063,0,0,0,0,0,0,0,0,-0.02929,0.002281,-0.01414,-0.02189,0.03729,0.04333,0.06124,-0.03093,-0.02626,-0.03697,-0.03821,-0.03459,0,0.02276,0.01838,0.07335,-0.002637,0.04641,0.008421
0,0,0,0,0,-0.04958,0,0,0,-0.06708,0,0,0,0,0,-0.05298,0,0.002883,-0.03622,0,0,0,0,0,0,0,0,-0.03029,0.001619,-0.01433,-0.02035,0.03506,0.0422,0.06252,-0.03263,-0.02807,-0.03702,-0.03791,-0.03531,0,0.0153,0.01746,0.07466,-0.002387,0.04676,0.009901
0,0,0,0,0,-0.04823,0,0,0,-0.06996,0,0,0,0,0,-0.05151,0,0.006684,-0.04457,0,0,0,0,0,0,0,0,-0.02968,0,-0.01417,-0.02007,0.03303,0.04152,0.06369,-0.03327,-0.0299,-0.03637,-0.03665,-0.03547,0,0.01392,0.01626,0.07482,-0.002196,0.04896,0.01338
0,0,0,0,0,-0.04583,0,0,0,-0.06887,0,0,0,0,0,-0.04838,0,0.009948,-0.05491,0,0,0,0,0,0,0,0,-0.02857,0,-0.01343,-0.02119,0.03492,0.04081,0.06335,-0.03399,-0.03282,-0.03662,-0.03589,-0.03665,0,0.0175,0.01565,0.07282,-0.002174,0.05228,0.01467
0,0,0,0,0,-0.04718,0,0,0,-0.06696,0,0,0,0,0,-0.04743,0,0.0104,-0.06187,0,0,0,0,0,0,0,0,-0.02567,0,-0.0126,-0.02367,0.03674,0.04174,0.06299,-0.03429,-0.03686,-0.03687,-0.0348,-0.03768,0,0.02236,0.01515,0.07048,-0.002302,0.05431,0.0147
0,0,0,0,0,-0.0464,0,0,0,-0.05985,0,0,0,0,0,-0.04456,0,0.009798,-0.06734,0,0,0,0,0,0,0,0,-0.02617,0,-0.01376,-0.02606,0.03867,0.04275,0.06211,-0.03407,-0.03881,-0.03704,-0.03406,-0.03866,0,0.02981,0.01363,0.06731,-0.001842,0.05698,0.0135
0,0,0,0,0,-0.04642,0,0,0,-0.0553,0,0,0,0,0,-0.04002,0,0.00965,-0.07191,0,0,0,0,0,0,0,0,-0.02588,0,-0.01328,-0.02961,0.04069,0.04419,0.06183,-0.03227,-0.03807,-0.03691,-0.03382,-0.03922,0,0.03548,0.01251,0.06344,-0.001987,0.05962,0.01313
0,0,0,0,0,-0.04918,0,0,0,-0.04954,0,0,0,0,0,-0.03762,0,0.00939,-0.07262,0,0,0,0,0,0,0,0,-0.02616,0,-0.0117,-0.0327,0.04269,0.04656,0.0602,-0.03211,-0.03566,-0.03725,-0.03385,-0.03944,0,0.03634,0.01211,0.06047,-0.002289,0.06179,0.01118
0,0,0,0,0,-0.04824,0,0,0,-0.04641,0,0,0,0,0,-0.03584,0,0.009036,-0.0686,0,0,0,0,0,0,0,0,-0.02526,0,-0.01242,-0.03229,0.04171,0.05033,0.05892,-0.03094,-0.03417,-0.0372,-0.0329,-0.03908,0,0.03474,0.01163,0.05853,-0.0027,0.06304,0.01027
0,0,0,0,0,-0.04257,0,0,0,-0.04235,0,0,0,0,0,-0.03032,0,0.01016,-0.07263,0,0,0,0,0,0,0,0,-0.02463,0,-0.01053,-0.03223,0.04179,0.05158,0.05729,-0.03064,-0.0307,-0.03709,-0.03252,-0.03835,0,0.03549,0.01198,0.05767,-0.002686,0.06132,0.008527
0,0,0,0,0,-0.04072,0,0,0,-0.03935,0,0,0,0,0,-0.03212,0,0.009861,-0.07631,0,0,0,0,0,0,0,0,-0.02343,0,-0.0107,-0.03095,0.04311,0.05179,0.0564,-0.03244,-0.03043,-0.03703,-0.03283,-0.03713,0,0.03665,0.01188,0.05715,-0.003745,0.05875,0.008841
0,0,0,0,0,-0.04184,0,0,0,-0.03794,0,0,0,0,0,-0.03595,0,0.009926,-0.07671,0,0,0,0,0,0,0,0,-0.02425,0,-0.00977,-0.03019,0.04473,0.0519,0.05513,-0.03367,-0.03176,-0.03652,-0.0324,-0.03554,0,0.03995,0.01242,0.05903,-0.003945,0.05543,0.00862
0,0,0,0,0,-0.04167,0,0,0,-0.03679,0,0,0,0,0,-0.03723,0,0.008989,-0.0765,0,0,0,0,0,0,0,0,-0.02433,0,-0.01115,-0.02824,0.05151,0.0479,0.05555,-0.03194,-0.03287,-0.03734,-0.03212,-0.03468,0,0.04253,0.01318,0.0603,-0.00459,0.05212,0.008577
0,0,0,0,0,-0.04143,0,0,0,-0.0363,0,0,0,0,0,-0.03805,0,0.007826,-0.07908,0,0,0,0,0,0,0,0,-0.02488,0,-0.01077,-0.02803,0.05781,0.04201,0.0553,-0.02856,-0.03328,-0.03696,-0.03265,-0.0342,0,0.04519,0.01288,0.06238,-0.004916,0.04891,0.008593
0,0,0,0,0,0,0,0,0,-0.03824,0,0,0,0,0,-0.04163,0,0.006401,-0.07556,0,0,0,0,0,0,0,0,-0.02547,0,-0.01279,-0.02584,0.06459,0.03886,0.05557,-0.02321,-0.03409,-0.03641,-0.03346,-0.0334,0,0.04454,0.01146,0.06433,-0.005319,0.04729,0.007212
0,0,0,0,0,0,0,0,0,-0.04036,0,0,0,0,0,-0.0417,0,0.01029,-0.07155,0,0,0,0,0,0,0,0,-0.025,0,-0.01171,-0.02552,0.06715,0.03642,0.05626,-0.01961,-0.0362,-0.03684,-0.03357,-0.03321,0,0.04288,0.01115,0.06517,-0.005037,0.04748,0.006403
0,0,0,0,0,0,0,0,0,-0.04001,0,0,0,0,0,-0.03976,0,0.0106,-0.0701,0,0,0,0,0,0,0,0,-0.0217,0,-0.01302,-0.02259,0.07762,0.03423,0.05775,-0.0175,-0.03571,-0.03767,-0.03399,-0.03321,0,0.04032,0.008939,0.06528,-0.004792,0.04902,0.00516
0,0,0,0,0,0,0,0,0,-0.04148,0,0,0,0,0,-0.03752,0,0.01101,-0.06939,0,0,0,0,0,0,0,0,-0.01949,0,-0.01265,-0.02035,0.06847,0.03524,0.05931,-0.01703,-0.0372,-0.0378,-0.03335,-0.03324,0,0.0375,0.007438,0.06495,-0.004497,0.04985,0.003383
0,0,0,0,0,0,0,0,0,-0.04361,0,0,0,0,0,-0.03807,0,0.01151,-0.06448,0,0,0,0,0,0,0,0,-0.01734,0,-0.01107,-0.01966,0,0.03764,0.0615,-0.01698,-0.03739,-0.0387,-0.0337,-0.03389,0,0.03526,0.007144,0.06383,-0.003891,0.0514,0.004793
0,0,0,0,0,0,0,0,0,-0.04267,0,0,0,0,0,-0.04057,0,0.01196,-0.05698,0,0,0,0,0,0,0,0,-0.01445,0,-0.01002,-0.02086,0,0.03814,0.06394,-0.0202,-0.03693,-0.0395,-0.0332,-0.03479,0,0.03489,0.007634,0.06217,-0.003478,0.05324,0.008377
0,0,0,0,0,0,0,0,0,-0.04159,0,0,0,0,0,-0.04429,0,0.01136,-0.04728,0,0,0,0,0,0,0,0,-0.01374,0,-0.01048,-0.02131,0,0.03618,0.06604,-0.01933,-0.03442,-0.03948,-0.03307,-0.03552,0,0,0.006683,0.06139,-0.002981,0.05326,0.009144
0,0,0,0,0,0,0,0,0,-0.03867,0,0,0,0,0,-0.04567,0,0.009777,-0.03781,0,0,0,0,0,0,0,0,-0.01351,0,-0.008307,-0.02118,0,0.03262,0.06815,-0.01608,-0.03432,-0.03939,-0.03291,-0.03729,0,0,0.004283,0.06047,-0.002808,0.05247,0.01144
0,0,0,0,0,0,0,0,0,-0.03671,0,0,0,0,0,-0.05102,0,0.007846,-0.02761,0,0,0,0,0,0,0,0,-0.01302,0,-0.008202,-0.02123,0,0.02697,0.06902,-0.0134,-0.02956,-0.03934,-0.0331,-0.03765,0,0,0.002435,0.05968,-0.002195,0.05137,0.01326
0,0,0,0,0,0,0,0,0,-0.03037,0,0,0,0,0,-0.0569,0,0.005788,-0.02381,0,0,0,0,0,0,0,0,-0.01143,0,-0.01422,-0.01985,0,0.02158,0.06949,-0.01134,-0.02582,-0.03916,-0.0327,-0.03713,0,0,0.0005383,0.05991,-0.002042,0.04838,0.01179
0,0,0,0,0,0,0,0,0,-0.02718,0,0,0,0,0,-0.05663,0,0.005594,-0.02499,0,0,0,0,0,0,0,0,-0.01117,0,-0.0116,-0.01932,0,0.02147,0.06829,-0.008088,-0.02138,-0.03894,-0.03266,-0.03665,0,0,-0.0008909,0.06033,-0.00178,0.04586,0.009582
0,0,0,0,0,0,0,0,0,-0.02622,0,0,0,0,0,-0.05767,0,0.005644,-0.02915,0,0,0,0,0,0,0,0,-0.009109,0,-0.009423,-0.01862,0,0.02386,0.06703,0,-0.01685,-0.03862,-0.0329,-0.03634,0,0,-0.0008222,0.06092,-0.001499,0.03987,0.009461
0,0,0,0,0,0,0,0,0,-0.02687,0,0,0,0,0,-0.05798,0,0.004442,-0.03327,0,0,0,0,0,0,0,0,-0.007907,0,-0.009595,-0.01817,0,0.02762,0.06467,0,-0.01364,-0.03855,-0.03296,-0.03382,0,0,0.0006459,0.06138,-0.001134,0.03273,0.00834
0,0,0,0,0,0,0,0,0,-0.02496,0,0,0,0,0,-0.05756,0,0.00476,-0.03448,0,0,0,0,0,0,0,0,-0.008332,0,-0.006915,-0.01916,0,0.04615,0.0642,0,-0.01479,-0.03806,-0.03411,-0.03297,0,0,0.002948,0.06288,-0.001035,0.03018,0.007284
0,0,0,0,0,0,0,0,0,-0.02889,0,0,0,0,0,-0.05251,0,0.003643,-0.03066,0,0,0,0,0,0,0,0,-0.01052,0,-0.00742,-0.02123,0,0.05036,0.06247,0,-0.01561,-0.03828,-0.03521,-0.03197,0,0,0.005523,0.06446,-0.001016,0.02784,0.006079
0,0,0,0,0,0,0,0,0,-0.03145,0,0,0,0,0,-0.05193,0,-3.97e-005,-0.02703,0,0,0,0,0,0,0,0,-0.01354,0,-0.00871,-0.01887,0,0.05142,0.06194,0,-0.01942,-0.03794,-0.03486,-0.032,0,0,0.006621,0.06599,-0.000293,0.02702,0.004278
0,0,0,0,0,0,0,0,0,-0.03279,0,0,0,0,0,-0.05003,0,-0.003142,-0.02251,0,0,0,0,0,0,0,0,-0.01659,0,-0.008696,-0.01235,0,0.04928,0.06149,0,0,-0.03823,-0.03485,-0.03231,0,0,0.009448,0.06697,0.0001343,0.02872,0.002712
0,0,0,0,0,0,0,0,0,-0.03421,0,0,0,0,0,-0.0521,0,-0.003297,-0.0187,0,0,0,0,0,0,0,0,-0.02118,0,-0.008326,-0.01008,0,0.04506,0.06127,0,0,-0.03803,-0.03462,-0.03472,0,0,0.01047,0.06859,0.0007123,0.02901,0.0004809
0,0,0,0,0,0,0,0,0,-0.03565,0,0,0,0,0,-0.05361,0,-0.004457,-0.02178,0,0,0,0,0,0,0,0,-0.02236,0,-0.009173,0,0,0.03837,0.06116,0,0,-0.03855,-0.0326,-0.03696,0,0,0.0103,0.06955,0.001479,0.02667,-0.0004374
0,0,0,0,0,0,0,0,0,-0.03671,0,0,0,0,0,-0.05761,0,-0.00341,-0.03101,0,0,0,0,0,0,0,0,-0.0217,0,0,0,0,0.04343,0.06143,0,0,-0.03912,-0.03001,-0.04056,0,0,0.007971,0.06985,0.002084,0.02524,0.0002932
0,0,0,0,0,0,0,0,0,-0.04073,0,0,0,0,0,-0.0581,0,-0.001779,-0.04058,0,0,0,0,0,0,0,0,-0.02147,0,0,0,0,0.04186,0.06099,0,0,-0.03907,-0.02972,-0.04314,0,0,0.006473,0.07001,0.002448,0.02406,0.002636
0,0,0,0,0,0,0,0,0,-0.04132,0,0,0,0,0,-0.05793,0,-0.001258,-0.05049,0,0,0,0,0,0,0,0,-0.02174,0,0,0,0,0.039,0.06094,0,0,-0.0391,-0.02819,-0.04401,0,0,0.006011,0.06984,0.003242,0.02278,0.006117
0,0,0,0,0,0,0,0,0,-0.04443,0,0,0,0,0,-0.05344,0,0,-0.05739,0,0,0,0,0,0,0,0,-0.02082,0,0,0,0,0.02936,0.06115,0,0,-0.04031,-0.02875,-0.04326,0,0,0.007722,0.06913,0.003443,0.0244,0.009798
0,0,0,0,0,0,0,0,0,-0.04603,0,0,0,0,0,-0.04582,0,0,-0.06853,0,0,0,0,0,0,0,0,-0.02087,0,0,0,0,0,0.06135,0,0,-0.04003,-0.02792,-0.04216,0,0,0.007072,0.06807,0.003461,0.02821,0.01265
0,0,0,0,0,0,0,0,0,-0.04564,0,0,0,0,0,-0.03714,0,0,-0.07649,0,0,0,0,0,0,0,0,-0.02595,0,0,0,0,0,0.06208,0,0,-0.03952,-0.027,-0.04077,0,0,0.008271,0.06532,0.004014,0.03151,0.01438
0,0,0,0,0,0,0,0,0,-0.03813,0,0,0,0,0,-0.03413,0,0,-0.08077,0,0,0,0,0,0,0,0,-0.02872,0,0,0,0,0,0.06286,0,0,-0.04049,-0.02659,-0.03814,0,0,0.008654,0.06333,0.003673,0.035,0.01459
0,0,0,0,0,0,0,0,0,-0.03723,0,0,0,0,0,-0.0327,0,0,-0.08713,0,0,0,0,0,0,0,0,-0.0319,0,0,0,0,0,0.06322,0,0,-0.04048,-0.02641,-0.03684,0,0,0.006824,0.06143,0.003743,0.04131,0.01348
0,0,0,0,0,0,0,0,0,-0.02901,0,0,0,0,0,-0.03653,0,0,-0.09458,0,0,0,0,0,0,0,0,-0.03424,0,0,0,0,0,0.06334,0,0,-0.03951,-0.02299,-0.03638,0,0,0.004094,0.05959,0.003896,0.04328,0.01152
0,0,0,0,0,0,0,0,0,-0.02317,0,0,0,0,0,-0.04383,0,0,-0.08878,0,0,0,0,0,0,0,0,-0.03373,0,0,0,0,0,0.06214,0,0,-0.03962,-0.021,-0.03638,0,0,0,0.05812,0.004823,0.04494,0.009541
0,0,0,0,0,0,0,0,0,-0.0176,0,0,0,0,0,-0.04457,0,0,-0.08152,0,0,0,0,0,0,0,0,-0.03313,0,0,0,0,0,0.06045,0,0,-0.03955,-0.0167,-0.03477,0,0,0,0.05721,0.005931,0.045,0.007737
0,0,0,0,0,0,0,0,0,-0.01785,0,0,0,0,0,-0.03509,0,0,-0.07094,0,0,0,0,0,0,0,0,-0.03318,0,0,0,0,0,0.05718,0,0,-0.03942,-0.01516,-0.03467,0,0,0,0.05698,0.007302,0.04102,0.005519
0,0,0,0,0,0,0,0,0,-0.02141,0,0,0,0,0,-0.0303,0,0,-0.05779,0,0,0,0,0,0,0,0,-0.03009,0,0,0,0,0,0.05308,0,0,-0.03958,-0.01908,-0.03562,0,0,0,0.05641,0.007813,0.03454,0.004262
0,0,0,0,0,0,0,0,0,-0.02888,0,0,0,0,0,-0.02323,0,0,-0.04754,0,0,0,0,0,0,0,0,-0.02864,0,0,0,0,0,0.04923,0,0,-0.04074,-0.02193,-0.03547,0,0,0,0.05587,0.008376,0,0.003557
0,0,0,0,0,0,0,0,0,-0.03678,0,0,0,0,0,-0.01808,0,0,-0.03986,0,0,0,0,0,0,0,0,-0.02797,0,0,0,0,0,0.0459,0,0,-0.04131,-0.02454,-0.03668,0,0,0,0.05561,0.008238,0,0.003242
0,0,0,0,0,0,0,0,0,-0.04114,0,0,0,0,0,-0.0177,0,0,-0.03229,0,0,0,0,0,0,0,0,-0.02553,0,0,0,0,0,0.0454,0,0,-0.04175,-0.02665,-0.03843,0,0,0,0.05561,0.007874,0,0.003522
0,0,0,0,0,0,0,0,0,-0.05374,0,0,0,0,0,-0.0209,0,0,-0.0307,0,0,0,0,0,0,0,0,-0.02416,0,0,0,0,0,0.04612,0,0,-0.04164,-0.02644,-0.03909,0,0,0,0.05654,0.007733,0,0.004476
0,0,0,0,0,0,0,0,0,0,0,0,0,0,0,-0.02786,0,0,-0.03198,0,0,0,0,0,0,0,0,-0.02618,0,0,0,0,0,0.04613,0,0,-0.04214,-0.02624,-0.03951,0,0,0,0.05651,0.007465,0,0.004014
0,0,0,0,0,0,0,0,0,0,0,0,0,0,0,-0.04172,0,0,-0.0275,0,0,0,0,0,0,0,0,-0.0263,0,0,0,0,0,0.04686,0,0,-0.04164,-0.02666,-0.03934,0,0,0,0.05742,0.007521,0,0.002923
0,0,0,0,0,0,0,0,0,0,0,0,0,0,0,-0.04868,0,0,-0.02554,0,0,0,0,0,0,0,0,-0.02855,0,0,0,0,0,0.04538,0,0,-0.04084,-0.02526,-0.03782,0,0,0,0.05862,0.007558,0,0.001961
0,0,0,0,0,0,0,0,0,0,0,0,0,0,0,-0.05596,0,0,-0.02475,0,0,0,0,0,0,0,0,-0.0307,0,0,0,0,0,0.04366,0,0,-0.04032,-0.02563,-0.03587,0,0,0,0.05861,0.007101,0,0.0006345
0,0,0,0,0,0,0,0,0,0,0,0,0,0,0,-0.0648,0,0,-0.02752,0,0,0,0,0,0,0,0,-0.03237,0,0,0,0,0,0.03898,0,0,-0.04007,-0.02739,-0.03418,0,0,0,0.05791,0.00615,0,-0.001089
0,0,0,0,0,0,0,0,0,0,0,0,0,0,0,-0.06297,0,0,-0.02661,0,0,0,0,0,0,0,0,-0.03226,0,0,0,0,0,0.03541,0,0,-0.03962,-0.02896,-0.03178,0,0,0,0.05847,0.0057,0,-0.00241
0,0,0,0,0,0,0,0,0,0,0,0,0,0,0,-0.05194,0,0,-0.03081,0,0,0,0,0,0,0,0,-0.0373,0,0,0,0,0,0.03176,0,0,-0.03946,-0.02972,-0.0297,0,0,0,0.05831,0.004755,0,-0.002677
0,0,0,0,0,0,0,0,0,0,0,0,0,0,0,-0.04524,0,0,-0.03478,0,0,0,0,0,0,0,0,-0.03494,0,0,0,0,0,0.03121,0,0,-0.03912,-0.03283,-0.0285,0,0,0,0.05537,0.003915,0,-0.002707
0,0,0,0,0,0,0,0,0,0,0,0,0,0,0,-0.03831,0,0,0,0,0,0,0,0,0,0,0,-0.03508,0,0,0,0,0,0.02909,0,0,-0.03848,-0.03602,-0.02825,0,0,0,0.0527,0.003196,0,-0.003114
0,0,0,0,0,0,0,0,0,0,0,0,0,0,0,-0.03641,0,0,0,0,0,0,0,0,0,0,0,-0.03394,0,0,0,0,0,0.02961,0,0,-0.03731,-0.03945,-0.02969,0,0,0,0.04984,0.002873,0,-0.00285
0,0,0,0,0,0,0,0,0,0,0,0,0,0,0,-0.04231,0,0,0,0,0,0,0,0,0,0,0,-0.03534,0,0,0,0,0,0.02622,0,0,-0.03702,-0.04188,-0.03091,0,0,0,0.04578,0.002282,0,-0.00184
0,0,0,0,0,0,0,0,0,0,0,0,0,0,0,-0.04637,0,0,0,0,0,0,0,0,0,0,0,-0.03068,0,0,0,0,0,0.02416,0,0,-0.03525,-0.04229,-0.03397,0,0,0,0.03905,0.001798,0,-0.001394
0,0,0,0,0,0,0,0,0,0,0,0,0,0,0,-0.0495,0,0,0,0,0,0,0,0,0,0,0,-0.02973,0,0,0,0,0,0.02208,0,0,-0.03436,-0.03864,-0.03675,0,0,0,0.03628,0.001272,0,-0.00114
0,0,0,0,0,0,0,0,0,0,0,0,0,0,0,-0.04997,0,0,0,0,0,0,0,0,0,0,0,-0.02959,0,0,0,0,0,0.02179,0,0,-0.03425,-0.03394,-0.03857,0,0,0,0.03464,0.0007424,0,-0.0008147
0,0,0,0,0,0,0,0,0,0,0,0,0,0,0,-0.04065,0,0,0,0,0,0,0,0,0,0,0,-0.03072,0,0,0,0,0,0.02132,0,0,-0.03459,-0.02723,-0.03815,0,0,0,0.03401,0.0001778,0,-0.000793
0,0,0,0,0,0,0,0,0,0,0,0,0,0,0,-0.03036,0,0,0,0,0,0,0,0,0,0,0,-0.03023,0,0,0,0,0,0.02061,0,0,-0.03334,-0.0186,-0.03872,0,0,0,0.03613,-0.0003797,0,-0.0003885
0,0,0,0,0,0,0,0,0,0,0,0,0,0,0,0,0,0,0,0,0,0,0,0,0,0,0,-0.0332,0,0,0,0,0,0.0209,0,0,-0.03419,-0.01432,-0.0401,0,0,0,0.03915,-0.001011,0,-0.0001536
0,0,0,0,0,0,0,0,0,0,0,0,0,0,0,0,0,0,0,0,0,0,0,0,0,0,0,-0.04056,0,0,0,0,0,0.01367,0,0,-0.03431,-0.01172,-0.03885,0,0,0,0.04224,-0.001619,0,-0.001306
0,0,0,0,0,0,0,0,0,0,0,0,0,0,0,0,0,0,0,0,0,0,0,0,0,0,0,-0.04247,0,0,0,0,0,0.01641,0,0,-0.03546,-0.01024,-0.03749,0,0,0,0.03496,-0.002141,0,-0.001215
0,0,0,0,0,0,0,0,0,0,0,0,0,0,0,0,0,0,0,0,0,0,0,0,0,0,0,-0.04745,0,0,0,0,0,0.01235,0,0,-0.03554,-0.009385,-0.03717,0,0,0,0.02647,-0.002699,0,-0.001152
0,0,0,0,0,0,0,0,0,0,0,0,0,0,0,0,0,0,0,0,0,0,0,0,0,0,0,-0.04776,0,0,0,0,0,-3.586e-005,0,0,-0.034,-0.01227,-0.03565,0,0,0,0.01611,-0.003301,0,-0.000581
0,0,0,0,0,0,0,0,0,0,0,0,0,0,0,0,0,0,0,0,0,0,0,0,0,0,0,-0.04904,0,0,0,0,0,-1.831e-005,0,0,-0.03235,-0.01088,-0.03383,0,0,0,0.004734,-0.003777,0,-0.000194
0,0,0,0,0,0,0,0,0,0,0,0,0,0,0,0,0,0,0,0,0,0,0,0,0,0,0,-0.04675,0,0,0,0,0,-1.068e-005,0,0,-0.03319,-0.01064,-0.03199,0,0,0,-0.00371,-0.004187,0,-0.0009182
0,0,0,0,0,0,0,0,0,0,0,0,0,0,0,0,0,0,0,0,0,0,0,0,0,0,0,-0.04711,0,0,0,0,0,0,0,0,-0.03431,-0.008218,-0.03121,0,0,0,0,-0.004457,0,-0.001291
0,0,0,0,0,0,0,0,0,0,0,0,0,0,0,0,0,0,0,0,0,0,0,0,0,0,0,-0.04254,0,0,0,0,0,0,0,0,-0.03527,-0.005147,-0.03255,0,0,0,0,-0.004794,0,-0.001793
0,0,0,0,0,0,0,0,0,0,0,0,0,0,0,0,0,0,0,0,0,0,0,0,0,0,0,-0.04778,0,0,0,0,0,0,0,0,-0.03535,-0.005536,-0.03398,0,0,0,0,-0.004876,0,-0.002286
0,0,0,0,0,0,0,0,0,0,0,0,0,0,0,0,0,0,0,0,0,0,0,0,0,0,0,-0.0467,0,0,0,0,0,0,0,0,-0.03398,0,-0.03541,0,0,0,0,-0.004592,0,-0.002765
0,0,0,0,0,0,0,0,0,0,0,0,0,0,0,0,0,0,0,0,0,0,0,0,0,0,0,-0.049,0,0,0,0,0,0,0,0,-0.03158,0,-0.03626,0,0,0,0,-0.004515,0,-0.003047
0,0,0,0,0,0,0,0,0,0,0,0,0,0,0,0,0,0,0,0,0,0,0,0,0,0,0,-0.0512,0,0,0,0,0,0,0,0,-0.03198,0,-0.03612,0,0,0,0,-0.004345,0,0
0,0,0,0,0,0,0,0,0,0,0,0,0,0,0,0,0,0,0,0,0,0,0,0,0,0,0,-0.0546,0,0,0,0,0,0,0,0,-0.02952,0,-0.03804,0,0,0,0,-0.003948,0,0
0,0,0,0,0,0,0,0,0,0,0,0,0,0,0,0,0,0,0,0,0,0,0,0,0,0,0,-0.05458,0,0,0,0,0,0,0,0,-0.03576,0,-0.03778,0,0,0,0,-0.004258,0,0
0,0,0,0,0,0,0,0,0,0,0,0,0,0,0,0,0,0,0,0,0,0,0,0,0,0,0,-0.05389,0,0,0,0,0,0,0,0,-0.03406,0,-0.03783,0,0,0,0,-0.004393,0,0
0,0,0,0,0,0,0,0,0,0,0,0,0,0,0,0,0,0,0,0,0,0,0,0,0,0,0,-0.04785,0,0,0,0,0,0,0,0,-0.03221,0,-0.04823,0,0,0,0,-0.004101,0,0
0,0,0,0,0,0,0,0,0,0,0,0,0,0,0,0,0,0,0,0,0,0,0,0,0,0,0,-0.04415,0,0,0,0,0,0,0,0,-0.03007,0,-0.04936,0,0,0,0,-0.003911,0,0
0,0,0,0,0,0,0,0,0,0,0,0,0,0,0,0,0,0,0,0,0,0,0,0,0,0,0,-0.04373,0,0,0,0,0,0,0,0,-0.02932,0,-0.05135,0,0,0,0,-0.00384,0,0
0,0,0,0,0,0,0,0,0,0,0,0,0,0,0,0,0,0,0,0,0,0,0,0,0,0,0,-0.04642,0,0,0,0,0,0,0,0,-0.03119,0,-0.05136,0,0,0,0,-0.003817,0,0
0,0,0,0,0,0,0,0,0,0,0,0,0,0,0,0,0,0,0,0,0,0,0,0,0,0,0,-0.04662,0,0,0,0,0,0,0,0,-0.03126,0,-0.0501,0,0,0,0,-0.003282,0,0
0,0,0,0,0,0,0,0,0,0,0,0,0,0,0,0,0,0,0,0,0,0,0,0,0,0,0,-0.04884,0,0,0,0,0,0,0,0,-0.0304,0,-0.0479,0,0,0,0,-0.002892,0,0
0,0,0,0,0,0,0,0,0,0,0,0,0,0,0,0,0,0,0,0,0,0,0,0,0,0,0,-0.05094,0,0,0,0,0,0,0,0,-0.03226,0,-0.04678,0,0,0,0,-0.00243,0,0
0,0,0,0,0,0,0,0,0,0,0,0,0,0,0,0,0,0,0,0,0,0,0,0,0,0,0,-0.05437,0,0,0,0,0,0,0,0,-0.0316,0,-0.04304,0,0,0,0,-0.002234,0,0
0,0,0,0,0,0,0,0,0,0,0,0,0,0,0,0,0,0,0,0,0,0,0,0,0,0,0,-0.056,0,0,0,0,0,0,0,0,-0.02936,0,-0.0426,0,0,0,0,-0.001905,0,0
0,0,0,0,0,0,0,0,0,0,0,0,0,0,0,0,0,0,0,0,0,0,0,0,0,0,0,-0.05785,0,0,0,0,0,0,0,0,-0.02939,0,-0.04095,0,0,0,0,-0.001661,0,0
0,0,0,0,0,0,0,0,0,0,0,0,0,0,0,0,0,0,0,0,0,0,0,0,0,0,0,-0.0556,0,0,0,0,0,0,0,0,-0.02801,0,-0.03741,0,0,0,0,-0.001606,0,0
0,0,0,0,0,0,0,0,0,0,0,0,0,0,0,0,0,0,0,0,0,0,0,0,0,0,0,-0.05394,0,0,0,0,0,0,0,0,-0.02766,0,-0.03524,0,0,0,0,-0.001149,0,0
0,0,0,0,0,0,0,0,0,0,0,0,0,0,0,0,0,0,0,0,0,0,0,0,0,0,0,-0.05252,0,0,0,0,0,0,0,0,-0.02763,0,-0.03308,0,0,0,0,-0.0007155,0,0
0,0,0,0,0,0,0,0,0,0,0,0,0,0,0,0,0,0,0,0,0,0,0,0,0,0,0,-0.05267,0,0,0,0,0,0,0,0,-0.0269,0,-0.02991,0,0,0,0,-0.000543,0,0
0,0,0,0,0,0,0,0,0,0,0,0,0,0,0,0,0,0,0,0,0,0,0,0,0,0,0,-0.0507,0,0,0,0,0,0,0,0,-0.02613,0,-0.02621,0,0,0,0,-0.0006801,0,0
0,0,0,0,0,0,0,0,0,0,0,0,0,0,0,0,0,0,0,0,0,0,0,0,0,0,0,-0.05093,0,0,0,0,0,0,0,0,-0.02702,0,-0.02547,0,0,0,0,-0.0005165,0,0
0,0,0,0,0,0,0,0,0,0,0,0,0,0,0,0,0,0,0,0,0,0,0,0,0,0,0,-0.04952,0,0,0,0,0,0,0,0,-0.02665,0,-0.02673,0,0,0,0,-0.001317,0,0
0,0,0,0,0,0,0,0,0,0,0,0,0,0,0,0,0,0,0,0,0,0,0,0,0,0,0,-0.04859,0,0,0,0,0,0,0,0,-0.02564,0,-0.02854,0,0,0,0,-0.001597,0,0
0,0,0,0,0,0,0,0,0,0,0,0,0,0,0,0,0,0,0,0,0,0,0,0,0,0,0,-0.04454,0,0,0,0,0,0,0,0,-0.02618,0,-0.02984,0,0,0,0,-0.001545,0,0
0,0,0,0,0,0,0,0,0,0,0,0,0,0,0,0,0,0,0,0,0,0,0,0,0,0,0,-0.04787,0,0,0,0,0,0,0,0,-0.02696,0,-0.03487,0,0,0,0,0,0,0
0,0,0,0,0,0,0,0,0,0,0,0,0,0,0,0,0,0,0,0,0,0,0,0,0,0,0,-0.04576,0,0,0,0,0,0,0,0,-0.02771,0,-0.03877,0,0,0,0,0,0,0
0,0,0,0,0,0,0,0,0,0,0,0,0,0,0,0,0,0,0,0,0,0,0,0,0,0,0,-0.04606,0,0,0,0,0,0,0,0,-0.02961,0,-0.03921,0,0,0,0,0,0,0
0,0,0,0,0,0,0,0,0,0,0,0,0,0,0,0,0,0,0,0,0,0,0,0,0,0,0,-0.04528,0,0,0,0,0,0,0,0,-0.03153,0,-0.04182,0,0,0,0,0,0,0
0,0,0,0,0,0,0,0,0,0,0,0,0,0,0,0,0,0,0,0,0,0,0,0,0,0,0,-0.04949,0,0,0,0,0,0,0,0,-0.03245,0,-0.04307,0,0,0,0,0,0,0
0,0,0,0,0,0,0,0,0,0,0,0,0,0,0,0,0,0,0,0,0,0,0,0,0,0,0,-0.04891,0,0,0,0,0,0,0,0,-0.03426,0,-0.04149,0,0,0,0,0,0,0
0,0,0,0,0,0,0,0,0,0,0,0,0,0,0,0,0,0,0,0,0,0,0,0,0,0,0,-0.0525,0,0,0,0,0,0,0,0,-0.035,0,-0.03767,0,0,0,0,0,0,0
0,0,0,0,0,0,0,0,0,0,0,0,0,0,0,0,0,0,0,0,0,0,0,0,0,0,0,-0.05261,0,0,0,0,0,0,0,0,-0.03455,0,-0.04185,0,0,0,0,0,0,0
0,0,0,0,0,0,0,0,0,0,0,0,0,0,0,0,0,0,0,0,0,0,0,0,0,0,0,-0.05695,0,0,0,0,0,0,0,0,-0.03405,0,-0.04417,0,0,0,0,0,0,0
0,0,0,0,0,0,0,0,0,0,0,0,0,0,0,0,0,0,0,0,0,0,0,0,0,0,0,-0.05868,0,0,0,0,0,0,0,0,-0.03294,0,-0.04399,0,0,0,0,0,0,0
0,0,0,0,0,0,0,0,0,0,0,0,0,0,0,0,0,0,0,0,0,0,0,0,0,0,0,-0.0575,0,0,0,0,0,0,0,0,-0.03568,0,-0.05138,0,0,0,0,0,0,0
0,0,0,0,0,0,0,0,0,0,0,0,0,0,0,0,0,0,0,0,0,0,0,0,0,0,0,-0.06007,0,0,0,0,0,0,0,0,-0.03251,0,-0.05954,0,0,0,0,0,0,0
0,0,0,0,0,0,0,0,0,0,0,0,0,0,0,0,0,0,0,0,0,0,0,0,0,0,0,-0.06373,0,0,0,0,0,0,0,0,-0.02983,0,-0.06985,0,0,0,0,0,0,0
0,0,0,0,0,0,0,0,0,0,0,0,0,0,0,0,0,0,0,0,0,0,0,0,0,0,0,-0.05907,0,0,0,0,0,0,0,0,-0.02368,0,-0.07289,0,0,0,0,0,0,0
0,0,0,0,0,0,0,0,0,0,0,0,0,0,0,0,0,0,0,0,0,0,0,0,0,0,0,-0.05361,0,0,0,0,0,0,0,0,-0.02027,0,-0.07822,0,0,0,0,0,0,0
0,0,0,0,0,0,0,0,0,0,0,0,0,0,0,0,0,0,0,0,0,0,0,0,0,0,0,-0.0481,0,0,0,0,0,0,0,0,-0.01657,0,-0.08059,0,0,0,0,0,0,0
0,0,0,0,0,0,0,0,0,0,0,0,0,0,0,0,0,0,0,0,0,0,0,0,0,0,0,-0.03671,0,0,0,0,0,0,0,0,-0.0137,0,-0.08266,0,0,0,0,0,0,0
0,0,0,0,0,0,0,0,0,0,0,0,0,0,0,0,0,0,0,0,0,0,0,0,0,0,0,0,0,0,0,0,0,0,0,0,-0.01103,0,-0.08043,0,0,0,0,0,0,0
0,0,0,0,0,0,0,0,0,0,0,0,0,0,0,0,0,0,0,0,0,0,0,0,0,0,0,0,0,0,0,0,0,0,0,0,-0.01393,0,-0.0806,0,0,0,0,0,0,0
0,0,0,0,0,0,0,0,0,0,0,0,0,0,0,0,0,0,0,0,0,0,0,0,0,0,0,0,0,0,0,0,0,0,0,0,-0.01439,0,-0.07838,0,0,0,0,0,0,0
0,0,0,0,0,0,0,0,0,0,0,0,0,0,0,0,0,0,0,0,0,0,0,0,0,0,0,0,0,0,0,0,0,0,0,0,-0.01443,0,-0.07284,0,0,0,0,0,0,0
0,0,0,0,0,0,0,0,0,0,0,0,0,0,0,0,0,0,0,0,0,0,0,0,0,0,0,0,0,0,0,0,0,0,0,0,-0.01284,0,-0.0661,0,0,0,0,0,0,0
0,0,0,0,0,0,0,0,0,0,0,0,0,0,0,0,0,0,0,0,0,0,0,0,0,0,0,0,0,0,0,0,0,0,0,0,-0.01114,0,-0.05938,0,0,0,0,0,0,0
0,0,0,0,0,0,0,0,0,0,0,0,0,0,0,0,0,0,0,0,0,0,0,0,0,0,0,0,0,0,0,0,0,0,0,0,-0.0115,0,-0.04873,0,0,0,0,0,0,0
0,0,0,0,0,0,0,0,0,0,0,0,0,0,0,0,0,0,0,0,0,0,0,0,0,0,0,0,0,0,0,0,0,0,0,0,0,0,-0.04161,0,0,0,0,0,0,0
0,0,0,0,0,0,0,0,0,0,0,0,0,0,0,0,0,0,0,0,0,0,0,0,0,0,0,0,0,0,0,0,0,0,0,0,0,0,-0.03743,0,0,0,0,0,0,0
0,0,0,0,0,0,0,0,0,0,0,0,0,0,0,0,0,0,0,0,0,0,0,0,0,0,0,0,0,0,0,0,0,0,0,0,0,0,-0.0275,0,0,0,0,0,0,0
0,0,0,0,0,0,0,0,0,0,0,0,0,0,0,0,0,0,0,0,0,0,0,0,0,0,0,0,0,0,0,0,0,0,0,0,0,0,-0.01675,0,0,0,0,0,0,0
0,0,0,0,0,0,0,0,0,0,0,0,0,0,0,0,0,0,0,0,0,0,0,0,0,0,0,0,0,0,0,0,0,0,0,0,0,0,0,0,0,0,0,0,0,0
0,0,0,0,0,0,0,0,0,0,0,0,0,0,0,0,0,0,0,0,0,0,0,0,0,0,0,0,0,0,0,0,0,0,0,0,0,0,0,0,0,0,0,0,0,0
0,0,0,0,0,0,0,0,0,0,0,0,0,0,0,0,0,0,0,0,0,0,0,0,0,0,0,0,0,0,0,0,0,0,0,0,0,0,0,0,0,0,0,0,0,0
0,0,0,0,0,0,0,0,0,0,0,0,0,0,0,0,0,0,0,0,0,0,0,0,0,0,0,0,0,0,0,0,0,0,0,0,0,0,0,0,0,0,0,0,0,0
0,0,0,0,0,0,0,0,0,0,0,0,0,0,0,0,0,0,0,0,0,0,0,0,0,0,0,0,0,0,0,0,0,0,0,0,0,0,0,0,0,0,0,0,0,0
0,0,0,0,0,0,0,0,0,0,0,0,0,0,0,0,0,0,0,0,0,0,0,0,0,0,0,0,0,0,0,0,0,0,0,0,0,0,0,0,0,0,0,0,0,0
0,0,0,0,0,0,0,0,0,0,0,0,0,0,0,0,0,0,0,0,0,0,0,0,0,0,0,0,0,0,0,0,0,0,0,0,0,0,0,0,0,0,0,0,0,0
0,0,0,0,0,0,0,0,0,0,0,0,0,0,0,0,0,0,0,0,0,0,0,0,0,0,0,0,0,0,0,0,0,0,0,0,0,0,0,0,0,0,0,0,0,0
0,0,0,0,0,0,0,0,0,0,0,0,0,0,0,0,0,0,0,0,0,0,0,0,0,0,0,0,0,0,0,0,0,0,0,0,0,0,0,0,0,0,0,0,0,0
0,0,0,0,0,0,0,0,0,0,0,0,0,0,0,0,0,0,0,0,0,0,0,0,0,0,0,0,0,0,0,0,0,0,0,0,0,0,0,0,0,0,0,0,0,0
0,0,0,0,0,0,0,0,0,0,0,0,0,0,0,0,0,0,0,0,0,0,0,0,0,0,0,0,0,0,0,0,0,0,0,0,0,0,0,0,0,0,0,0,0,0
0,0,0,0,0,0,0,0,0,0,0,0,0,0,0,0,0,0,0,0,0,0,0,0,0,0,0,0,0,0,0,0,0,0,0,0,0,0,0,0,0,0,0,0,0,0
0,0,0,0,0,0,0,0,0,0,0,0,0,0,0,0,0,0,0,0,0,0,0,0,0,0,0,0,0,0,0,0,0,0,0,0,0,0,0,0,0,0,0,0,0,0
0,0,0,0,0,0,0,0,0,0,0,0,0,0,0,0,0,0,0,0,0,0,0,0,0,0,0,0,0,0,0,0,0,0,0,0,0,0,0,0,0,0,0,0,0,0
0,0,0,0,0,0,0,0,0,0,0,0,0,0,0,0,0,0,0,0,0,0,0,0,0,0,0,0,0,0,0,0,0,0,0,0,0,0,0,0,0,0,0,0,0,0
0,0,0,0,0,0,0,0,0,0,0,0,0,0,0,0,0,0,0,0,0,0,0,0,0,0,0,0,0,0,0,0,0,0,0,0,0,0,0,0,0,0,0,0,0,0
0,0,0,0,0,0,0,0,0,0,0,0,0,0,0,0,0,0,0,0,0,0,0,0,0,0,0,0,0,0,0,0,0,0,0,0,0,0,0,0,0,0,0,0,0,0
0,0,0,0,0,0,0,0,0,0,0,0,0,0,0,0,0,0,0,0,0,0,0,0,0,0,0,0,0,0,0,0,0,0,0,0,0,0,0,0,0,0,0,0,0,0
0,0,0,0,0,0,0,0,0,0,0,0,0,0,0,0,0,0,0,0,0,0,0,0,0,0,0,0,0,0,0,0,0,0,0,0,0,0,0,0,0,0,0,0,0,0
0,0,0,0,0,0,0,0,0,0,0,0,0,0,0,0,0,0,0,0,0,0,0,0,0,0,0,0,0,0,0,0,0,0,0,0,0,0,0,0,0,0,0,0,0,0
0,0,0,0,0,0,0,0,0,0,0,0,0,0,0,0,0,0,0,0,0,0,0,0,0,0,0,0,0,0,0,0,0,0,0,0,0,0,0,0,0,0,0,0,0,0
0,0,0,0,0,0,0,0,0,0,0,0,0,0,0,0,0,0,0,0,0,0,0,0,0,0,0,0,0,0,0,0,0,0,0,0,0,0,0,0,0,0,0,0,0,0
0,0,0,0,0,0,0,0,0,0,0,0,0,0,0,0,0,0,0,0,0,0,0,0,0,0,0,0,0,0,0,0,0,0,0,0,0,0,0,0,0,0,0,0,0,0
0,0,0,0,0,0,0,0,0,0,0,0,0,0,0,0,0,0,0,0,0,0,0,0,0,0,0,0,0,0,0,0,0,0,0,0,0,0,0,0,0,0,0,0,0,0
0,0,0,0,0,0,0,0,0,0,0,0,0,0,0,0,0,0,0,0,0,0,0,0,0,0,0,0,0,0,0,0,0,0,0,0,0,0,0,0,0,0,0,0,0,0
0,0,0,0,0,0,0,0,0,0,0,0,0,0,0,0,0,0,0,0,0,0,0,0,0,0,0,0,0,0,0,0,0,0,0,0,0,0,0,0,0,0,0,0,0,0
0,0,0,0,0,0,0,0,0,0,0,0,0,0,0,0,0,0,0,0,0,0,0,0,0,0,0,0,0,0,0,0,0,0,0,0,0,0,0,0,0,0,0,0,0,0
0,0,0,0,0,0,0,0,0,0,0,0,0,0,0,0,0,0,0,0,0,0,0,0,0,0,0,0,0,0,0,0,0,0,0,0,0,0,0,0,0,0,0,0,0,0
0,0,0,0,0,0,0,0,0,0,0,0,0,0,0,0,0,0,0,0,0,0,0,0,0,0,0,0,0,0,0,0,0,0,0,0,0,0,0,0,0,0,0,0,0,0
0,0,0,0,0,0,0,0,0,0,0,0,0,0,0,0,0,0,0,0,0,0,0,0,0,0,0,0,0,0,0,0,0,0,0,0,0,0,0,0,0,0,0,0,0,0
0,0,0,0,0,0,0,0,0,0,0,0,0,0,0,0,0,0,0,0,0,0,0,0,0,0,0,0,0,0,0,0,0,0,0,0,0,0,0,0,0,0,0,0,0,0
0,0,0,0,0,0,0,0,0,0,0,0,0,0,0,0,0,0,0,0,0,0,0,0,0,0,0,0,0,0,0,0,0,0,0,0,0,0,0,0,0,0,0,0,0,0
0,0,0,0,0,0,0,0,0,0,0,0,0,0,0,0,0,0,0,0,0,0,0,0,0,0,0,0,0,0,0,0,0,0,0,0,0,0,0,0,0,0,0,0,0,0
0,0,0,0,0,0,0,0,0,0,0,0,0,0,0,0,0,0,0,0,0,0,0,0,0,0,0,0,0,0,0,0,0,0,0,0,0,0,0,0,0,0,0,0,0,0
0,0,0,0,0,0,0,0,0,0,0,0,0,0,0,0,0,0,0,0,0,0,0,0,0,0,0,0,0,0,0,0,0,0,0,0,0,0,0,0,0,0,0,0,0,0
0,0,0,0,0,0,0,0,0,0,0,0,0,0,0,0,0,0,0,0,0,0,0,0,0,0,0,0,0,0,0,0,0,0,0,0,0,0,0,0,0,0,0,0,0,0
0,0,0,0,0,0,0,0,0,0,0,0,0,0,0,0,0,0,0,0,0,0,0,0,0,0,0,0,0,0,0,0,0,0,0,0,0,0,0,0,0,0,0,0,0,0
0,0,0,0,0,0,0,0,0,0,0,0,0,0,0,0,0,0,0,0,0,0,0,0,0,0,0,0,0,0,0,0,0,0,0,0,0,0,0,0,0,0,0,0,0,0
0,0,0,0,0,0,0,0,0,0,0,0,0,0,0,0,0,0,0,0,0,0,0,0,0,0,0,0,0,0,0,0,0,0,0,0,0,0,0,0,0,0,0,0,0,0
0,0,0,0,0,0,0,0,0,0,0,0,0,0,0,0,0,0,0,0,0,0,0,0,0,0,0,0,0,0,0,0,0,0,0,0,0,0,0,0,0,0,0,0,0,0
0,0,0,0,0,0,0,0,0,0,0,0,0,0,0,0,0,0,0,0,0,0,0,0,0,0,0,0,0,0,0,0,0,0,0,0,0,0,0,0,0,0,0,0,0,0
0,0,0,0,0,0,0,0,0,0,0,0,0,0,0,0,0,0,0,0,0,0,0,0,0,0,0,0,0,0,0,0,0,0,0,0,0,0,0,0,0,0,0,0,0,0
0,0,0,0,0,0,0,0,0,0,0,0,0,0,0,0,0,0,0,0,0,0,0,0,0,0,0,0,0,0,0,0,0,0,0,0,0,0,0,0,0,0,0,0,0,0
0,0,0,0,0,0,0,0,0,0,0,0,0,0,0,0,0,0,0,0,0,0,0,0,0,0,0,0,0,0,0,0,0,0,0,0,0,0,0,0,0,0,0,0,0,0
0,0,0,0,0,0,0,0,0,0,0,0,0,0,0,0,0,0,0,0,0,0,0,0,0,0,0,0,0,0,0,0,0,0,0,0,0,0,0,0,0,0,0,0,0,0
0,0,0,0,0,0,0,0,0,0,0,0,0,0,0,0,0,0,0,0,0,0,0,0,0,0,0,0,0,0,0,0,0,0,0,0,0,0,0,0,0,0,0,0,0,0
0,0,0,0,0,0,0,0,0,0,0,0,0,0,0,0,0,0,0,0,0,0,0,0,0,0,0,0,0,0,0,0,0,0,0,0,0,0,0,0,0,0,0,0,0,0
0,0,0,0,0,0,0,0,0,0,0,0,0,0,0,0,0,0,0,0,0,0,0,0,0,0,0,0,0,0,0,0,0,0,0,0,0,0,0,0,0,0,0,0,0,0
0,0,0,0,0,0,0,0,0,0,0,0,0,0,0,0,0,0,0,0,0,0,0,0,0,0,0,0,0,0,0,0,0,0,0,0,0,0,0,0,0,0,0,0,0,0
0,0,0,0,0,0,0,0,0,0,0,0,0,0,0,0,0,0,0,0,0,0,0,0,0,0,0,0,0,0,0,0,0,0,0,0,0,0,0,0,0,0,0,0,0,0
0,0,0,0,0,0,0,0,0,0,0,0,0,0,0,0,0,0,0,0,0,0,0,0,0,0,0,0,0,0,0,0,0,0,0,0,0,0,0,0,0,0,0,0,0,0
0,0,0,0,0,0,0,0,0,0,0,0,0,0,0,0,0,0,0,0,0,0,0,0,0,0,0,0,0,0,0,0,0,0,0,0,0,0,0,0,0,0,0,0,0,0
0,0,0,0,0,0,0,0,0,0,0,0,0,0,0,0,0,0,0,0,0,0,0,0,0,0,0,0,0,0,0,0,0,0,0,0,0,0,0,0,0,0,0,0,0,0
0,0,0,0,0,0,0,0,0,0,0,0,0,0,0,0,0,0,0,0,0,0,0,0,0,0,0,0,0,0,0,0,0,0,0,0,0,0,0,0,0,0,0,0,0,0
0,0,0,0,0,0,0,0,0,0,0,0,0,0,0,0,0,0,0,0,0,0,0,0,0,0,0,0,0,0,0,0,0,0,0,0,0,0,0,0,0,0,0,0,0,0
0,0,0,0,0,0,0,0,0,0,0,0,0,0,0,0,0,0,0,0,0,0,0,0,0,0,0,0,0,0,0,0,0,0,0,0,0,0,0,0,0,0,0,0,0,0
0,0,0,0,0,0,0,0,0,0,0,0,0,0,0,0,0,0,0,0,0,0,0,0,0,0,0,0,0,0,0,0,0,0,0,0,0,0,0,0,0,0,0,0,0,0
0,0,0,0,0,0,0,0,0,0,0,0,0,0,0,0,0,0,0,0,0,0,0,0,0,0,0,0,0,0,0,0,0,0,0,0,0,0,0,0,0,0,0,0,0,0
0,0,0,0,0,0,0,0,0,0,0,0,0,0,0,0,0,0,0,0,0,0,0,0,0,0,0,0,0,0,0,0,0,0,0,0,0,0,0,0,0,0,0,0,0,0
0,0,0,0,0,0,0,0,0,0,0,0,0,0,0,0,0,0,0,0,0,0,0,0,0,0,0,0,0,0,0,0,0,0,0,0,0,0,0,0,0,0,0,0,0,0
0,0,0,0,0,0,0,0,0,0,0,0,0,0,0,0,0,0,0,0,0,0,0,0,0,0,0,0,0,0,0,0,0,0,0,0,0,0,0,0,0,0,0,0,0,0
0,0,0,0,0,0,0,0,0,0,0,0,0,0,0,0,0,0,0,0,0,0,0,0,0,0,0,0,0,0,0,0,0,0,0,0,0,0,0,0,0,0,0,0,0,0
0,0,0,0,0,0,0,0,0,0,0,0,0,0,0,0,0,0,0,0,0,0,0,0,0,0,0,0,0,0,0,0,0,0,0,0,0,0,0,0,0,0,0,0,0,0
0,0,0,0,0,0,0,0,0,0,0,0,0,0,0,0,0,0,0,0,0,0,0,0,0,0,0,0,0,0,0,0,0,0,0,0,0,0,0,0,0,0,0,0,0,0
0,0,0,0,0,0,0,0,0,0,0,0,0,0,0,0,0,0,0,0,0,0,0,0,0,0,0,0,0,0,0,0,0,0,0,0,0,0,0,0,0,0,0,0,0,0
0,0,0,0,0,0,0,0,0,0,0,0,0,0,0,0,0,0,0,0,0,0,0,0,0,0,0,0,0,0,0,0,0,0,0,0,0,0,0,0,0,0,0,0,0,0
0,0,0,0,0,0,0,0,0,0,0,0,0,0,0,0,0,0,0,0,0,0,0,0,0,0,0,0,0,0,0,0,0,0,0,0,0,0,0,0,0,0,0,0,0,0
0,0,0,0,0,0,0,0,0,0,0,0,0,0,0,0,0,0,0,0,0,0,0,0,0,0,0,0,0,0,0,0,0,0,0,0,0,0,0,0,0,0,0,0,0,0
0,0,0,0,0,0,0,0,0,0,0,0,0,0,0,0,0,0,0,0,0,0,0,0,0,0,0,0,0,0,0,0,0,0,0,0,0,0,0,0,0,0,0,0,0,0
0,0,0,0,0,0,0,0,0,0,0,0,0,0,0,0,0,0,0,0,0,0,0,0,0,0,0,0,0,0,0,0,0,0,0,0,0,0,0,0,0,0,0,0,0,0
0,0,0,0,0,0,0,0,0,0,0,0,0,0,0,0,0,0,0,0,0,0,0,0,0,0,0,0,0,0,0,0,0,0,0,0,0,0,0,0,0,0,0,0,0,0
0,0,0,0,0,0,0,0,0,0,0,0,0,0,0,0,0,0,0,0,0,0,0,0,0,0,0,0,0,0,0,0,0,0,0,0,0,0,0,0,0,0,0,0,0,0
0,0,0,0,0,0,0,0,0,0,0,0,0,0,0,0,0,0,0,0,0,0,0,0,0,0,0,0,0,0,0,0,0,0,0,0,0,0,0,0,0,0,0,0,0,0
0,0,0,0,0,0,0,0,0,0,0,0,0,0,0,0,0,0,0,0,0,0,0,0,0,0,0,0,0,0,0,0,0,0,0,0,0,0,0,0,0,0,0,0,0,0
0,0,0,0,0,0,0,0,0,0,0,0,0,0,0,0,0,0,0,0,0,0,0,0,0,0,0,0,0,0,0,0,0,0,0,0,0,0,0,0,0,0,0,0,0,0
0,0,0,0,0,0,0,0,0,0,0,0,0,0,0,0,0,0,0,0,0,0,0,0,0,0,0,0,0,0,0,0,0,0,0,0,0,0,0,0,0,0,0,0,0,0
0,0,0,0,0,0,0,0,0,0,0,0,0,0,0,0,0,0,0,0,0,0,0,0,0,0,0,0,0,0,0,0,0,0,0,0,0,0,0,0,0,0,0,0,0,0
0,0,0,0,0,0,0,0,0,0,0,0,0,0,0,0,0,0,0,0,0,0,0,0,0,0,0,0,0,0,0,0,0,0,0,0,0,0,0,0,0,0,0,0,0,0
0,0,0,0,0,0,0,0,0,0,0,0,0,0,0,0,0,0,0,0,0,0,0,0,0,0,0,0,0,0,0,0,0,0,0,0,0,0,0,0,0,0,0,0,0,0
0,0,0,0,0,0,0,0,0,0,0,0,0,0,0,0,0,0,0,0,0,0,0,0,0,0,0,0,0,0,0,0,0,0,0,0,0,0,0,0,0,0,0,0,0,0
0,0,0,0,0,0,0,0,0,0,0,0,0,0,0,0,0,0,0,0,0,0,0,0,0,0,0,0,0,0,0,0,0,0,0,0,0,0,0,0,0,0,0,0,0,0
0,0,0,0,0,0,0,0,0,0,0,0,0,0,0,0,0,0,0,0,0,0,0,0,0,0,0,0,0,0,0,0,0,0,0,0,0,0,0,0,0,0,0,0,0,0
0,0,0,0,0,0,0,0,0,0,0,0,0,0,0,0,0,0,0,0,0,0,0,0,0,0,0,0,0,0,0,0,0,0,0,0,0,0,0,0,0,0,0,0,0,0
0,0,0,0,0,0,0,0,0,0,0,0,0,0,0,0,0,0,0,0,0,0,0,0,0,0,0,0,0,0,0,0,0,0,0,0,0,0,0,0,0,0,0,0,0,0
0,0,0,0,0,0,0,0,0,0,0,0,0,0,0,0,0,0,0,0,0,0,0,0,0,0,0,0,0,0,0,0,0,0,0,0,0,0,0,0,0,0,0,0,0,0
0,0,0,0,0,0,0,0,0,0,0,0,0,0,0,0,0,0,0,0,0,0,0,0,0,0,0,0,0,0,0,0,0,0,0,0,0,0,0,0,0,0,0,0,0,0
0,0,0,0,0,0,0,0,0,0,0,0,0,0,0,0,0,0,0,0,0,0,0,0,0,0,0,0,0,0,0,0,0,0,0,0,0,0,0,0,0,0,0,0,0,0
0,0,0,0,0,0,0,0,0,0,0,0,0,0,0,0,0,0,0,0,0,0,0,0,0,0,0,0,0,0,0,0,0,0,0,0,0,0,0,0,0,0,0,0,0,0
0,0,0,0,0,0,0,0,0,0,0,0,0,0,0,0,0,0,0,0,0,0,0,0,0,0,0,0,0,0,0,0,0,0,0,0,0,0,0,0,0,0,0,0,0,0
0,0,0,0,0,0,0,0,0,0,0,0,0,0,0,0,0,0,0,0,0,0,0,0,0,0,0,0,0,0,0,0,0,0,0,0,0,0,0,0,0,0,0,0,0,0
0,0,0,0,0,0,0,0,0,0,0,0,0,0,0,0,0,0,0,0,0,0,0,0,0,0,0,0,0,0,0,0,0,0,0,0,0,0,0,0,0,0,0,0,0,0
0,0,0,0,0,0,0,0,0,0,0,0,0,0,0,0,0,0,0,0,0,0,0,0,0,0,0,0,0,0,0,0,0,0,0,0,0,0,0,0,0,0,0,0,0,0
0,0,0,0,0,0,0,0,0,0,0,0,0,0,0,0,0,0,0,0,0,0,0,0,0,0,0,0,0,0,0,0,0,0,0,0,0,0,0,0,0,0,0,0,0,0
0,0,0,0,0,0,0,0,0,0,0,0,0,0,0,0,0,0,0,0,0,0,0,0,0,0,0,0,0,0,0,0,0,0,0,0,0,0,0,0,0,0,0,0,0,0
0,0,0,0,0,0,0,0,0,0,0,0,0,0,0,0,0,0,0,0,0,0,0,0,0,0,0,0,0,0,0,0,0,0,0,0,0,0,0,0,0,0,0,0,0,0
0,0,0,0,0,0,0,0,0,0,0,0,0,0,0,0,0,0,0,0,0,0,0,0,0,0,0,0,0,0,0,0,0,0,0,0,0,0,0,0,0,0,0,0,0,0
0,0,0,0,0,0,0,0,0,0,0,0,0,0,0,0,0,0,0,0,0,0,0,0,0,0,0,0,0,0,0,0,0,0,0,0,0,0,0,0,0,0,0,0,0,0
0,0,0,0,0,0,0,0,0,0,0,0,0,0,0,0,0,0,0,0,0,0,0,0,0,0,0,0,0,0,0,0,0,0,0,0,0,0,0,0,0,0,0,0,0,0
0,0,0,0,0,0,0,0,0,0,0,0,0,0,0,0,0,0,0,0,0,0,0,0,0,0,0,0,0,0,0,0,0,0,0,0,0,0,0,0,0,0,0,0,0,0
0,0,0,0,0,0,0,0,0,0,0,0,0,0,0,0,0,0,0,0,0,0,0,0,0,0,0,0,0,0,0,0,0,0,0,0,0,0,0,0,0,0,0,0,0,0
0,0,0,0,0,0,0,0,0,0,0,0,0,0,0,0,0,0,0,0,0,0,0,0,0,0,0,0,0,0,0,0,0,0,0,0,0,0,0,0,0,0,0,0,0,0
0,0,0,0,0,0,0,0,0,0,0,0,0,0,0,0,0,0,0,0,0,0,0,0,0,0,0,0,0,0,0,0,0,0,0,0,0,0,0,0,0,0,0,0,0,0
0,0,0,0,0,0,0,0,0,0,0,0,0,0,0,0,0,0,0,0,0,0,0,0,0,0,0,0,0,0,0,0,0,0,0,0,0,0,0,0,0,0,0,0,0,0
0,0,0,0,0,0,0,0,0,0,0,0,0,0,0,0,0,0,0,0,0,0,0,0,0,0,0,0,0,0,0,0,0,0,0,0,0,0,0,0,0,0,0,0,0,0
0,0,0,0,0,0,0,0,0,0,0,0,0,0,0,0,0,0,0,0,0,0,0,0,0,0,0,0,0,0,0,0,0,0,0,0,0,0,0,0,0,0,0,0,0,0
0,0,0,0,0,0,0,0,0,0,0,0,0,0,0,0,0,0,0,0,0,0,0,0,0,0,0,0,0,0,0,0,0,0,0,0,0,0,0,0,0,0,0,0,0,0
0,0,0,0,0,0,0,0,0,0,0,0,0,0,0,0,0,0,0,0,0,0,0,0,0,0,0,0,0,0,0,0,0,0,0,0,0,0,0,0,0,0,0,0,0,0
0,0,0,0,0,0,0,0,0,0,0,0,0,0,0,0,0,0,0,0,0,0,0,0,0,0,0,0,0,0,0,0,0,0,0,0,0,0,0,0,0,0,0,0,0,0
0,0,0,0,0,0,0,0,0,0,0,0,0,0,0,0,0,0,0,0,0,0,0,0,0,0,0,0,0,0,0,0,0,0,0,0,0,0,0,0,0,0,0,0,0,0
0,0,0,0,0,0,0,0,0,0,0,0,0,0,0,0,0,0,0,0,0,0,0,0,0,0,0,0,0,0,0,0,0,0,0,0,0,0,0,0,0,0,0,0,0,0
0,0,0,0,0,0,0,0,0,0,0,0,0,0,0,0,0,0,0,0,0,0,0,0,0,0,0,0,0,0,0,0,0,0,0,0,0,0,0,0,0,0,0,0,0,0
0,0,0,0,0,0,0,0,0,0,0,0,0,0,0,0,0,0,0,0,0,0,0,0,0,0,0,0,0,0,0,0,0,0,0,0,0,0,0,0,0,0,0,0,0,0
0,0,0,0,0,0,0,0,0,0,0,0,0,0,0,0,0,0,0,0,0,0,0,0,0,0,0,0,0,0,0,0,0,0,0,0,0,0,0,0,0,0,0,0,0,0
0,0,0,0,0,0,0,0,0,0,0,0,0,0,0,0,0,0,0,0,0,0,0,0,0,0,0,0,0,0,0,0,0,0,0,0,0,0,0,0,0,0,0,0,0,0
0,0,0,0,0,0,0,0,0,0,0,0,0,0,0,0,0,0,0,0,0,0,0,0,0,0,0,0,0,0,0,0,0,0,0,0,0,0,0,0,0,0,0,0,0,0
0,0,0,0,0,0,0,0,0,0,0,0,0,0,0,0,0,0,0,0,0,0,0,0,0,0,0,0,0,0,0,0,0,0,0,0,0,0,0,0,0,0,0,0,0,0
0,0,0,0,0,0,0,0,0,0,0,0,0,0,0,0,0,0,0,0,0,0,0,0,0,0,0,0,0,0,0,0,0,0,0,0,0,0,0,0,0,0,0,0,0,0
0,0,0,0,0,0,0,0,0,0,0,0,0,0,0,0,0,0,0,0,0,0,0,0,0,0,0,0,0,0,0,0,0,0,0,0,0,0,0,0,0,0,0,0,0,0
0,0,0,0,0,0,0,0,0,0,0,0,0,0,0,0,0,0,0,0,0,0,0,0,0,0,0,0,0,0,0,0,0,0,0,0,0,0,0,0,0,0,0,0,0,0
0,0,0,0,0,0,0,0,0,0,0,0,0,0,0,0,0,0,0,0,0,0,0,0,0,0,0,0,0,0,0,0,0,0,0,0,0,0,0,0,0,0,0,0,0,0
0,0,0,0,0,0,0,0,0,0,0,0,0,0,0,0,0,0,0,0,0,0,0,0,0,0,0,0,0,0,0,0,0,0,0,0,0,0,0,0,0,0,0,0,0,0
0,0,0,0,0,0,0,0,0,0,0,0,0,0,0,0,0,0,0,0,0,0,0,0,0,0,0,0,0,0,0,0,0,0,0,0,0,0,0,0,0,0,0,0,0,0
0,0,0,0,0,0,0,0,0,0,0,0,0,0,0,0,0,0,0,0,0,0,0,0,0,0,0,0,0,0,0,0,0,0,0,0,0,0,0,0,0,0,0,0,0,0
0,0,0,0,0,0,0,0,0,0,0,0,0,0,0,0,0,0,0,0,0,0,0,0,0,0,0,0,0,0,0,0,0,0,0,0,0,0,0,0,0,0,0,0,0,0
0,0,0,0,0,0,0,0,0,0,0,0,0,0,0,0,0,0,0,0,0,0,0,0,0,0,0,0,0,0,0,0,0,0,0,0,0,0,0,0,0,0,0,0,0,0
0,0,0,0,0,0,0,0,0,0,0,0,0,0,0,0,0,0,0,0,0,0,0,0,0,0,0,0,0,0,0,0,0,0,0,0,0,0,0,0,0,0,0,0,0,0
0,0,0,0,0,0,0,0,0,0,0,0,0,0,0,0,0,0,0,0,0,0,0,0,0,0,0,0,0,0,0,0,0,0,0,0,0,0,0,0,0,0,0,0,0,0
0,0,0,0,0,0,0,0,0,0,0,0,0,0,0,0,0,0,0,0,0,0,0,0,0,0,0,0,0,0,0,0,0,0,0,0,0,0,0,0,0,0,0,0,0,0
0,0,0,0,0,0,0,0,0,0,0,0,0,0,0,0,0,0,0,0,0,0,0,0,0,0,0,0,0,0,0,0,0,0,0,0,0,0,0,0,0,0,0,0,0,0
0,0,0,0,0,0,0,0,0,0,0,0,0,0,0,0,0,0,0,0,0,0,0,0,0,0,0,0,0,0,0,0,0,0,0,0,0,0,0,0,0,0,0,0,0,0
0,0,0,0,0,0,0,0,0,0,0,0,0,0,0,0,0,0,0,0,0,0,0,0,0,0,0,0,0,0,0,0,0,0,0,0,0,0,0,0,0,0,0,0,0,0
0,0,0,0,0,0,0,0,0,0,0,0,0,0,0,0,0,0,0,0,0,0,0,0,0,0,0,0,0,0,0,0,0,0,0,0,0,0,0,0,0,0,0,0,0,0
0,0,0,0,0,0,0,0,0,0,0,0,0,0,0,0,0,0,0,0,0,0,0,0,0,0,0,0,0,0,0,0,0,0,0,0,0,0,0,0,0,0,0,0,0,0
0,0,0,0,0,0,0,0,0,0,0,0,0,0,0,0,0,0,0,0,0,0,0,0,0,0,0,0,0,0,0,0,0,0,0,0,0,0,0,0,0,0,0,0,0,0
0,0,0,0,0,0,0,0,0,0,0,0,0,0,0,0,0,0,0,0,0,0,0,0,0,0,0,0,0,0,0,0,0,0,0,0,0,0,0,0,0,0,0,0,0,0
0,0,0,0,0,0,0,0,0,0,0,0,0,0,0,0,0,0,0,0,0,0,0,0,0,0,0,0,0,0,0,0,0,0,0,0,0,0,0,0,0,0,0,0,0,0
0,0,0,0,0,0,0,0,0,0,0,0,0,0,0,0,0,0,0,0,0,0,0,0,0,0,0,0,0,0,0,0,0,0,0,0,0,0,0,0,0,0,0,0,0,0
0,0,0,0,0,0,0,0,0,0,0,0,0,0,0,0,0,0,0,0,0,0,0,0,0,0,0,0,0,0,0,0,0,0,0,0,0,0,0,0,0,0,0,0,0,0
0,0,0,0,0,0,0,0,0,0,0,0,0,0,0,0,0,0,0,0,0,0,0,0,0,0,0,0,0,0,0,0,0,0,0,0,0,0,0,0,0,0,0,0,0,0
0,0,0,0,0,0,0,0,0,0,0,0,0,0,0,0,0,0,0,0,0,0,0,0,0,0,0,0,0,0,0,0,0,0,0,0,0,0,0,0,0,0,0,0,0,0
0,0,0,0,0,0,0,0,0,0,0,0,0,0,0,0,0,0,0,0,0,0,0,0,0,0,0,0,0,0,0,0,0,0,0,0,0,0,0,0,0,0,0,0,0,0
0,0,0,0,0,0,0,0,0,0,0,0,0,0,0,0,0,0,0,0,0,0,0,0,0,0,0,0,0,0,0,0,0,0,0,0,0,0,0,0,0,0,0,0,0,0
0,0,0,0,0,0,0,0,0,0,0,0,0,0,0,0,0,0,0,0,0,0,0,0,0,0,0,0,0,0,0,0,0,0,0,0,0,0,0,0,0,0,0,0,0,0
0,0,0,0,0,0,0,0,0,0,0,0,0,0,0,0,0,0,0,0,0,0,0,0,0,0,0,0,0,0,0,0,0,0,0,0,0,0,0,0,0,0,0,0,0,0
0,0,0,0,0,0,0,0,0,0,0,0,0,0,0,0,0,0,0,0,0,0,0,0,0,0,0,0,0,0,0,0,0,0,0,0,0,0,0,0,0,0,0,0,0,0
0,0,0,0,0,0,0,0,0,0,0,0,0,0,0,0,0,0,0,0,0,0,0,0,0,0,0,0,0,0,0,0,0,0,0,0,0,0,0,0,0,0,0,0,0,0
0,0,0,0,0,0,0,0,0,0,0,0,0,0,0,0,0,0,0,0,0,0,0,0,0,0,0,0,0,0,0,0,0,0,0,0,0,0,0,0,0,0,0,0,0,0
0,0,0,0,0,0,0,0,0,0,0,0,0,0,0,0,0,0,0,0,0,0,0,0,0,0,0,0,0,0,0,0,0,0,0,0,0,0,0,0,0,0,0,0,0,0
0,0,0,0,0,0,0,0,0,0,0,0,0,0,0,0,0,0,0,0,0,0,0,0,0,0,0,0,0,0,0,0,0,0,0,0,0,0,0,0,0,0,0,0,0,0
0,0,0,0,0,0,0,0,0,0,0,0,0,0,0,0,0,0,0,0,0,0,0,0,0,0,0,0,0,0,0,0,0,0,0,0,0,0,0,0,0,0,0,0,0,0
0,0,0,0,0,0,0,0,0,0,0,0,0,0,0,0,0,0,0,0,0,0,0,0,0,0,0,0,0,0,0,0,0,0,0,0,0,0,0,0,0,0,0,0,0,0
0,0,0,0,0,0,0,0,0,0,0,0,0,0,0,0,0,0,0,0,0,0,0,0,0,0,0,0,0,0,0,0,0,0,0,0,0,0,0,0,0,0,0,0,0,0
0,0,0,0,0,0,0,0,0,0,0,0,0,0,0,0,0,0,0,0,0,0,0,0,0,0,0,0,0,0,0,0,0,0,0,0,0,0,0,0,0,0,0,0,0,0
0,0,0,0,0,0,0,0,0,0,0,0,0,0,0,0,0,0,0,0,0,0,0,0,0,0,0,0,0,0,0,0,0,0,0,0,0,0,0,0,0,0,0,0,0,0
0,0,0,0,0,0,0,0,0,0,0,0,0,0,0,0,0,0,0,0,0,0,0,0,0,0,0,0,0,0,0,0,0,0,0,0,0,0,0,0,0,0,0,0,0,0
0,0,0,0,0,0,0,0,0,0,0,0,0,0,0,0,0,0,0,0,0,0,0,0,0,0,0,0,0,0,0,0,0,0,0,0,0,0,0,0,0,0,0,0,0,0
0,0,0,0,0,0,0,0,0,0,0,0,0,0,0,0,0,0,0,0,0,0,0,0,0,0,0,0,0,0,0,0,0,0,0,0,0,0,0,0,0,0,0,0,0,0
0,0,0,0,0,0,0,0,0,0,0,0,0,0,0,0,0,0,0,0,0,0,0,0,0,0,0,0,0,0,0,0,0,0,0,0,0,0,0,0,0,0,0,0,0,0
0,0,0,0,0,0,0,0,0,0,0,0,0,0,0,0,0,0,0,0,0,0,0,0,0,0,0,0,0,0,0,0,0,0,0,0,0,0,0,0,0,0,0,0,0,0
0,0,0,0,0,0,0,0,0,0,0,0,0,0,0,0,0,0,0,0,0,0,0,0,0,0,0,0,0,0,0,0,0,0,0,0,0,0,0,0,0,0,0,0,0,0
0,0,0,0,0,0,0,0,0,0,0,0,0,0,0,0,0,0,0,0,0,0,0,0,0,0,0,0,0,0,0,0,0,0,0,0,0,0,0,0,0,0,0,0,0,0
0,0,0,0,0,0,0,0,0,0,0,0,0,0,0,0,0,0,0,0,0,0,0,0,0,0,0,0,0,0,0,0,0,0,0,0,0,0,0,0,0,0,0,0,0,0
0,0,0,0,0,0,0,0,0,0,0,0,0,0,0,0,0,0,0,0,0,0,0,0,0,0,0,0,0,0,0,0,0,0,0,0,0,0,0,0,0,0,0,0,0,0
0,0,0,0,0,0,0,0,0,0,0,0,0,0,0,0,0,0,0,0,0,0,0,0,0,0,0,0,0,0,0,0,0,0,0,0,0,0,0,0,0,0,0,0,0,0
0,0,0,0,0,0,0,0,0,0,0,0,0,0,0,0,0,0,0,0,0,0,0,0,0,0,0,0,0,0,0,0,0,0,0,0,0,0,0,0,0,0,0,0,0,0
0,0,0,0,0,0,0,0,0,0,0,0,0,0,0,0,0,0,0,0,0,0,0,0,0,0,0,0,0,0,0,0,0,0,0,0,0,0,0,0,0,0,0,0,0,0
0,0,0,0,0,0,0,0,0,0,0,0,0,0,0,0,0,0,0,0,0,0,0,0,0,0,0,0,0,0,0,0,0,0,0,0,0,0,0,0,0,0,0,0,0,0
0,0,0,0,0,0,0,0,0,0,0,0,0,0,0,0,0,0,0,0,0,0,0,0,0,0,0,0,0,0,0,0,0,0,0,0,0,0,0,0,0,0,0,0,0,0
0,0,0,0,0,0,0,0,0,0,0,0,0,0,0,0,0,0,0,0,0,0,0,0,0,0,0,0,0,0,0,0,0,0,0,0,0,0,0,0,0,0,0,0,0,0
0,0,0,0,0,0,0,0,0,0,0,0,0,0,0,0,0,0,0,0,0,0,0,0,0,0,0,0,0,0,0,0,0,0,0,0,0,0,0,0,0,0,0,0,0,0
0,0,0,0,0,0,0,0,0,0,0,0,0,0,0,0,0,0,0,0,0,0,0,0,0,0,0,0,0,0,0,0,0,0,0,0,0,0,0,0,0,0,0,0,0,0
0,0,0,0,0,0,0,0,0,0,0,0,0,0,0,0,0,0,0,0,0,0,0,0,0,0,0,0,0,0,0,0,0,0,0,0,0,0,0,0,0,0,0,0,0,0
0,0,0,0,0,0,0,0,0,0,0,0,0,0,0,0,0,0,0,0,0,0,0,0,0,0,0,0,0,0,0,0,0,0,0,0,0,0,0,0,0,0,0,0,0,0
0,0,0,0,0,0,0,0,0,0,0,0,0,0,0,0,0,0,0,0,0,0,0,0,0,0,0,0,0,0,0,0,0,0,0,0,0,0,0,0,0,0,0,0,0,0
0,0,0,0,0,0,0,0,0,0,0,0,0,0,0,0,0,0,0,0,0,0,0,0,0,0,0,0,0,0,0,0,0,0,0,0,0,0,0,0,0,0,0,0,0,0
0,0,0,0,0,0,0,0,0,0,0,0,0,0,0,0,0,0,0,0,0,0,0,0,0,0,0,0,0,0,0,0,0,0,0,0,0,0,0,0,0,0,0,0,0,0
0,0,0,0,0,0,0,0,0,0,0,0,0,0,0,0,0,0,0,0,0,0,0,0,0,0,0,0,0,0,0,0,0,0,0,0,0,0,0,0,0,0,0,0,0,0
