33.53,27.81,27.03,28.89,31.03,33,17.01,22.04,23.13,22.38,21.39,18.06,16.92,26.28,27.1,32.05,31.73,27.31,25.08,23.62,42.78,17.39,30.53,29.19,34.79,25.02,23.99,32.36,25.24,38.71,16.41,37.81,16.03,36.91,37.57,33.92,15.74,30.61,30.56,33.14,41.46,23.02,23.83,23.32,27.36,32.11,30.09,26.74,29.64,29.7,15.72,27.15,26.48,25.35,29.26,26.66,26.25,28.2,27.51,24.36,27.59,26.72
33.52,27.79,27.01,28.88,30.99,33,17.03,21.98,23.13,22.38,21.37,18.11,16.94,26.1,27.08,32,31.72,27.25,25.04,23.61,42.75,17.47,30.5,29.29,34.78,24.96,24.01,32.31,25.22,38.69,16.51,37.73,16.15,36.86,37.52,33.87,15.77,30.64,30.54,33.1,41.36,22.98,23.76,23.31,27.38,32.08,30.06,26.74,29.63,29.68,15.72,27.13,26.5,25.37,29.24,26.66,26.23,28.15,27.48,24.31,27.54,26.66
33.51,27.77,26.98,28.85,30.97,32.97,17.15,21.86,23.45,22.38,21.32,18.17,16.96,26.07,27.08,31.93,31.73,27.21,25,23.6,42.67,17.56,30.47,29.61,34.76,24.93,23.98,32.3,25.19,38.62,16.62,37.69,16.19,36.77,37.54,33.82,15.82,30.7,30.41,33.25,41.19,22.98,23.71,23.3,27.4,32.07,30.03,26.75,29.63,29.67,15.69,27.13,26.51,25.39,29.22,26.66,26.22,28.13,27.44,24.28,27.5,26.6
33.5,27.75,27.32,28.55,30.96,32.97,17.19,21.88,23.27,22.38,21.31,18.19,16.99,26.04,26.95,31.9,31.7,27.17,24.97,23.51,42.65,17.64,30.45,29.59,34.73,24.87,23.98,32.21,25.15,38.53,16.75,37.61,16.22,36.7,37.54,33.78,15.86,30.73,30.37,33.25,41.07,22.95,23.66,23.27,27.4,32.04,30,26.76,29.61,29.66,15.68,27.12,26.52,25.41,29.19,26.62,26.2,28.1,27.38,24.23,27.46,26.54
33.48,27.63,27.34,28.53,30.95,32.94,17.24,21.88,23.5,22.36,21.28,18.21,17.04,25.99,26.92,31.85,31.63,27.12,24.93,23.5,42.67,17.7,30.44,29.56,34.63,24.79,23.98,32.17,25.12,38.47,16.86,37.45,16.26,36.6,37.91,33.72,15.9,30.69,30.22,33.24,40.94,22.92,23.62,23.24,27.41,32.01,29.97,26.76,29.58,29.62,15.68,27.12,26.72,25.41,29.14,26.58,26.19,28.05,27.31,24.88,27.43,26.48
33.46,27.62,27.33,28.51,30.96,32.9,17.28,21.88,23.38,22.36,21.26,18.23,17.09,25.97,26.88,31.82,31.62,26.84,24.88,23.5,42.67,17.76,30.43,29.49,34.61,24.75,23.96,32.15,25.08,38.74,16.97,37.37,16.3,36.5,37.92,33.7,15.94,30.68,30.15,33.24,40.8,22.88,23.88,23.22,27.41,32,29.9,26.77,29.53,29.6,15.68,27.12,26.72,25.43,29.12,26.53,26.19,28,27.25,24.85,27.42,26.41
33.6,27.62,27.32,28.5,30.95,32.85,17.31,21.85,23.32,22.34,21.21,18.26,17.16,25.94,26.88,31.82,31.59,26.8,24.65,23.48,42.73,17.81,30.37,29.46,34.58,24.73,23.93,32.12,25.03,38.67,17.06,37.37,16.34,36.39,37.95,33.69,15.89,30.65,30.1,33.23,40.85,22.81,23.84,23.22,27.42,31.97,29.89,26.78,29.51,29.57,15.68,27.12,26.72,25.44,29.09,26.45,26.16,27.95,27.19,24.84,27.41,26.33
33.56,27.62,27.3,28.47,30.71,32.82,17.34,21.74,23.28,22.31,21.18,18.27,17.23,25.92,26.84,31.84,31.59,26.76,24.62,23.47,42.74,17.86,30.35,29.42,34.54,24.73,23.92,32.08,24.98,38.61,17.04,37.33,16.39,36.31,37.93,33.67,15.93,30.75,30.01,33.35,40.69,22.75,23.81,23.19,27.43,31.95,29.81,26.78,29.47,29.54,15.68,27.13,26.71,25.44,29.08,26.38,26.12,27.92,27.11,25.1,27.38,26.28
33.53,27.6,27.28,28.45,30.68,32.81,17.36,21.66,23.25,22.27,21.16,18.29,17.3,25.87,26.82,31.88,31.57,26.76,24.45,23.47,42.72,17.92,30.35,29.38,34.52,24.83,23.91,32.08,24.9,38.57,17.12,37.39,16.44,36.22,37.94,33.65,15.93,30.72,29.92,33.33,40.45,22.69,23.78,23.17,27.48,31.94,29.69,26.79,29.44,29.51,15.68,27.13,26.7,25.45,29.07,26.33,26.09,27.88,27.05,25.07,27.36,26.25
33.47,27.54,27.27,28.42,30.51,32.78,17.39,21.64,23.26,22.24,21.12,18.3,17.37,25.83,26.8,31.92,31.55,26.74,24.45,23.46,42.61,18,30.31,29.34,34.5,24.83,23.9,32.07,24.71,38.53,17.19,37.35,16.49,36.16,37.96,33.63,16.08,30.65,29.83,33.31,40.39,22.64,23.74,23.14,27.52,31.91,29.6,26.78,29.38,29.5,15.68,27.13,26.69,25.45,29.06,26.26,26.06,27.86,26.98,25.06,27.2,26.24
33.44,27.54,27.23,28.18,30.42,32.77,17.44,21.65,23.3,22.22,21.09,18.32,17.4,25.81,26.64,31.88,31.52,26.75,24.59,23.44,42.47,18.06,30.25,29.27,34.47,24.85,23.89,32.05,24.65,38.49,17.23,37.27,16.52,36.06,37.96,33.59,16.09,30.58,29.75,33.28,40.38,22.61,23.72,23.1,27.69,31.88,29.55,26.79,29.35,29.5,15.68,27.12,26.69,26.34,29.05,26.21,26.03,27.85,26.95,25.06,27.22,26.25
33.29,27.52,27.21,28.13,30.31,32.74,17.49,21.61,23.27,22.19,21.05,18.38,17.47,25.8,26.82,31.8,31.49,26.76,24.58,23.44,42.27,18.11,30.19,29.19,34.45,24.85,23.89,32.03,24.61,38.44,17.27,37.14,16.66,36,37.99,33.58,16.1,30.53,29.68,33.23,40.34,22.56,23.69,23.07,27.78,31.85,29.48,26.8,29.31,29.48,15.68,27.08,26.67,26.33,29.05,26.14,26,27.73,26.93,24.78,27.19,26.26
33.27,27.52,27.16,28.05,30.21,32.71,17.56,21.58,23.23,22.15,21.01,18.42,17.51,25.76,26.77,31.69,31.34,26.77,24.58,23.43,42.09,18.17,30.14,29.12,34.42,24.85,23.87,32.01,24.58,38.68,17.29,37.08,16.75,35.88,37.97,33.55,16.21,30.44,29.46,33.19,40.33,22.52,23.51,23.04,27.81,31.83,29.43,26.8,29.28,29.47,15.68,27.06,26.65,26.31,29.05,26.11,25.99,27.72,26.94,24.75,27.15,26.32
33.25,27.51,27.09,27.96,30.1,32.68,17.63,21.58,23.21,22.13,20.97,18.46,17.54,25.74,26.73,31.65,31.32,26.76,24.55,23.42,41.9,18.25,30.1,29.08,34.39,24.83,23.84,32,24.55,38.68,17.31,36.99,16.84,35.82,37.9,33.56,16.11,30.33,29.42,33.15,40.35,22.5,23.49,23.01,27.97,31.82,29.37,26.79,29.29,29.45,15.68,27.06,26.61,26.3,29.05,26.08,25.98,27.72,26.93,24.73,27.12,26.32
33.21,27.49,27.01,27.88,30.02,32.68,17.7,21.53,23.16,22.1,20.92,18.49,17.58,25.74,26.68,31.63,31.27,26.73,24.61,23.39,41.73,18.33,30.03,29.04,34.37,24.81,23.81,31.96,24.5,38.77,17.31,36.85,16.85,35.81,37.81,33.51,16.13,30.31,29.31,33.09,40.33,22.51,23.7,23,28.01,31.79,29.33,26.77,29.28,29.44,15.68,27.05,26.6,26.28,29.05,26.08,25.97,27.7,26.93,24.65,27.1,26.3
33.17,27.46,26.95,27.81,29.98,32.64,17.79,21.49,23.12,22.02,20.88,18.57,17.59,25.72,26.65,31.54,31.26,26.68,24.59,23.39,41.58,18.43,29.98,29,34.35,24.78,23.79,31.92,24.46,38.73,17.34,36.76,16.9,35.81,37.68,33.46,16.14,30.15,29.23,33.07,40.32,22.5,23.61,22.98,27.98,31.78,29.31,26.76,29.26,29.44,15.68,27.05,26.58,26.26,29.05,26.02,25.98,27.78,26.92,24.7,27.08,26.28
33.18,27.43,26.89,27.77,29.97,32.62,17.87,21.45,23.09,21.9,20.82,18.52,17.61,25.7,26.63,31.49,31.24,26.65,24.57,23.38,41.41,19.37,29.93,28.9,34.34,24.74,23.77,31.9,24.42,38.68,17.35,36.71,16.99,35.78,37.56,33.43,16.23,30.04,29.18,33.01,40.28,22.49,23.56,22.95,28.01,31.76,29.3,26.75,29.25,29.45,15.68,27.06,26.57,26.24,29.05,25.98,26,27.75,26.91,24.6,27.06,26.25
33.18,27.41,26.82,27.7,29.94,32.61,17.95,21.35,23.08,21.77,20.75,18.57,17.65,25.69,26.61,31.42,31.3,26.63,24.56,23.35,41.3,19.44,29.9,28.86,34.33,24.73,23.77,31.9,24.39,38.63,17.35,36.64,17.06,35.68,37.46,33.37,16.27,30.11,29.13,32.98,40.22,22.49,23.51,22.95,28.04,31.74,29.26,26.73,29.23,29.46,15.68,27.05,26.55,26.22,29.04,25.96,26,27.72,26.88,24.7,27.05,26.22
33.11,27.34,26.75,27.64,29.91,32.6,18.11,21.31,23.03,21.65,20.7,18.62,17.68,25.67,26.5,31.33,31.29,26.6,24.52,23.33,41.21,19.51,29.43,28.78,34.29,24.7,23.77,31.89,24.34,38.53,17.36,36.6,17.13,35.6,37.36,33.3,16.34,30.05,29.05,32.95,40.17,22.48,23.45,22.94,28.15,31.69,29.22,26.72,29.23,29.47,15.68,27.04,26.53,26.19,29.04,25.95,26,27.7,26.86,24.64,27.02,26.19
33.04,27.29,26.65,27.56,29.87,32.61,18.18,21.29,23,21.6,20.65,18.66,17.72,25.64,26.45,31.28,31.29,26.54,24.5,23.31,41.58,19.57,29.43,28.69,34.26,24.69,23.76,31.88,24.27,38.45,17.36,36.57,17.18,35.54,37.26,33.24,16.39,30.01,28.99,32.92,40.04,22.47,23.41,22.93,28.17,31.68,29.2,26.72,29.22,29.47,15.68,27.03,26.51,26.17,29.03,25.93,26,27.68,26.82,24.53,26.97,26.19
32.98,27.25,26.56,27.46,29.84,32.63,18.24,21.27,22.97,21.57,20.53,18.69,17.77,25.61,26.43,31.3,31.3,26.49,24.48,23.3,41.54,19.61,29.5,28.64,34.26,24.67,23.76,31.88,24.2,38.35,17.36,36.51,17.23,35.53,37.16,33.18,16.45,29.97,28.82,32.89,39.9,22.46,23.34,22.93,28.2,31.67,29.16,26.72,29.21,29.46,15.68,27.01,26.51,26.14,29.01,25.9,25.99,27.68,26.78,24.49,26.92,26.19
32.92,27.22,26.52,27.42,29.78,32.63,18.29,21.32,22.95,21.57,20.5,18.74,17.83,25.58,26.41,31.28,31.31,26.45,24.48,23.28,41.54,19.65,29.44,28.61,34.22,24.65,23.75,31.88,24.14,38.25,17.37,36.48,17.26,35.94,37.08,33.1,16.52,29.91,28.7,32.85,39.72,22.42,23.3,22.92,28.22,31.65,29.13,26.72,29.18,29.44,15.68,26.97,26.54,26.12,28.99,25.88,25.99,27.67,26.75,24.44,26.87,26.15
32.86,27.2,26.45,27.35,29.72,32.61,18.34,21.35,22.89,21.57,20.49,18.77,17.9,25.53,26.39,31.27,31.32,26.38,24.44,23.26,41.58,19.63,29.45,28.59,34.49,24.63,23.71,31.85,24.1,38.16,17.33,36.47,17.31,35.85,37.07,33.01,16.58,29.9,28.62,32.81,39.57,22.38,23.21,22.91,28.24,31.63,29.09,26.73,29.15,29.39,15.68,26.95,26.56,26.11,28.98,25.85,25.99,27.66,26.71,24.39,26.86,26.13
32.79,27.17,26.37,27.26,29.65,32.58,18.39,21.37,22.84,21.56,20.49,18.76,18.07,25.51,26.38,31.25,31.4,26.29,24.4,23.25,41.58,19.67,29.43,28.55,34.41,24.59,23.69,31.83,24.05,38.08,17.35,36.42,17.36,35.76,37.08,33,16.65,29.79,28.56,32.77,39.44,22.33,23.17,22.89,28.27,31.61,29.03,26.73,29.12,29.39,15.68,26.91,26.59,26.1,28.97,25.8,25.98,27.65,26.67,24.3,26.85,26.12
32.77,27.17,26.33,27.22,29.56,32.55,18.34,21.34,22.81,21.54,20.5,18.79,18.13,25.45,26.35,31.22,31.4,26.23,24.37,23.23,41.6,19.71,29.39,28.51,34.34,24.56,23.67,31.81,24,38.05,17.38,36.39,17.44,35.64,37.1,32.9,16.72,29.72,28.52,32.76,39.35,22.23,23.18,22.86,28.3,31.6,28.98,26.75,29.09,29.39,15.68,26.87,26.59,25.99,28.97,25.77,25.97,27.65,26.59,24.27,26.83,26.11
32.73,27.16,26.29,27.19,29.47,32.53,18.4,21.32,22.78,21.49,20.5,18.82,18.18,25.33,26.32,31.18,31.39,26.12,24.34,23.23,41.6,19.74,29.26,28.47,34.29,24.51,23.53,31.79,23.98,38.01,17.42,36.35,17.49,35.64,37.11,32.81,16.78,29.63,28.4,32.74,39.31,22.2,23.14,22.84,28.34,31.56,28.95,26.76,29.06,29.4,15.68,26.82,26.61,26,28.97,25.72,25.95,27.64,26.5,24.21,26.81,26.1
32.69,27.14,26.26,27.19,29.38,32.47,18.46,21.26,22.76,21.46,20.5,18.86,18.24,25.31,26.29,31.14,31.36,26.06,24.3,23.22,41.6,19.78,29.21,28.42,34.22,24.48,23.51,31.78,23.92,38.01,17.48,36.31,17.54,35.59,37.11,32.75,16.86,29.55,28.34,32.74,39.27,22.09,23.1,22.84,28.39,31.56,28.88,26.77,29.05,29.4,15.68,26.78,26.6,26.15,28.97,25.65,25.93,27.63,26.3,24.11,26.79,26.1
32.69,27.09,26.21,27.16,29.3,32.42,18.54,21.2,22.76,21.39,20.49,18.92,18.3,25.28,26.25,31.09,31.33,26.02,24.27,23.21,41.55,19.81,29.21,28.36,34.17,24.45,23.49,31.76,23.88,38.02,17.54,36.26,17.56,35.52,37.08,32.71,16.93,29.49,28.3,32.72,39.27,21.99,23.06,22.83,28.43,31.56,28.81,26.77,29.05,29.41,15.68,26.72,26.59,26.15,28.97,25.61,25.92,27.6,26.28,24.05,26.78,26.09
32.65,27.05,26.19,27.14,29.16,32.35,18.63,21.13,22.74,21.34,20.48,18.97,18.36,25.26,26.2,31.02,31.32,25.99,24.32,23.2,41.39,19.84,29.17,28.32,34.14,24.42,23.46,31.75,23.85,38,17.62,36.22,17.64,35.51,36.99,32.63,16.99,29.37,28.27,32.7,39.27,21.94,23.02,22.81,28.49,31.54,28.74,26.79,29.03,29.42,15.68,26.7,26.61,26.15,28.98,25.55,25.9,27.6,26.2,24,26.77,26.16
32.62,27.01,26.16,27.14,29.06,32.32,18.72,21.06,22.8,21.28,20.46,19.03,18.4,25.24,26.16,30.95,31.3,25.97,24.31,23.19,41.27,19.84,29.15,28.25,34.09,24.4,23.44,31.75,23.81,37.95,17.72,36.21,17.69,35.44,36.92,32.58,17.07,29.27,28.26,32.65,39.25,21.91,22.97,22.77,28.53,31.53,28.62,26.79,29.02,29.42,15.68,26.69,26.6,26.15,28.97,25.77,25.87,27.58,26.17,23.93,26.74,26.14
32.57,26.99,26.11,27.06,28.99,32.26,18.82,21.01,22.8,21.22,20.41,19.1,18.42,25.23,26.13,30.89,31.26,25.97,24.3,23.17,41.09,19.87,29.1,28.2,34.04,24.36,23.42,31.74,23.78,37.9,17.82,36.22,17.74,35.25,36.82,32.56,17.12,29.18,28.23,32.64,39.23,21.91,22.92,22.74,28.56,31.51,28.51,26.79,29,29.41,15.68,26.66,26.58,26.14,28.97,25.74,25.85,27.56,26.16,23.9,26.74,26.14
32.56,26.96,26.07,27.01,28.91,32.2,18.93,20.95,22.83,21.18,20.38,19.2,18.46,25.21,26.09,30.81,31.2,25.97,24.3,23.15,40.91,19.94,28.99,28.13,34.03,24.34,23.31,31.71,23.77,37.88,17.94,36.18,17.76,35.15,36.74,32.51,17.17,29.14,28.2,32.61,39.18,21.78,22.95,22.71,28.61,31.49,28.47,26.8,28.99,29.42,15.68,26.64,26.55,26.13,28.98,25.7,25.84,27.54,26.19,23.85,26.72,26.1
32.55,26.93,26.03,26.97,28.87,32.17,19.03,20.89,22.82,21.13,20.33,19.26,18.48,25.19,26.05,30.74,31.17,25.99,24.3,23.12,40.73,20.02,28.96,28.09,33.99,24.31,23.3,31.7,23.73,37.83,18.06,36.13,17.79,35.07,36.67,32.55,17.23,29.12,28.09,32.58,39.15,21.7,22.92,22.69,28.66,31.47,28.41,26.79,28.98,29.42,15.68,26.61,26.54,26.11,28.98,25.88,25.62,27.53,26.17,23.78,26.7,26.09
32.53,26.87,25.98,26.9,28.82,32.15,19.12,20.87,22.81,21.08,20.26,19.33,18.51,25.18,26,30.65,31.15,25.99,24.29,23.1,40.6,20.11,28.95,28.06,33.96,24.27,23.31,31.68,23.67,37.8,18.17,36.07,17.83,34.96,36.57,32.48,17.29,29.06,28.04,32.56,39.07,21.68,22.9,22.64,28.71,31.42,28.34,26.79,28.99,29.41,15.68,26.58,26.53,26.1,28.99,25.88,25.62,27.53,26.17,23.77,26.67,26.08
32.48,26.8,25.92,26.83,28.76,32.15,19.2,20.82,22.79,21.05,20.21,19.39,18.54,25.16,25.95,30.57,31.14,25.99,24.29,23.07,40.53,20.21,28.87,28.02,33.92,24.24,23.31,31.67,23.6,37.76,18.26,36.06,17.84,34.93,36.47,32.45,17.35,29.01,27.98,32.52,39,21.66,22.87,22.61,28.73,31.4,28.3,26.78,28.99,29.42,15.68,26.57,26.53,26.08,28.98,25.87,25.61,27.51,26.17,23.76,26.68,26.07
32.41,26.73,25.88,26.77,28.73,32.13,19.27,20.78,22.72,21.01,20.18,19.44,18.58,25.18,25.92,30.53,31.12,25.97,24.28,23.05,40.47,20.3,28.81,27.99,33.91,24.22,23.31,31.67,23.54,37.68,18.32,36.1,17.88,34.91,36.4,32.44,17.4,28.99,27.93,32.51,38.93,21.63,22.84,22.58,28.75,31.4,28.29,26.77,28.98,29.42,15.68,26.55,26.53,26.07,28.97,25.86,25.8,27.51,26.14,23.74,26.67,26.07
32.36,26.67,25.85,26.72,28.73,32.15,19.33,20.74,22.67,20.96,20.12,19.49,18.64,25.13,25.9,30.47,31.1,25.93,24.26,23.01,40.44,20.39,28.78,27.94,33.87,24.19,23.17,31.66,23.46,37.64,18.4,36.08,17.93,34.84,36.3,32.43,17.47,28.94,27.87,32.5,38.83,21.59,22.89,22.54,28.77,31.38,28.28,26.76,28.97,29.44,15.68,26.53,26.51,26.05,28.92,25.85,25.81,27.51,26.1,23.72,26.73,26.06
32.28,26.62,25.82,26.67,28.7,32.15,19.4,20.71,22.61,20.9,20.06,19.52,18.69,25.08,25.86,30.43,31.1,25.9,24.23,22.98,40.44,20.47,28.76,27.91,33.79,24.17,23.14,31.65,23.4,37.56,18.45,36.03,17.96,34.8,36.25,32.42,17.52,28.9,27.77,32.47,38.76,21.54,22.91,22.53,28.81,31.36,28.28,26.74,28.96,29.43,15.68,26.48,26.51,26.02,28.92,26.08,25.87,27.5,26.01,23.69,26.72,26.04
32.22,26.57,25.77,26.63,28.66,32.15,19.44,20.7,22.55,20.87,20.02,19.56,18.75,25,25.78,30.36,31.1,25.87,24.22,22.96,40.42,20.54,28.71,27.88,33.71,24.15,23.11,31.64,23.33,37.47,18.5,36.02,18.03,34.77,36.22,32.38,17.59,28.82,27.66,32.44,38.64,21.49,22.92,22.52,28.84,31.36,28.27,26.73,28.95,29.4,15.68,26.43,26.51,25.99,28.91,25.99,25.9,27.49,25.97,23.63,26.7,26.06
32.15,26.51,25.7,26.56,28.58,31.87,19.49,20.67,22.51,20.88,19.96,19.58,18.82,24.93,25.76,30.32,31.1,25.85,24.19,22.93,40.4,20.6,28.62,27.85,33.63,24.13,23.08,31.61,23.27,37.36,18.54,36,18.08,34.74,36.2,32.36,17.63,28.77,27.57,32.43,38.55,21.43,22.89,22.51,28.88,31.35,28.28,26.72,28.92,29.39,15.68,26.38,26.52,25.98,28.9,25.95,25.85,27.47,25.94,23.59,26.76,26.04
32.06,26.49,25.62,26.51,28.48,31.82,19.5,20.63,22.46,20.86,19.94,19.61,18.9,24.88,25.74,30.22,31.09,25.79,24.16,22.94,40.34,20.66,28.6,27.82,33.54,24.1,23.04,31.59,23.2,37.29,18.57,35.99,18.15,34.68,36.15,32.32,17.66,28.71,27.51,32.41,38.45,21.37,22.87,22.4,28.91,31.35,28.27,26.72,28.91,29.37,15.68,26.31,26.52,25.95,28.88,25.89,25.8,27.47,25.94,23.51,26.74,26.03
32.02,26.48,25.55,26.46,28.43,31.75,19.53,20.54,22.41,20.85,19.91,19.64,18.97,24.84,25.72,30.15,31.04,25.74,24.03,22.89,40.32,20.7,28.57,27.79,33.46,24.08,22.97,31.58,23.21,37.25,18.6,35.98,18.24,34.64,36.1,32.24,17.7,28.64,27.5,32.39,38.41,21.32,22.82,22.38,28.92,31.33,28.24,27.39,28.9,29.49,15.68,26.28,26.52,25.94,28.85,25.84,25.82,27.46,25.88,23.48,26.73,26.01
32.01,26.47,25.47,26.42,28.33,31.72,19.56,20.48,22.39,20.84,19.88,19.67,19.04,24.79,25.68,30.09,31,25.71,23.99,22.88,40.41,20.85,28.57,27.74,33.42,24.05,22.92,31.56,23.18,37.19,18.64,35.98,18.33,34.58,36.06,32.19,17.74,28.59,27.46,32.38,38.38,21.24,22.78,22.35,28.95,31.31,28.25,27.37,28.9,29.47,15.68,26.2,26.52,25.92,28.83,25.78,25.8,27.46,25.84,23.41,26.71,25.97
31.98,26.44,25.4,26.35,28.22,31.68,19.63,20.45,22.36,20.84,19.86,19.72,19.1,24.73,25.64,30,30.96,25.68,24,22.85,40.37,20.89,28.54,27.72,33.36,24,22.82,31.51,23.15,37.1,18.68,35.99,18.43,34.54,35.94,32.13,17.78,28.54,27.42,32.36,38.33,21.17,22.74,22.31,29,31.28,28.23,27.33,28.9,29.5,15.68,26.16,26.52,25.9,28.8,25.73,25.78,27.44,25.78,23.34,26.69,25.94
31.96,26.41,25.32,26.28,28.16,31.62,19.72,20.43,22.34,20.83,19.82,19.78,19.16,24.68,25.59,29.95,30.94,25.64,23.96,22.83,40.31,21.04,28.51,27.69,33.29,23.99,22.75,31.59,23.1,37.06,18.74,35.98,18.53,34.49,35.93,32.1,17.81,28.47,27.4,32.35,38.24,21.08,22.69,22.28,29.04,31.27,28.19,27.31,28.9,29.5,15.68,26.11,26.52,25.88,28.78,25.72,25.77,27.44,25.7,23.28,26.66,25.92
31.93,26.37,25.28,26.21,28.07,31.6,19.81,20.41,22.32,20.83,19.79,19.84,19.21,24.49,25.71,29.9,30.87,25.58,23.96,22.82,40.23,21.16,28.47,27.64,33.28,23.97,22.67,31.56,23.05,36.99,18.81,35.99,18.65,34.46,35.83,32.04,17.84,28.36,27.38,32.33,38.17,21.02,22.64,22.26,29.07,31.26,28.11,27.3,28.91,29.5,15.68,26.07,26.53,25.61,28.76,25.7,25.76,27.43,25.75,23.25,26.64,25.92
31.86,26.35,25.28,26.17,28.04,31.57,19.91,20.38,22.29,20.83,19.76,19.92,19.25,24.46,25.68,29.83,30.83,25.57,23.93,22.8,40.11,21.26,28.42,27.57,33.28,23.92,22.6,31.53,23.04,36.99,18.9,35.98,18.74,34.43,35.75,32.01,17.89,28.23,27.36,32.31,38.1,20.94,22.6,22.08,29.11,31.26,28.05,27.28,28.89,29.51,15.68,26.04,26.52,25.58,28.72,25.67,25.74,27.41,25.71,23.21,26.63,25.9
31.84,26.33,25.26,26.12,28.01,31.57,20.03,20.37,22.26,20.81,19.74,19.97,19.28,24.43,25.64,29.79,30.75,25.56,23.75,22.79,39.97,21.32,28.38,27.47,33.26,23.89,22.66,31.51,22.99,36.93,18.98,35.93,18.8,34.42,35.66,31.97,17.94,28.13,27.34,32.28,38.07,20.87,22.54,22.02,29.16,31.25,28.04,27.27,28.8,29.52,15.68,26.15,26.52,25.56,28.72,25.66,25.73,27.39,25.66,23.18,26.62,25.88
31.8,26.31,25.23,26.08,27.98,31.56,20.14,20.34,22.23,20.8,19.71,20.05,19.32,24.41,25.59,29.7,30.68,25.55,23.73,22.77,39.88,21.43,28.34,27.42,33.25,23.88,22.56,31.48,22.93,36.92,19.09,35.88,18.87,34.41,35.59,31.96,18,28.04,27.31,32.26,38,20.83,22.5,21.98,29.19,31.24,27.94,27.26,28.81,29.52,15.68,26.11,26.52,25.53,28.67,25.61,25.72,27.36,25.63,23.17,26.6,25.87
31.76,26.29,25.2,26.04,27.95,31.54,20.24,20.31,22.21,20.78,19.68,20.07,19.35,24.39,25.53,29.64,30.59,25.54,23.74,22.75,39.79,21.57,28.33,27.36,33.23,23.85,22.52,31.46,22.91,36.86,19.23,35.78,18.93,34.38,35.56,31.94,18.08,27.99,27.27,32.24,37.96,20.78,22.45,21.89,29.2,31.22,27.87,27.26,28.81,29.51,15.68,26.1,26.51,25.43,28.65,25.58,25.72,27.34,25.63,23.15,26.59,25.81
31.7,26.23,25.15,26.01,27.93,31.51,20.34,20.24,22.18,20.76,19.66,20.14,19.4,24.38,25.49,29.58,30.48,25.53,23.76,22.72,39.74,21.65,28.32,27.34,33.19,23.84,22.46,31.42,22.84,36.77,19.28,35.69,18.97,34.35,35.5,31.93,18.15,27.92,27.21,32.18,37.87,20.75,22.41,21.79,29.23,31.2,27.84,27.41,28.83,29.51,15.68,26.06,26.49,25.41,28.64,25.52,25.73,27.32,25.6,23.13,26.57,25.75
31.64,26.2,25.11,26,27.9,31.47,20.42,20.16,22.15,20.9,19.64,20.2,19.44,24.35,25.44,29.5,30.41,25.52,23.76,22.7,39.73,21.71,28.31,27.28,33.15,23.82,22.48,31.4,22.78,36.68,19.34,35.63,19.01,34.32,35.45,31.92,18.23,27.87,27.17,32.18,37.76,20.71,22.38,21.76,29.25,31.19,27.83,27.41,28.83,29.51,15.68,26.02,26.46,25.37,28.63,25.5,25.72,27.3,25.59,23.1,26.55,25.75
31.59,26.17,25.07,25.95,27.84,31.44,20.5,20.1,22.12,20.88,19.6,20.26,19.49,24.32,25.42,29.46,30.33,25.5,23.77,22.67,39.71,21.84,28.29,27.25,33.11,23.78,22.47,31.38,22.73,36.6,19.38,35.54,19.05,34.31,35.36,31.9,18.32,27.83,27.09,32.13,37.66,20.69,22.36,21.71,29.27,31.17,27.81,27.41,28.84,29.51,15.68,25.98,26.43,25.34,28.61,25.47,25.73,27.29,25.54,23.07,26.52,25.74
31.51,26.11,25.03,25.88,27.79,31.42,20.57,20.07,22.09,20.88,19.56,20.3,19.56,24.28,25.38,29.4,30.26,25.47,23.73,22.67,39.65,21.92,28.29,27.23,33.04,23.77,22.44,31.38,22.68,36.51,19.42,35.44,19.08,34.27,35.36,31.87,18.42,27.79,27.03,32.09,37.57,20.67,22.33,21.68,29.28,31.17,27.76,27.41,28.85,29.52,15.68,25.96,26.4,25.3,28.58,25.41,25.71,27.25,25.51,23.04,26.49,25.72
31.45,26.08,24.98,25.81,27.74,31.4,20.64,20.01,22.05,20.84,19.52,20.35,19.64,24.21,25.35,29.32,30.21,25.43,23.73,22.62,39.63,22,28.26,27.19,32.97,23.75,22.46,31.37,22.63,36.37,19.43,35.32,19.14,34.23,35.32,31.86,18.51,27.77,26.97,32.07,37.47,20.64,22.3,21.68,29.29,31.15,27.73,27.4,28.86,29.52,15.68,25.92,26.36,25.2,28.57,25.37,25.71,27.23,25.48,23.02,26.46,25.72
31.4,26.01,24.92,25.72,27.66,31.38,20.68,20.05,22,20.81,19.48,20.39,19.7,24.14,25.32,29.25,30.2,25.41,23.71,22.58,39.59,22.1,28.19,27.17,32.9,23.74,22.43,31.37,22.58,36.22,19.45,35.24,19.19,34.21,35.29,31.84,18.6,27.74,26.91,32.02,37.32,20.62,22.27,21.66,29.3,31.13,27.72,27.39,28.85,29.53,15.68,25.92,26.31,25.16,28.53,25.32,25.69,27.22,25.45,22.97,26.45,25.7
31.35,25.96,24.87,25.66,27.53,31.36,20.76,20.07,21.96,20.78,19.42,20.42,19.78,24.05,25.29,29.16,30.2,25.37,23.61,22.55,39.6,22.18,28.14,27.14,32.85,23.7,22.41,31.33,22.53,36.06,19.49,35.22,19.27,34.17,35.26,31.83,18.69,27.69,26.85,31.99,37.13,20.58,22.23,21.65,29.31,31.13,27.7,27.37,28.84,29.53,15.68,25.9,26.26,25.12,28.5,25.25,25.66,27.2,25.4,22.93,26.43,25.68
31.35,25.89,24.81,25.6,27.45,31.36,20.81,20.05,21.92,20.77,19.35,20.46,19.86,23.98,25.26,29.07,30.19,25.33,23.59,22.5,39.58,22.22,28.11,27.09,32.78,23.66,22.38,31.31,22.48,35.98,19.55,35.21,19.34,34.12,35.25,31.81,18.79,27.62,26.79,31.93,36.99,20.51,22.19,21.62,29.33,31.8,27.68,27.36,28.83,29.53,15.68,25.9,26.21,25.1,28.49,25.14,25.63,27.18,25.34,22.88,26.39,25.66
31.34,25.84,24.73,25.52,27.37,31.33,20.86,20.03,21.87,20.75,19.28,20.51,19.95,23.92,25.22,29.02,30.14,25.29,23.58,22.46,39.58,22.21,28.07,27.01,32.71,23.41,22.34,31.28,22.43,35.91,19.61,35.23,19.41,34.08,35.22,31.78,18.85,27.55,26.78,31.93,36.91,20.44,22.14,21.6,29.36,31.78,27.66,27.33,28.81,29.52,15.68,25.88,26.16,25.08,28.49,25.08,25.59,27.15,25.3,22.83,26.38,25.64
31.33,25.76,24.63,25.45,27.24,31.3,20.93,20,21.83,20.73,19.18,20.55,20.01,23.86,25.19,28.95,30.11,25.25,23.56,22.43,39.56,22.27,28.03,26.96,32.64,23.39,22.29,31.28,22.4,35.9,19.69,35.21,19.49,34.03,35.2,31.76,18.91,27.48,26.77,31.9,36.86,20.41,22.1,21.58,29.39,31.77,27.61,27.32,28.81,29.53,15.68,25.85,26.1,25.05,28.49,25.02,25.55,27.12,25.24,22.76,26.35,25.61
31.3,25.72,24.57,25.42,27.17,31.24,21.03,19.95,21.8,20.71,19.08,20.62,20.09,23.81,25.13,28.9,30.06,25.21,23.5,22.39,39.49,22.32,28.01,26.9,32.62,23.34,22.2,31.22,22.35,35.86,19.78,35.22,19.55,33.98,35.17,31.75,18.97,27.39,26.76,31.9,36.83,20.36,22.07,21.5,29.42,31.75,27.59,27.3,28.8,29.53,15.68,25.81,26.06,25.04,28.59,24.98,25.51,27.11,25.17,22.71,26.31,25.59
31.26,25.68,24.51,25.39,27.08,31.2,21.13,19.91,21.77,20.69,19.06,20.69,20.13,23.79,25.08,28.85,29.99,25.01,23.49,22.34,39.31,22.37,27.98,26.84,32.62,23.29,22.14,31.2,22.28,35.8,19.88,35.22,19.64,33.93,35.13,31.74,19.02,27.33,26.74,31.89,36.76,20.32,22.02,21.48,29.46,31.49,27.53,27.27,28.8,29.53,15.68,25.77,26.04,25.03,28.58,24.94,25.48,27.11,25.12,22.66,26.27,25.56
31.2,25.65,24.45,25.36,26.99,31.15,21.26,19.86,21.74,20.66,19.02,20.75,20.17,23.75,25.02,28.81,29.94,25.01,23.43,22.32,39.22,22.48,27.96,26.81,32.61,23.26,22.06,31.19,22.23,35.76,19.97,35.18,19.71,33.86,35.04,31.69,19.07,27.26,26.73,31.88,36.68,20.25,21.99,21.43,29.51,31.48,27.49,27.25,28.8,29.55,15.68,25.76,26.03,25.14,28.55,24.93,25.47,27.1,25.05,22.61,26.24,25.53
31.15,25.63,24.38,25.31,26.94,31.08,21.38,19.81,21.72,20.64,19,20.83,20.22,23.72,25,28.76,29.88,24.98,23.37,22.31,39.13,22.58,27.93,26.75,32.59,23.23,21.98,31.17,22.17,35.76,20.05,35.15,19.77,33.77,35.06,31.64,19.13,27.2,26.7,31.83,36.61,20.15,21.94,21.39,29.57,31.44,27.45,27.23,28.8,29.56,15.68,25.76,26.02,25.13,28.53,24.89,25.45,27.09,25,22.55,26.22,25.48
31.11,25.59,24.31,25.26,26.91,31.01,21.47,19.78,21.7,20.6,18.97,20.9,20.24,23.71,25,28.72,29.79,24.94,23.3,22.29,38.98,22.67,27.86,26.69,32.46,23.21,21.9,31.13,22.11,35.72,20.22,35.09,19.84,33.7,35,31.57,19.2,27.13,26.67,31.79,36.58,20.01,21.9,21.35,29.61,31.41,27.41,27.2,28.8,29.56,15.68,25.74,26,25.03,28.51,24.86,25.43,27.06,24.99,22.52,26.19,25.45
31.08,25.58,24.26,25.22,26.86,30.94,21.53,19.79,21.68,20.57,18.95,20.97,20.28,23.69,24.97,28.66,29.74,24.92,23.24,22.27,38.84,22.83,27.85,26.63,32.46,23.19,21.81,31.11,22.07,35.67,20.39,35.04,19.89,33.62,34.93,31.5,19.25,27.06,26.63,31.77,36.55,19.96,21.86,21.3,29.66,31.38,27.35,27.19,28.79,29.56,15.68,25.74,25.98,25.02,28.64,24.85,25.38,27.01,24.98,22.48,26.16,25.42
31.04,25.53,24.18,25.14,26.82,30.89,21.59,19.75,21.65,20.53,18.92,21.05,20.32,23.66,24.93,28.6,29.67,24.88,23.18,22.24,38.65,22.97,27.79,26.55,32.42,23.15,21.78,31.07,22.04,35.67,20.59,35,19.91,33.56,34.84,31.45,19.31,27.04,26.6,31.75,36.51,19.94,21.82,21.27,29.7,31.34,27.29,27.17,28.78,29.56,15.68,25.7,25.96,25.01,28.63,24.82,25.33,26.96,24.98,22.47,26.13,25.37
30.99,25.5,24.15,25.08,26.79,30.83,21.62,19.72,21.67,20.49,18.88,21.11,20.35,23.62,24.89,28.56,29.6,24.85,23.14,22.22,38.55,23.04,27.75,26.51,32.23,23.12,21.71,31.01,22,35.62,20.78,34.96,19.95,33.45,34.73,31.43,19.39,27.01,26.57,31.68,36.51,19.94,21.78,21.24,29.72,31.32,27.24,27.17,28.78,29.57,15.68,25.61,25.91,25.01,28.43,24.8,25.31,26.93,24.97,22.42,26.11,25.32
30.94,25.49,24.14,25.03,26.77,30.78,21.65,19.65,21.63,20.45,18.85,21.16,20.42,23.54,24.91,28.49,29.53,24.85,23.12,22.2,38.44,23.21,27.73,26.5,32.19,23.09,21.69,30.98,21.95,35.55,20.95,34.89,19.98,33.34,34.58,31.4,19.45,27,26.53,31.65,36.47,19.95,21.75,21.2,0,31.28,27.2,27.16,28.78,29.56,15.68,25.56,25.86,25,28.36,24.76,25.27,26.9,24.96,22.39,26.04,25.3
30.9,25.45,24.12,24.97,26.75,30.76,21.67,19.55,21.57,20.4,18.82,21.21,20.48,23.5,24.86,28.44,29.5,24.84,23.1,22.18,38.42,23.33,27.69,26.49,32.14,23.08,21.68,30.95,21.91,35.53,21.1,34.81,20.02,33.29,34.48,31.34,19.55,27.02,26.47,31.64,36.4,19.93,21.72,21.18,0,31.4,27.16,27.17,28.78,29.53,15.68,25.53,25.79,24.98,28.35,24.71,25.23,26.87,24.95,22.38,26.01,25.28
30.83,25.39,24.1,24.92,26.69,30.74,21.53,19.44,21.52,20.36,18.78,21.26,20.54,23.46,24.82,28.38,29.46,24.83,23.09,22.16,38.35,23.44,27.66,26.59,32.09,23.05,21.65,30.92,21.87,35.44,21.24,34.73,20.07,33.23,34.42,31.29,19.65,27.01,26.43,31.6,36.38,19.92,21.68,21.14,0,31.37,27.16,27.16,28.77,29.49,15.68,25.5,25.74,24.96,28.33,24.69,25.21,26.85,24.94,22.35,25.98,25.26
30.8,25.34,24.08,24.87,26.63,30.73,21.55,19.39,21.47,20.32,18.75,21.29,20.59,23.4,24.78,28.32,29.44,24.82,23.02,22.14,38.27,23.51,27.63,26.59,32.03,23.02,21.62,30.9,21.83,35.34,21.35,34.68,20.1,33.21,34.38,31.24,19.71,26.99,26.42,31.55,36.28,19.91,21.65,21.11,0,31.37,27.14,27.16,28.78,29.38,15.68,25.48,25.69,24.92,28.32,24.65,25.18,26.83,24.92,22.33,25.95,25.25
30.79,25.27,24.04,24.81,26.59,30.7,21.57,19.36,21.44,20.3,18.7,21.34,20.64,23.34,24.77,28.26,29.41,24.81,23.01,22.09,38.21,23.6,27.6,26.6,31.97,22.97,21.59,30.89,21.77,35.21,21.4,34.65,20.15,33.15,34.36,31.21,19.78,26.96,26.41,31.54,36.2,19.9,21.61,21.09,0,31.35,27.12,27.16,28.77,29.36,15.68,25.48,25.63,24.89,28.31,24.59,25.15,26.8,24.9,22.35,25.92,25.23
30.8,25.22,24.01,24.74,26.53,30.67,21.48,19.33,21.41,20.29,18.67,21.37,20.68,23.29,24.73,28.19,29.4,24.8,22.98,22.06,38.21,23.66,27.57,26.52,31.94,22.93,21.56,30.85,21.74,35.08,21.5,34.62,20.23,33.1,34.35,31.18,19.84,26.9,26.39,31.49,36.06,19.86,21.58,21.08,0,31.33,27.09,27.16,28.75,29.33,15.68,25.47,25.57,24.84,28.29,24.57,25.12,26.79,24.89,22.31,25.88,25.21
30.82,25.15,23.97,24.67,26.43,30.63,21.51,19.28,21.39,20.26,18.63,21.41,20.71,23.24,24.67,28.14,29.38,24.78,22.97,22.05,38.18,23.67,27.53,26.59,31.9,22.89,21.53,30.8,21.69,35.03,21.52,34.57,20.27,33.07,34.31,31.14,19.91,26.86,26.37,31.42,35.94,19.81,21.55,21.07,0,31.3,27.06,27.15,28.75,29.3,15.68,25.48,25.53,24.8,28.28,24.54,25.08,26.78,24.85,22.26,25.84,25.18
30.8,25.11,23.92,24.59,26.36,30.6,21.51,19.21,21.37,20.24,18.61,21.46,20.74,23.2,24.66,28.1,29.38,24.76,22.92,22,38.13,23.71,27.49,26.54,31.88,22.82,21.47,30.79,21.64,34.96,21.54,34.52,20.33,33.04,34.29,31.11,19.96,26.81,26.36,31.4,35.86,19.76,21.5,21.06,0,31.27,27.03,27.12,28.74,29.25,15.68,25.49,25.46,24.77,28.27,24.48,25.04,26.78,24.79,22.19,25.81,25.15
30.81,25.07,23.87,24.52,26.28,30.54,21.43,19.14,21.35,20.2,18.58,21.53,20.76,23.16,24.6,28.04,29.38,24.76,22.9,21.95,38.13,23.77,27.46,26.48,31.86,22.79,21.4,30.78,21.61,34.94,21.56,34.46,20.38,33.01,34.27,31.08,20.01,26.76,26.34,31.36,35.77,19.68,21.45,21.04,0,31.25,27,27.08,28.75,29.17,15.68,25.51,25.43,24.75,28.25,24.43,25,26.78,24.75,22.16,25.73,25.1
30.77,24.99,23.81,24.45,26.19,30.46,21.41,19.1,21.33,20.17,18.44,21.59,20.77,23.14,24.56,27.99,29.43,24.75,22.9,21.93,38.09,23.86,27.43,26.44,31.85,22.75,21.32,30.76,21.57,34.91,21.56,34.38,20.42,32.96,34.24,31.07,20.03,26.71,26.31,31.33,35.72,19.6,21.39,21.02,0,31.24,26.97,27.04,28.76,29.08,15.68,25.49,25.4,24.73,28.25,24.4,24.97,26.8,24.7,22.13,25.72,25.07
30.76,24.95,23.75,24.39,26.13,30.35,21.51,19.01,21.26,20.14,18.25,21.67,20.8,23.12,24.52,27.95,29.46,24.75,22.87,21.9,38,23.92,27.39,26.37,31.85,22.7,21.23,30.74,21.53,34.87,21.49,34.36,20.46,32.96,34.19,31.02,20.08,26.65,26.29,31.31,35.66,19.51,21.34,21,0,31.19,26.92,26.99,28.76,29.04,15.68,25.5,25.39,24.69,28.23,24.37,24.92,26.75,24.64,22.07,25.65,25.05
30.75,24.92,23.7,24.34,26.08,30.27,21.51,18.98,21.25,20.12,18.18,21.75,20.84,23.08,24.47,27.92,29.13,24.9,22.86,21.87,37.94,24.04,27.34,26.33,31.84,22.68,21.15,30.72,21.51,34.85,21.51,34.3,20.49,32.93,34.16,30.98,20.13,26.66,26.28,31.3,35.6,19.4,21.3,20.97,0,31.15,26.83,26.93,28.79,29,15.68,25.48,25.37,24.67,28.21,24.41,24.88,26.71,24.6,22.03,25.63,25.01
30.71,24.88,23.64,24.28,26.04,30.19,0,18.95,21.23,20.09,18.11,21.83,20.87,23.06,24.43,27.89,29.07,24.91,22.81,21.86,37.81,24.13,27.31,0,31.83,22.66,21.04,30.69,21.45,34.78,21.51,34.21,20.51,32.88,34.11,30.94,20.22,26.64,26.27,31.25,35.56,19.32,21.29,20.94,0,31.15,26.74,26.86,28.8,28.96,15.68,25.46,25.33,24.58,28.16,24.37,24.84,26.67,24.55,21.98,25.63,24.97
30.64,24.8,23.57,24.22,26.01,30.12,0,18.95,21.22,20.06,18.1,21.92,20.9,23.04,24.4,27.85,0,24.9,22.77,21.85,37.67,24.27,27.28,0,31.79,22.62,20.95,30.69,21.42,34.78,21.37,34.13,20.52,32.84,34.07,30.91,20.31,26.62,26.25,31.21,35.48,19.16,21.25,20.88,0,31.11,26.69,26.81,28.8,28.93,15.68,25.43,25.33,24.57,28.16,24.34,24.8,26.67,24.51,21.95,25.6,24.94
30.57,24.74,23.51,24.17,25.98,30.04,0,18.94,21.21,20.03,18.1,21.99,20.92,23,24.37,27.82,0,24.91,22.72,21.84,37.5,24.36,27.25,0,31.77,22.6,20.88,30.66,21.38,34.75,21.41,34.06,20.54,32.79,34.03,30.86,20.41,26.59,26.24,31.19,35.45,18.86,21.39,20.83,0,31.07,26.63,26.77,28.8,28.9,15.68,25.38,25.3,24.54,28.13,24.31,24.76,26.67,24.49,21.9,25.57,24.9
30.5,24.7,23.48,24.13,25.94,29.99,0,18.94,21.2,19.99,18.09,22.05,20.95,22.96,24.33,27.79,0,24.91,22.68,21.84,37.35,24.53,27.19,0,31.73,22.58,20.81,30.64,21.35,34.67,21.45,34.03,20.55,32.75,33.97,30.83,20.5,26.57,26.22,31.18,35.41,18.75,21.34,20.72,0,31.06,26.54,26.71,28.8,28.84,15.68,25.31,25.26,24.52,28.12,24.29,24.71,26.67,24.48,21.91,25.53,24.85
30.46,24.7,23.43,24.09,25.89,29.94,0,18.94,21.17,19.94,18.09,22.11,20.97,22.92,24.3,27.74,0,24.91,22.64,21.84,37.26,24.64,27.16,0,31.69,22.56,20.75,30.61,21.32,34.6,21.48,33.98,20.56,32.71,33.9,30.77,20.62,26.54,26.21,31.15,35.33,18.64,21.32,20.67,0,30.8,26.58,26.68,28.82,28.75,15.68,25.28,25.23,24.49,28.1,24.26,24.67,26.65,24.47,21.87,25.51,24.81
30.39,24.68,23.48,24.07,25.84,29.91,0,18.92,21.15,19.88,18.07,22.15,20.97,22.87,24.26,27.69,0,24.91,22.64,21.82,37.17,24.75,27.14,0,31.6,22.54,20.7,30.56,21.26,34.56,21.5,33.94,20.58,32.68,33.79,30.69,20.75,26.49,26.2,31.13,35.26,18.58,21.32,20.62,0,30.74,26.51,26.67,28.82,28.65,15.68,25.25,25.19,24.46,28.08,24.25,24.63,26.62,24.47,21.84,25.41,24.79
30.33,24.73,23.53,24.04,25.78,29.9,0,18.9,21.12,19.81,18.07,22.2,20.96,22.83,24.2,27.65,0,24.91,22.64,21.79,37.12,24.85,27.12,0,31.52,22.5,20.67,30.54,21.22,34.47,21.51,33.87,20.61,32.63,33.71,30.59,20.88,26.47,26.26,31.11,35.19,18.55,21.28,20.57,0,30.72,26.48,26.66,28.81,28.58,15.68,25.22,25.12,24.42,28.07,24.21,24.59,26.58,24.47,21.81,25.38,24.76
30.28,24.75,23.52,24.01,25.73,29.84,0,18.79,21.07,19.75,18.06,22.26,0,22.77,24.16,27.57,0,24.91,22.67,21.77,37.07,24.94,27.09,0,31.44,22.48,20.63,30.52,21.16,34.38,21.53,33.84,20.49,32.59,33.64,30.52,20.99,26.45,26.25,31.09,35.11,18.5,21.23,20.51,0,30.68,26.44,26.64,28.78,28.51,15.68,25.18,25.09,24.38,28.05,24.15,24.55,26.54,24.47,21.78,25.34,24.74
30.25,24.81,23.51,24,25.65,29.8,0,18.7,21.04,19.7,18.05,22.29,0,22.72,24.14,27.51,0,24.91,22.68,21.76,36.98,24.99,27.07,0,31.39,22.46,20.6,30.49,21.1,34.26,21.54,33.83,20.51,32.56,33.57,30.42,21.1,26.45,0,31.08,35.01,18.44,21.16,20.48,0,30.66,26.45,26.61,28.74,28.4,15.68,25.15,25,24.34,28.03,24.09,24.51,26.48,24.47,21.74,25.31,24.73
0,0,23.31,23.93,25.58,29.78,0,18.63,20.98,19.64,18.03,22.33,0,22.67,24.1,27.44,0,24.91,22.69,21.73,36.94,25.02,27.03,0,31.34,22.4,20.57,30.45,21.05,34.14,21.55,33.8,20.54,32.53,33.56,30.33,21.22,26.42,0,31.05,34.89,18.41,21.09,20.51,0,30.63,26.44,26.6,28.72,28.32,15.67,25.13,24.94,24.31,28.02,24.03,24.47,26.42,24.47,21.68,25.27,24.71
0,0,23.26,23.85,25.48,29.77,0,18.6,20.94,19.6,18.02,22.36,0,22.62,24.06,27.37,0,24.91,22.66,21.7,36.85,25.06,26.99,0,31.3,22.36,20.54,30.45,21.01,34.05,21.56,33.81,20.57,32.49,33.53,30.26,21.31,26.4,0,31.04,34.78,18.37,21.04,20.49,0,30.61,26.44,26.58,28.69,28.24,15.68,25.12,24.89,24.27,27.99,24.01,24.43,26.37,24.48,21.65,25.32,24.68
0,0,23.22,23.78,25.41,29.74,0,18.56,20.88,19.57,18.03,22.41,0,22.55,24.04,27.32,0,24.91,22.63,21.66,36.82,25.1,26.95,0,31.26,22.34,20.51,30.45,20.97,33.95,21.58,33.8,20.6,32.48,33.51,30.2,21.42,26.37,0,31,34.67,18.3,21.01,20.47,0,30.58,26.42,26.54,28.66,28.15,15.68,25.1,24.78,24.23,27.95,23.88,24.4,26.32,24.47,21.59,25.29,24.66
0,0,23.17,23.74,25.31,29.73,0,18.53,20.8,19.53,18.01,22.44,0,22.52,24.01,27.27,0,24.91,22.6,21.64,36.78,25.13,26.91,0,31.22,22.32,20.45,30.44,20.93,33.86,21.58,33.8,20.65,32.43,33.49,30.17,21.5,26.36,0,30.95,34.56,0,21.17,20.46,0,30.54,26.4,26.52,28.62,28.09,15.68,25.09,24.75,24.18,27.88,23.83,24.37,26.25,24.47,21.53,25.28,24.63
0,0,23.14,23.67,25.25,29.71,0,18.49,20.74,19.5,17.98,22.5,0,22.48,23.99,27.23,0,24.91,22.55,21.58,36.69,25.17,26.88,0,31.27,22.3,20.4,30.44,20.9,33.76,0,33.62,20.51,32.25,33.45,30.13,21.55,26.35,0,30.93,34.46,0,21.15,20.42,0,30.53,26.36,26.46,28.58,28.03,15.68,25.07,24.72,24.07,27.83,23.79,24.33,26.23,24.46,21.47,25.21,24.59
0,0,23.09,23.6,25.19,29.7,0,18.43,20.69,19.48,17.91,22.55,0,22.45,23.96,27.2,0,24.91,22.49,21.54,36.64,25.23,26.83,0,31.29,22.3,20.33,30.44,20.86,33.7,0,33.58,20.57,32.24,33.44,30.07,21.6,0,0,30.91,34.32,0,21.11,20.38,0,30.5,26.33,26.43,28.55,27.98,15.68,25.05,24.66,24.04,27.77,23.78,24.27,26.19,24.45,21.4,25.16,24.55
0,0,23.18,23.68,25.12,29.66,0,18.38,20.64,19.46,17.82,22.6,0,22.42,23.93,27.32,0,24.91,22.45,21.51,36.59,25.31,26.81,0,31.29,22.29,20.27,30.43,20.83,33.65,0,33.51,20.63,32.22,33.4,30.04,21.66,0,0,30.89,34.22,0,21.07,20.31,0,30.49,26.31,26.38,28.51,27.94,15.68,25.02,24.6,24.02,27.72,23.75,24.22,26.17,24.44,21.34,25.15,24.51
0,0,0,23.77,25.17,29.62,0,18.37,20.6,19.44,17.69,22.65,0,22.38,23.88,27.3,0,24.91,22.41,21.44,36.5,25.42,26.76,0,31.26,22.29,20.2,30.4,20.79,33.64,0,33.42,20.68,32.22,33.35,30.03,21.71,0,0,30.85,34.15,0,21.03,20.26,0,30.47,26.26,26.31,28.48,27.91,15.68,24.99,24.59,24.01,27.65,23.7,24.19,26.15,24.42,21.3,25.13,24.47
0,0,0,24.1,25.18,29.59,0,18.35,20.53,19.42,17.75,22.63,0,22.36,23.84,27.27,0,24.91,22.38,21.41,36.41,25.52,26.74,0,31.24,22.27,20.13,30.4,20.76,33.62,0,33.31,20.75,32.19,33.27,30,21.78,0,0,30.84,34.12,0,20.98,20.21,0,30.45,26.23,26.26,28.44,27.87,15.68,24.98,24.51,24,27.61,23.66,24.14,26.12,24.32,21.25,25.11,24.45
0,0,0,0,25.18,29.57,0,18.31,20.48,19.39,17.72,22.67,0,22.33,23.8,27.35,0,24.91,22.32,21.37,36.31,25.62,26.7,0,31.19,22.26,20.07,30.37,20.67,33.6,0,33.28,20.77,32.18,33.2,29.98,21.84,0,0,30.84,34.06,0,20.94,20.14,0,30.42,26.17,26.23,28.43,27.84,15.68,24.96,24.43,23.97,27.57,23.63,24.06,26.1,24.31,21.21,25.1,24.4
0,0,0,0,25.26,29.55,0,18.31,20.43,19.37,0,22.45,0,22.31,23.77,27.6,0,24.91,22.25,21.33,36.2,25.73,26.65,0,31.16,22.26,20.01,30.36,20.49,33.57,0,33.15,20.85,32.17,33.12,29.96,21.9,0,0,30.85,34,0,20.89,20.07,0,30.4,26.13,26.17,28.4,27.81,15.68,24.94,24.35,23.94,27.56,23.59,23.96,26.06,24.22,21.17,25.07,24.36
0,0,0,0,25.24,29.51,0,18.31,20.39,19.34,0,22.49,0,22.27,23.74,27.54,0,24.91,22.17,21.31,36.08,25.79,26.63,0,31.12,22.24,19.96,30.32,20.33,33.54,0,33.11,20.9,32.17,33.03,29.92,21.97,0,0,30.84,33.94,0,20.83,20,0,30.27,26.07,26.14,28.28,27.78,15.68,24.91,24.24,23.93,27.55,23.57,23.93,26.03,24.21,21.12,25.04,24.33
0,0,0,0,0,29.49,0,18.31,20.42,19.3,0,22.45,0,22.21,23.69,27.51,0,24.91,22.09,21.3,35.96,25.86,26.62,0,31.08,22.25,19.92,30.27,20.37,33.47,0,33.03,20.91,32.14,32.92,29.88,22.05,0,0,30.84,33.88,0,20.53,19.95,0,30.25,26.01,26.1,28.2,27.72,15.68,24.87,24.15,23.91,27.53,23.53,23.88,26,24.2,21.08,25.02,24.3
0,0,0,0,0,29.48,0,0,20.42,19.27,0,22.55,0,22.15,23.64,27.47,0,24.91,22.02,21.28,35.86,25.92,26.59,0,31.03,22.24,19.88,30.24,20.34,33.37,0,32.95,20.92,32.11,32.85,29.84,22.12,0,0,30.83,33.79,0,20.47,19.89,0,30.21,25.92,26.09,28.13,27.65,15.68,24.83,24.04,23.9,27.52,23.49,23.85,25.98,24.18,21.04,24.99,24.27
0,0,0,0,0,29.49,0,0,20.38,19.24,0,0,0,22.08,23.59,27.42,0,24.91,21.94,21.27,35.74,25.95,26.56,0,31.01,22.23,19.86,30.22,20.21,33.28,0,32.88,20.94,32.04,32.78,29.78,22.19,0,0,30.8,33.69,0,20.41,19.82,0,30.16,25.86,26,28.01,27.56,15.68,24.79,23.93,23.89,27.5,23.48,23.82,25.97,24.06,21,24.97,24.24
0,0,0,0,0,29.52,0,0,20.35,19.21,0,0,0,22.02,23.54,27.36,0,24.9,21.88,21.25,35.64,25.99,26.52,0,31.01,22.23,19.83,30.18,20.12,33.2,0,32.85,20.96,31.97,32.7,29.74,22.27,0,0,30.79,33.57,0,20.33,19.76,0,30.13,25.76,25.98,27.95,27.5,15.68,24.77,23.86,23.87,27.5,23.43,23.77,25.92,24.04,20.96,24.96,24.23
0,0,0,0,0,29.53,0,0,20.32,19.17,0,0,0,21.95,23.49,27.32,0,0,21.83,21.24,35.55,26.02,26.46,0,31.01,22.24,19.8,30.17,20.11,33.13,0,32.82,20.97,31.91,32.61,29.68,22.33,0,0,30.74,33.49,0,20.24,19.72,0,30.1,25.7,25.93,27.87,27.47,15.68,24.73,23.83,23.84,27.37,23.37,23.76,25.89,24.03,20.93,24.94,24.22
0,0,0,0,0,29.57,0,0,20.27,19.13,0,0,0,21.88,23.43,27.28,0,0,21.8,21.23,35.31,26.05,26.42,0,31,22.24,19.76,30.18,20.09,33.05,0,32.78,20.89,31.89,32.52,29.64,22.4,0,0,30.72,33.41,0,20.2,19.69,0,30.05,25.66,25.89,27.83,27.45,15.68,24.76,23.76,23.8,27.34,23.33,23.72,25.86,24.02,20.88,24.92,24.2
0,0,0,0,0,0,0,0,20.25,19.08,0,0,0,21.8,23.38,27.23,0,0,21.78,21.22,35.22,26.06,26.38,0,30.96,22.23,19.73,30.16,20.06,32.95,0,32.79,0,31.85,32.44,29.58,22.46,0,0,30.68,33.31,0,20.05,19.67,0,30,25.65,25.86,27.74,27.42,15.68,24.73,23.71,23.76,27.33,23.27,23.68,25.84,24.01,20.85,24.91,24.17
0,0,0,0,0,0,0,0,20.22,19.02,0,0,0,21.75,23.33,27.2,0,0,21.76,21.17,35.15,26.07,26.35,0,30.95,22.23,19.68,30.12,20.04,32.84,0,32.74,0,31.8,32.38,29.55,22.52,0,0,30.63,33.2,0,19.98,19.64,0,29.98,25.61,25.82,27.68,27.38,15.68,24.72,23.69,23.71,27.31,23.21,23.58,25.82,24,20.78,24.9,24.14
0,0,0,0,0,0,0,0,20.19,18.98,0,0,0,21.71,23.28,27.17,0,0,21.75,21.14,35.05,26.09,26.32,0,30.93,22.21,19.63,30.07,20.01,32.74,0,32.71,0,31.75,32.37,29.51,22.57,0,0,30.59,33.09,0,19.94,19.62,0,29.96,25.61,25.79,27.62,27.35,15.68,24.7,23.69,23.65,27.27,23.17,23.54,25.82,23.99,20.73,24.89,24.13
0,0,0,0,0,0,0,0,20.14,18.94,0,0,0,21.68,23.24,27.14,0,0,21.74,21.13,34.97,26.11,26.29,0,30.93,22.35,19.57,30.04,0,32.67,0,32.65,0,31.72,32.35,29.49,22.61,0,0,30.57,33,0,19.91,19.59,0,29.95,25.6,25.75,27.58,27.29,15.68,24.69,23.68,23.62,27.23,23.12,23.51,25.83,23.98,20.7,24.88,24.09
0,0,0,0,0,0,0,0,20.09,18.91,0,0,0,21.65,23.2,27.12,0,0,21.72,21.08,34.87,26.15,26.25,0,30.94,22.31,19.49,30.02,0,32.65,0,32.61,0,31.69,32.34,29.3,22.67,0,0,30.52,32.93,0,20.01,19.55,0,29.93,25.55,25.71,27.53,27.2,15.68,24.68,23.65,23.57,27.19,23.07,23.47,25.82,23.97,20.66,24.86,24.03
0,0,0,0,0,0,0,0,20.07,18.89,0,0,0,21.62,23.16,27.08,0,0,21.7,21.04,34.75,26.19,26.21,0,30.93,22.24,19.42,30.01,0,32.61,0,32.57,0,31.68,32.32,29.28,22.74,0,0,30.51,32.89,0,20,19.49,0,29.93,25.51,25.63,27.51,27.12,15.68,24.67,23.61,23.53,27.12,23.03,23.44,25.84,24.12,20.61,24.86,23.98
0,0,0,0,0,0,0,0,19.96,18.86,0,0,0,21.56,23.12,27.06,0,0,21.66,21.02,34.61,26.26,26.17,0,30.9,22.17,19.34,29.74,0,32.6,0,32.5,0,31.64,32.29,29.25,22.82,0,0,30.52,32.86,0,20,19.44,0,29.91,25.47,25.56,27.51,27.05,0,24.66,23.57,23.5,27.11,22.98,23.41,25.62,24.02,20.58,24.84,23.92
0,0,0,0,0,0,0,0,19.93,18.85,0,0,0,21.53,23.08,27.02,0,0,21.63,20.98,34.48,26.3,26.24,0,30.87,22.11,19.28,29.76,0,32.56,0,32.44,0,31.63,32.22,0,22.91,0,0,30.51,32.83,0,0,19.38,0,29.88,25.43,25.52,27.5,26.99,0,24.66,23.52,23.48,27.09,22.93,23.39,25.63,24.01,20.54,24.91,23.86
0,0,0,0,0,0,0,0,19.88,18.86,0,0,0,21.48,23.04,26.98,0,0,21.58,20.94,34.33,26.41,26.23,0,30.81,22.01,19.23,29.76,0,32.55,0,32.43,0,31.6,32.12,0,23.04,0,0,30.46,32.81,0,0,19.32,0,29.87,25.4,25.43,27.49,26.9,0,24.64,23.41,23.45,27.07,22.9,23.34,25.63,24,20.51,24.89,23.8
0,0,0,0,0,0,0,0,19.79,18.94,0,0,0,21.45,23.06,26.96,0,0,21.53,20.93,34.2,26.45,26.22,0,30.74,21.92,19.16,29.74,0,32.5,0,32.38,0,31.6,32.04,0,23.17,0,0,30.41,32.8,0,0,19.27,0,29.85,25.34,25.39,27.48,26.82,0,24.63,23.33,23.45,27.04,22.88,23.3,25.64,23.99,20.48,24.88,23.74
0,0,0,0,0,0,0,0,19.97,18.83,0,0,0,21.4,23.01,26.93,0,0,21.48,20.9,34.03,26.54,26.2,0,30.61,21.88,19.11,29.71,0,32.48,0,32.32,0,31.56,31.97,0,23.31,0,0,30.4,32.7,0,0,19.21,0,29.83,25.28,25.35,27.48,26.78,0,24.61,23.28,23.43,27.02,22.84,23.26,25.63,23.98,20.46,24.88,23.71
0,0,0,0,0,0,0,0,19.95,18.62,0,0,0,21.33,22.95,26.88,0,0,21.42,20.89,33.9,26.6,26.23,0,30.55,21.83,19.06,29.69,0,32.44,0,32.26,0,31.53,31.9,0,23.45,0,0,30.37,32.67,0,0,19.16,0,29.8,25.32,25.3,27.43,26.69,0,24.6,23.22,23.42,27.02,22.79,23.25,25.61,23.98,20.43,24.85,23.65
0,0,0,0,0,0,0,0,19.94,18.69,0,0,0,21.27,22.9,26.84,0,0,21.37,20.87,33.8,26.63,26.2,0,30.47,21.79,18.98,29.67,0,32.39,0,32.19,0,31.51,31.83,0,23.57,0,0,30.36,32.64,0,0,19.11,0,29.77,25.25,25.25,27.35,26.64,0,24.59,23.16,23.39,27.02,22.74,23.21,25.59,23.98,20.4,24.82,23.64
0,0,0,0,0,0,0,0,19.94,0,0,0,0,21.2,22.84,26.8,0,0,21.31,20.87,33.74,26.65,0,0,30.39,21.76,18.91,29.64,0,32.32,0,32.15,0,31.49,31.76,0,23.69,0,0,30.18,32.6,0,0,19.07,0,29.74,25.17,25.23,27.27,26.58,0,24.59,23.09,23.37,27.09,22.69,23.17,25.57,23.97,20.36,24.79,23.63
0,0,0,0,0,0,0,0,19.94,0,0,0,0,21.13,22.78,26.75,0,0,21.25,20.85,33.7,26.52,0,0,30.35,21.75,18.88,29.59,0,32.25,0,32.09,0,31.44,31.66,0,23.79,0,0,30.21,32.55,0,0,19.04,0,29.74,25.11,25.16,27.22,26.48,0,24.57,23.01,23.34,27.09,22.62,23.14,25.53,23.97,20.33,24.75,23.61
0,0,0,0,0,0,0,0,19.93,0,0,0,0,21.2,22.72,26.71,0,0,21.2,20.84,33.68,26.43,0,0,30.3,21.74,18.91,29.55,0,32.17,0,32.03,0,31.41,31.58,0,23.89,0,0,30.15,32.47,0,0,19.02,0,29.7,25.07,25.09,27.21,26.4,0,24.57,22.91,23.31,27.07,22.56,23.09,25.5,23.97,20.29,24.73,23.6
0,0,0,0,0,0,0,0,0,0,0,0,0,21.26,22.67,26.69,0,0,21.17,20.81,33.5,26.28,0,0,30.22,21.73,18.83,29.49,0,32.1,0,31.98,0,31.36,31.51,0,23.96,0,0,30.13,32.4,0,0,19,0,29.66,25.04,25.02,27.21,26.29,0,24.55,22.82,23.29,27.07,22.49,23.05,25.44,24.16,20.26,24.71,23.59
0,0,0,0,0,0,0,0,0,0,0,0,0,21.21,22.68,26.67,0,0,21.15,20.79,33.47,26.16,0,0,30.18,21.73,18.8,29.47,0,32.03,0,31.93,0,31.27,31.48,0,24.01,0,0,30.1,32.28,0,0,18.97,0,29.57,25.02,24.91,27.19,26.22,0,24.54,22.73,23.24,27.05,22.42,22.94,25.4,24.16,20.18,24.69,23.57
0,0,0,0,0,0,0,0,0,0,0,0,0,21.16,22.61,26.71,0,0,21.14,20.78,33.47,26.29,0,0,30.16,21.74,18.79,29.43,0,31.99,0,31.88,0,31.18,31.43,0,24.05,0,0,30.1,32.18,0,0,18.94,0,29.58,25.03,24.82,27.16,26.15,0,24.52,22.66,23.18,27.02,22.37,22.91,25.35,24.16,20.14,24.67,23.55
0,0,0,0,0,0,0,0,0,0,0,0,0,21.14,22.58,26.69,0,0,21.13,20.8,33.56,26.33,0,0,30.12,21.73,18.61,29.42,0,31.93,0,31.83,0,31.11,31.43,0,24.08,0,0,30.1,32.08,0,0,18.91,0,29.56,25.02,24.72,27.13,26.09,0,24.49,22.59,23.14,26.99,22.32,22.85,25.31,24.16,20.1,24.65,23.52
0,0,0,0,0,0,0,0,0,0,0,0,0,21.07,22.56,26.68,0,0,21.12,20.83,33.53,26.35,0,0,30.1,21.73,18.65,29.42,0,31.92,0,31.8,0,31.03,31.4,0,24.11,0,0,30.08,32.03,0,0,18.88,0,29.52,25.02,24.61,27.05,25.98,0,24.47,22.53,23.08,26.96,22.27,22.7,25.28,24.16,20.05,24.64,23.48
0,0,0,0,0,0,0,0,0,0,0,0,0,21.01,22.58,26.66,0,0,21.1,20.84,33.51,26.37,0,0,30.06,21.72,18.59,29.4,0,31.92,0,31.79,0,30.95,31.4,0,24.14,0,0,30.03,31.99,0,0,18.84,0,29.5,25,24.54,26.96,25.87,0,24.45,22.47,23.03,26.97,22.24,22.72,25.26,24.16,20,24.64,23.45
0,0,0,0,0,0,0,0,0,0,0,0,0,20.96,22.52,26.63,0,0,21.07,20.84,33.16,26.4,0,0,30.01,21.62,18.54,29.4,0,31.96,0,31.76,0,30.93,31.36,0,24.16,0,0,29.97,31.96,0,0,18.81,0,29.47,24.98,24.51,26.87,25.75,0,24.42,22.4,22.99,26.93,22.2,22.7,25.24,24.16,19.95,24.62,23.42
0,0,0,0,0,0,0,0,0,0,0,0,0,20.71,22.45,26.68,0,0,21.05,20.82,33.15,26.43,0,0,29.95,21.59,18.45,29.39,0,31.94,0,31.75,0,30.91,31.35,0,24.21,0,0,29.9,31.93,0,0,18.76,0,29.45,24.97,24.46,26.81,25.63,0,24.4,22.3,22.95,26.89,22.16,22.7,25.22,24.16,19.9,24.61,23.36
0,0,0,0,0,0,0,0,0,0,0,0,0,20.46,22.36,26.73,0,0,21.02,20.78,33.15,26.46,0,0,29.85,21.56,18.36,29.36,0,31.88,0,31.69,0,30.9,31.31,0,24.33,0,0,29.9,31.9,0,0,18.7,0,29.45,24.92,24.41,26.73,25.51,0,24.38,22.2,22.91,26.83,22.13,22.66,25.2,24.16,19.86,24.58,23.32
0,0,0,0,0,0,0,0,0,0,0,0,0,20.37,22.27,26.69,0,0,20.98,20.71,33.15,26.85,0,0,29.77,21.56,18.34,29.33,0,31.81,0,31.66,0,30.87,31.27,0,24.37,0,0,29.86,31.86,0,0,18.64,0,29.44,24.88,24.38,26.65,25.37,0,24.36,22.1,22.89,26.78,22.11,22.67,25.2,24.16,19.79,24.56,23.27
0,0,0,0,0,0,0,0,0,0,0,0,0,20.32,22.16,26.65,0,0,20.94,20.65,0,26.89,0,0,29.69,21.53,0,29.31,0,31.72,0,31.63,0,30.86,31.21,0,24.44,0,0,29.86,31.83,0,0,18.59,0,29.35,24.81,24.37,26.58,25.28,0,24.35,22.01,22.87,26.73,22.07,22.67,25.22,24.16,19.74,24.51,23.21
0,0,0,0,0,0,0,0,0,0,0,0,0,20.21,22.07,26.61,0,0,20.91,20.62,0,26.91,0,0,29.6,21.51,0,29.31,0,31.62,0,31.61,0,30.86,31.14,0,24.51,0,0,29.85,31.82,0,0,18.55,0,29.33,24.76,24.36,26.54,25.18,0,24.32,21.92,22.83,26.68,22.03,22.64,25.22,24.16,19.7,24.5,23.17
0,0,0,0,0,0,0,0,0,0,0,0,0,20.16,21.97,26.55,0,0,20.88,20.59,0,26.94,0,0,29.55,21.49,0,29.31,0,31.58,0,31.56,0,30.85,31.02,0,24.56,0,0,29.86,31.81,0,0,18.49,0,29.53,24.7,24.33,26.46,25.09,0,24.3,21.83,22.8,26.64,21.99,22.57,25.23,24.16,19.65,24.47,23.12
0,0,0,0,0,0,0,0,0,0,0,0,0,20.12,21.86,26.5,0,0,20.84,20.56,0,26.97,0,0,29.52,21.46,0,29.28,0,31.51,0,31.45,0,30.82,30.95,0,24.61,0,0,29.86,31.81,0,0,18.44,0,29.5,24.62,24.3,26.42,24.99,0,24.27,21.75,22.78,26.6,21.93,22.54,25.2,24.16,19.6,24.45,23.1
0,0,0,0,0,0,0,0,0,0,0,0,0,20.04,21.73,26.76,0,0,20.78,20.51,0,26.97,0,0,29.48,21.41,0,29.26,0,31.41,0,31.39,0,30.78,30.87,0,24.67,0,0,29.85,31.81,0,0,18.41,0,29.46,24.57,24.22,26.34,24.92,0,24.26,21.67,22.75,26.59,21.88,22.5,25.17,24.16,19.56,24.43,23.05
0,0,0,0,0,0,0,0,0,0,0,0,0,19.9,21.6,26.73,0,0,20.74,20.48,0,26.97,0,0,29.46,21.39,0,29.26,0,31.26,0,31.32,0,30.73,30.79,0,24.71,0,0,29.82,31.81,0,0,18.37,0,29.45,24.49,24.16,26.24,24.83,0,24.24,21.61,22.72,26.57,21.81,22.46,25.14,24.16,19.52,24.39,23.07
0,0,0,0,0,0,0,0,0,0,0,0,0,19.86,21.45,26.71,0,0,20.67,20.45,0,26.97,0,0,29.42,21.39,0,29.25,0,31.22,0,31.27,0,30.66,30.73,0,24.75,0,0,29.77,31.81,0,0,18.34,0,29.41,24.44,24.05,26.15,24.75,0,24.2,21.5,22.69,26.5,21.75,22.43,25.11,24.16,19.48,24.36,23.06
0,0,0,0,0,0,0,0,0,0,0,0,0,0,21.31,26.69,0,0,20.62,20.4,0,26.97,0,0,29.39,21.35,0,29.24,0,31.18,0,31.18,0,30.59,30.69,0,24.78,0,0,29.76,31.81,0,0,18.31,0,29.37,24.42,23.97,26.05,24.64,0,24.17,21.42,22.66,26.48,21.7,22.39,25.1,24.16,19.42,24.34,23.04
0,0,0,0,0,0,0,0,0,0,0,0,0,0,21.19,26.67,0,0,20.57,20.36,0,26.98,0,0,29.37,21.32,0,29.25,0,31.13,0,31.12,0,30.52,30.69,0,24.78,0,0,29.76,31.81,0,0,18.23,0,29.33,24.41,23.91,25.98,24.53,0,24.13,21.35,22.63,26.46,21.66,22.38,25.09,24.16,19.39,24.32,23.02
0,0,0,0,0,0,0,0,0,0,0,0,0,0,21.06,26.64,0,0,20.54,20.33,0,26.97,0,0,29.37,21.31,0,29.26,0,31.1,0,31.06,0,30.44,30.67,0,24.8,0,0,29.74,31.81,0,0,18.21,0,29.33,24.41,23.82,25.91,24.42,0,24.11,21.26,22.58,26.44,21.62,22.36,25.08,24.16,19.33,24.3,22.99
0,0,0,0,0,0,0,0,0,0,0,0,0,0,20.9,26.63,0,0,20.52,20.3,0,26.94,0,0,29.32,21.26,0,29.26,0,30.82,0,31.04,0,30.37,30.65,0,24.76,0,0,29.73,31.81,0,0,18.19,0,29.3,24.39,23.75,25.84,24.3,0,24.08,21.17,22.53,26.42,21.59,22.32,25.08,24.16,19.3,24.29,22.96
0,0,0,0,0,0,0,0,0,0,0,0,0,0,20.82,26.6,0,0,20.51,20.25,0,26.95,0,0,29.32,21.22,0,29.25,0,30.82,0,31,0,30.31,30.59,0,24.78,0,0,29.72,31.81,0,0,18.18,0,29.3,24.38,23.68,25.72,24.2,0,24.03,21.08,22.48,26.39,0,22.3,25.06,24.16,19.25,24.27,22.93
0,0,0,0,0,0,0,0,0,0,0,0,0,0,20.73,26.59,0,0,20.51,20.21,0,26.94,0,0,29.27,21.16,0,29.23,0,30.7,0,30.97,0,30.25,30.53,0,24.87,0,0,29.7,31.81,0,0,18.16,0,29.27,24.36,23.61,25.6,24.08,0,23.99,20.91,22.41,26.35,0,22.27,25.05,24.16,19.2,24.27,22.89
0,0,0,0,0,0,0,0,0,0,0,0,0,0,20.66,26.56,0,0,20.46,20.12,0,0,0,0,29.23,21.11,0,29.19,0,30.7,0,30.94,0,30.2,30.45,0,24.92,0,0,29.68,31.89,0,0,18.15,0,29.24,24.24,23.51,25.48,23.98,0,23.98,20.85,22.36,26.31,0,22.25,25.04,24.16,19.17,24.26,22.85
0,0,0,0,0,0,0,0,0,0,0,0,0,0,20.65,26.53,0,0,20.47,20.03,0,0,0,0,29.17,21.01,0,29.19,0,30.7,0,30.9,0,30.18,30.36,0,25.01,0,0,29.67,31.89,0,0,18.12,0,29.22,24.14,23.43,25.36,23.89,0,23.95,20.78,22.31,26.29,0,22.23,25.02,24.16,19.13,24.24,22.82
0,0,0,0,0,0,0,0,0,0,0,0,0,0,0,26.49,0,0,20.46,19.81,0,0,0,0,29.07,20.93,0,29.17,0,0,0,30.88,0,30.18,30.33,0,25.07,0,0,29.67,31.89,0,0,18.1,0,29.18,24.12,23.35,25.23,23.79,0,23.94,20.77,22.28,26.25,0,22.2,25,24.16,19.09,24.2,22.8
0,0,0,0,0,0,0,0,0,0,0,0,0,0,0,26.45,0,0,20.44,0,0,0,0,0,29.02,20.85,0,29.15,0,0,0,30.82,0,30.17,30.28,0,25.12,0,0,29.67,31.89,0,0,18.07,0,29.21,24.11,23.28,25.11,23.7,0,23.89,20.78,22.25,26.21,0,22.16,24.99,24.16,19.06,24.17,22.76
0,0,0,0,0,0,0,0,0,0,0,0,0,0,0,26.4,0,0,20.4,0,0,0,0,0,28.96,20.76,0,29.13,0,0,0,30.76,0,30.24,30.18,0,25.14,0,0,29.67,31.9,0,0,18.04,0,29.17,24.08,23.22,25.01,23.61,0,23.84,20.7,22.23,26.19,0,22.13,25.01,24.16,19.02,24.14,22.73
0,0,0,0,0,0,0,0,0,0,0,0,0,0,0,26.37,0,0,20.35,0,0,0,0,0,28.93,20.67,0,29.08,0,0,0,30.68,0,30.23,30.04,0,25.03,0,0,29.65,31.9,0,0,18,0,29.14,24.06,23.14,24.91,23.5,0,23.75,20.5,22.2,26.15,0,22.08,24.99,24.16,18.98,24.12,22.67
0,0,0,0,0,0,0,0,0,0,0,0,0,0,0,26.36,0,0,20.28,0,0,0,0,0,28.88,20.6,0,29.05,0,0,0,30.59,0,30.17,30,0,25.07,0,0,29.62,31.9,0,0,17.94,0,29.12,24.04,23.07,24.83,23.41,0,23.68,20.28,22.17,26.12,0,22.03,24.98,24.16,18.93,24.1,22.66
0,0,0,0,0,0,0,0,0,0,0,0,0,0,0,26.33,0,0,20.21,0,0,0,0,0,28.82,20.53,0,29.02,0,0,0,30.52,0,30.13,29.97,0,25.08,0,0,29.58,31.9,0,0,17.88,0,29.09,24.01,22.98,24.73,23.36,0,23.63,20.25,22.15,26.1,0,21.99,24.92,24.16,18.89,24.07,22.63
0,0,0,0,0,0,0,0,0,0,0,0,0,0,0,26.29,0,0,20.09,0,0,0,0,0,28.77,20.48,0,29.01,0,0,0,30.46,0,30.07,29.93,0,25.11,0,0,29.56,31.89,0,0,17.86,0,29.06,23.98,22.87,24.66,23.32,0,23.59,20.23,22.12,26.07,0,21.95,24.88,24.16,18.87,24.04,22.61
0,0,0,0,0,0,0,0,0,0,0,0,0,0,0,26.26,0,0,20.01,0,0,0,0,0,28.74,20.43,0,29,0,0,0,30.39,0,29.97,29.9,0,25.12,0,0,29.54,31.9,0,0,17.84,0,29.03,23.97,22.76,24.58,23.09,0,23.52,20.22,22.11,26.06,0,21.9,24.81,24.16,18.85,24.01,22.59
0,0,0,0,0,0,0,0,0,0,0,0,0,0,0,26.31,0,0,19.96,0,0,0,0,0,28.72,20.4,0,28.99,0,0,0,30.31,0,29.91,29.98,0,25.15,0,0,29.51,31.9,0,0,17.81,0,29.1,23.91,22.65,24.5,23.04,0,23.47,20.2,22.09,26.02,0,21.85,24.78,24.16,18.81,23.98,22.57
0,0,0,0,0,0,0,0,0,0,0,0,0,0,0,26.32,0,0,19.92,0,0,0,0,0,28.71,20.36,0,28.97,0,0,0,30.26,0,29.85,0,0,25.16,0,0,29.48,31.9,0,0,17.78,0,29.05,23.88,22.55,24.4,23.22,0,23.45,20.2,22.06,26.01,0,21.83,24.72,24.16,18.78,23.94,22.56
0,0,0,0,0,0,0,0,0,0,0,0,0,0,0,0,0,0,19.89,0,0,0,0,0,28.68,20.33,0,28.94,0,0,0,30.23,0,29.78,0,0,25.17,0,0,29.42,31.9,0,0,17.74,0,29.03,23.87,22.46,24.28,23.18,0,23.44,20.18,22.04,26,0,21.8,24.66,24.16,18.75,23.9,22.54
0,0,0,0,0,0,0,0,0,0,0,0,0,0,0,0,0,0,19.86,0,0,0,0,0,28.68,20.3,0,28.92,0,0,0,30.18,0,29.78,0,0,25.17,0,0,29.36,0,0,0,17.71,0,28.98,23.84,22.37,24.18,23.17,0,23.41,20.17,22.01,25.99,0,21.77,24.62,24.16,18.72,23.87,22.51
0,0,0,0,0,0,0,0,0,0,0,0,0,0,0,0,0,0,19.82,0,0,0,0,0,28.64,20.28,0,28.89,0,0,0,30.18,0,29.74,0,0,25.16,0,0,29.33,0,0,0,17.74,0,29.02,23.83,22.28,24.07,23.17,0,23.39,20.15,21.97,25.97,0,21.75,24.58,24.16,18.68,23.85,22.49
0,0,0,0,0,0,0,0,0,0,0,0,0,0,0,0,0,0,19.8,0,0,0,0,0,28.58,20.24,0,28.87,0,0,0,30.19,0,29.74,0,0,25.15,0,0,29.29,0,0,0,17.71,0,29.01,23.81,22.2,23.96,23.17,0,23.33,20.14,21.93,25.94,0,21.71,24.53,24.16,18.64,23.82,22.47
0,0,0,0,0,0,0,0,0,0,0,0,0,0,0,0,0,0,19.76,0,0,0,0,0,28.49,20.2,0,28.84,0,0,0,30.22,0,29.76,0,0,25.15,0,0,29.27,0,0,0,17.7,0,28.98,23.8,22.14,23.85,23.17,0,23.29,20.11,21.89,25.92,0,21.7,24.5,24.16,18.59,23.8,22.44
0,0,0,0,0,0,0,0,0,0,0,0,0,0,0,0,0,0,19.75,0,0,0,0,0,28.41,20.16,0,28.83,0,0,0,29.89,0,29.75,0,0,25.15,0,0,29.25,0,0,0,17.68,0,28.95,23.77,22.08,23.75,23.17,0,23.27,20.09,21.85,25.9,0,21.68,24.47,24.16,18.54,23.77,22.42
0,0,0,0,0,0,0,0,0,0,0,0,0,0,0,0,0,0,19.73,0,0,0,0,0,28.35,20.11,0,28.81,0,0,0,30.04,0,29.7,0,0,24.99,0,0,29.22,0,0,0,17.65,0,28.92,23.75,22.02,23.65,23.17,0,23.25,20.07,21.82,25.87,0,21.66,24.44,24.16,18.49,23.76,22.4
0,0,0,0,0,0,0,0,0,0,0,0,0,0,0,0,0,0,19.76,0,0,0,0,0,28.25,20.06,0,28.81,0,0,0,30.01,0,29.64,0,0,25.01,0,0,29.19,0,0,0,17.63,0,28.94,23.74,21.94,23.56,23.17,0,23.21,20.05,21.79,25.84,0,21.62,24.41,24.16,18.44,23.73,22.43
0,0,0,0,0,0,0,0,0,0,0,0,0,0,0,0,0,0,19.75,0,0,0,0,0,28.19,20.01,0,28.81,0,0,0,29.97,0,29.6,0,0,25.05,0,0,29.17,0,0,0,17.6,0,28.93,23.72,21.86,23.48,23.17,0,23.21,20.03,21.77,25.81,0,21.58,24.37,0,18.4,23.71,22.4
0,0,0,0,0,0,0,0,0,0,0,0,0,0,0,0,0,0,19.79,0,0,0,0,0,28.14,19.95,0,28.36,0,0,0,29.94,0,29.57,0,0,25.07,0,0,29.14,0,0,0,17.58,0,28.91,23.7,21.78,23.4,23.17,0,23.21,20.01,21.75,25.77,0,21.54,24.33,0,18.34,23.69,22.36
0,0,0,0,0,0,0,0,0,0,0,0,0,0,0,0,0,0,19.75,0,0,0,0,0,28.09,19.91,0,28.33,0,0,0,29.87,0,30.02,0,0,25.14,0,0,29.11,0,0,0,17.55,0,28.88,23.68,21.61,23.3,23.17,0,23.21,19.99,21.73,25.74,0,21.49,24.3,0,18.3,23.66,22.3
0,0,0,0,0,0,0,0,0,0,0,0,0,0,0,0,0,0,19.75,0,0,0,0,0,28.03,19.86,0,28.32,0,0,0,29.77,0,29.98,0,0,24.97,0,0,29.08,0,0,0,0,0,28.85,23.66,21.42,23.19,23.17,0,23.19,19.99,21.7,25.71,0,21.44,24.29,0,18.25,23.64,22.23
0,0,0,0,0,0,0,0,0,0,0,0,0,0,0,0,0,0,19.75,0,0,0,0,0,28,19.82,0,28.3,0,0,0,29.72,0,29.85,0,0,25.01,0,0,29.05,0,0,0,0,0,28.82,23.62,21.39,23.15,23.17,0,23.15,19.98,21.67,25.68,0,21.4,24.26,0,18.21,23.63,22.17
0,0,0,0,0,0,0,0,0,0,0,0,0,0,0,0,0,0,19.75,0,0,0,0,0,28,19.8,0,28.3,0,0,0,29.66,0,29.77,0,0,25.01,0,0,29.02,0,0,0,0,0,28.79,23.58,21.33,23.1,23.17,0,23.11,19.97,21.64,25.65,0,21.33,24.21,0,18.17,23.62,22.15
0,0,0,0,0,0,0,0,0,0,0,0,0,0,0,0,0,0,19.75,0,0,0,0,0,28.33,19.75,0,28.3,0,0,0,29.58,0,29.76,0,0,25.02,0,0,28.99,0,0,0,0,0,28.75,23.54,21.27,23.08,23.17,0,23.07,19.96,21.61,25.62,0,21.28,24.19,0,18.13,23.6,22.18
0,0,0,0,0,0,0,0,0,0,0,0,0,0,0,0,0,0,19.75,0,0,0,0,0,28.33,19.74,0,28.3,0,0,0,29.53,0,29.75,0,0,25.04,0,0,28.97,0,0,0,0,0,28.73,23.47,21.33,23.03,23.17,0,23.03,19.95,21.58,25.59,0,21.24,24.17,0,18.08,23.57,22.17
0,0,0,0,0,0,0,0,0,0,0,0,0,0,0,0,0,0,19.75,0,0,0,0,0,28.31,19.72,0,28.3,0,0,0,29.45,0,29.72,0,0,25.05,0,0,28.93,0,0,0,0,0,28.7,23.44,21.22,23.24,23.17,0,23,19.94,21.56,25.56,0,21.19,24.15,0,18.04,23.56,22.15
0,0,0,0,0,0,0,0,0,0,0,0,0,0,0,0,0,0,0,0,0,0,0,0,28.3,19.69,0,28.32,0,0,0,29.41,0,29.69,0,0,25.07,0,0,28.9,0,0,0,0,0,28.65,23.38,21.14,23.19,23.17,0,22.97,19.93,21.54,25.55,0,21.17,24.17,0,17.99,23.54,22.12
0,0,0,0,0,0,0,0,0,0,0,0,0,0,0,0,0,0,0,0,0,0,0,0,28.28,19.67,0,28.32,0,0,0,29.39,0,29.69,0,0,25.06,0,0,28.9,0,0,0,0,0,28.6,23.35,20.66,23.18,23.17,0,22.95,19.92,21.51,25.53,0,21.15,24.17,0,17.96,23.52,22.09
0,0,0,0,0,0,0,0,0,0,0,0,0,0,0,0,0,0,0,0,0,0,0,0,28.24,19.64,0,28.32,0,0,0,29.37,0,0,0,0,25.08,0,0,28.88,0,0,0,0,0,28.54,23.31,20.65,23.18,23.17,0,22.92,19.9,21.47,25.52,0,21.12,24.16,0,17.91,23.5,22.05
0,0,0,0,0,0,0,0,0,0,0,0,0,0,0,0,0,0,0,0,0,0,0,0,28.18,19.6,0,28.29,0,0,0,29.32,0,0,0,0,25.07,0,0,28.88,0,0,0,0,0,28.47,23.28,20.64,23.18,23.17,0,22.9,19.9,21.44,25.5,0,21.09,24.16,0,17.87,23.46,22.02
0,0,0,0,0,0,0,0,0,0,0,0,0,0,0,0,0,0,0,0,0,0,0,0,28.1,19.55,0,28.24,0,0,0,29.29,0,0,0,0,25.14,0,0,28.88,0,0,0,0,0,28.42,23.27,20.64,23.18,23.17,0,22.9,19.88,21.39,25.47,0,21.06,24.15,0,17.83,23.47,21.99
0,0,0,0,0,0,0,0,0,0,0,0,0,0,0,0,0,0,0,0,0,0,0,0,27.99,19.5,0,28.16,0,0,0,29.27,0,0,0,0,25.18,0,0,28.88,0,0,0,0,0,28.37,23.25,20.6,23.18,23.17,0,22.88,19.85,21.33,25.41,0,21.05,24.15,0,17.79,23.46,21.95
0,0,0,0,0,0,0,0,0,0,0,0,0,0,0,0,0,0,0,0,0,0,0,0,27.89,19.42,0,28.08,0,0,0,29.24,0,0,0,0,25.24,0,0,28.88,0,0,0,0,0,28.34,23.23,20.58,23.18,23.17,0,22.86,19.84,21.28,25.38,0,21.01,24.14,0,17.74,23.45,21.92
0,0,0,0,0,0,0,0,0,0,0,0,0,0,0,0,0,0,0,0,0,0,0,0,27.8,19.34,0,28.04,0,0,0,29.24,0,0,0,0,25.37,0,0,28.89,0,0,0,0,0,28.28,23.19,20.56,23.18,23.17,0,22.83,0,21.23,25.35,0,20.97,24.12,0,17.69,23.44,21.92
0,0,0,0,0,0,0,0,0,0,0,0,0,0,0,0,0,0,0,0,0,0,0,0,27.71,19.27,0,28,0,0,0,29.21,0,0,0,0,25.47,0,0,28.88,0,0,0,0,0,28.24,23.16,20.56,23.18,23.17,0,22.81,0,21.19,25.33,0,20.94,24.11,0,17.63,23.42,21.88
0,0,0,0,0,0,0,0,0,0,0,0,0,0,0,0,0,0,0,0,0,0,0,0,27.64,19.2,0,27.92,0,0,0,29.19,0,0,0,0,25.56,0,0,28.88,0,0,0,0,0,28.2,23.15,20.51,23.18,23.17,0,0,0,21.15,25.31,0,20.91,24.09,0,17.59,23.39,21.82
0,0,0,0,0,0,0,0,0,0,0,0,0,0,0,0,0,0,0,0,0,0,0,0,27.55,19.14,0,27.89,0,0,0,29.14,0,0,0,0,25.63,0,0,28.88,0,0,0,0,0,28.14,23.11,20.49,23.18,23.17,0,0,0,21.12,25.28,0,20.86,24.09,0,17.54,23.36,21.77
0,0,0,0,0,0,0,0,0,0,0,0,0,0,0,0,0,0,0,0,0,0,0,0,27.44,19.08,0,27.89,0,0,0,29.11,0,0,0,0,25.72,0,0,28.87,0,0,0,0,0,28.05,23.06,20.44,23.18,23.17,0,0,0,21.09,25.26,0,20.82,24.1,0,17.51,23.33,21.71
0,0,0,0,0,0,0,0,0,0,0,0,0,0,0,0,0,0,0,0,0,0,0,0,27.28,19.02,0,27.88,0,0,0,29.07,0,0,0,0,25.73,0,0,28.84,0,0,0,0,0,28.02,23.02,20.41,23.18,23.17,0,0,0,21.07,25.23,0,20.77,24.12,0,17.47,23.3,21.65
0,0,0,0,0,0,0,0,0,0,0,0,0,0,0,0,0,0,0,0,0,0,0,0,27.23,18.97,0,27.86,0,0,0,29.04,0,0,0,0,25.74,0,0,28.6,0,0,0,0,0,27.98,22.94,20.37,23.18,23.17,0,0,0,21.04,25.21,0,20.72,24.15,0,17.44,23.26,21.59
0,0,0,0,0,0,0,0,0,0,0,0,0,0,0,0,0,0,0,0,0,0,0,0,0,18.93,0,27.84,0,0,0,28.98,0,0,0,0,0,0,0,28.57,0,0,0,0,0,27.93,22.89,20.33,23.18,23.17,0,0,0,21.01,25.17,0,20.68,24.16,0,17.4,23.22,21.52
0,0,0,0,0,0,0,0,0,0,0,0,0,0,0,0,0,0,0,0,0,0,0,0,0,18.91,0,27.84,0,0,0,28.95,0,0,0,0,0,0,0,28.55,0,0,0,0,0,27.87,22.8,20.27,23.18,23.17,0,0,0,20.97,25.14,0,20.62,24.15,0,17.37,23.19,21.46
0,0,0,0,0,0,0,0,0,0,0,0,0,0,0,0,0,0,0,0,0,0,0,0,0,18.87,0,27.83,0,0,0,28.93,0,0,0,0,0,0,0,28.54,0,0,0,0,0,27.84,22.71,20.24,23.18,23.17,0,0,0,20.94,25.11,0,20.65,24.13,0,17.32,23.16,21.44
0,0,0,0,0,0,0,0,0,0,0,0,0,0,0,0,0,0,0,0,0,0,0,0,0,18.83,0,0,0,0,0,28.88,0,0,0,0,0,0,0,28.54,0,0,0,0,0,27.8,22.64,20.22,23.18,23.17,0,0,0,20.88,25.07,0,20.6,24.08,0,17.25,23.17,21.42
0,0,0,0,0,0,0,0,0,0,0,0,0,0,0,0,0,0,0,0,0,0,0,0,0,18.8,0,0,0,0,0,28.88,0,0,0,0,0,0,0,28.54,0,0,0,0,0,27.68,22.56,20.18,23.18,23.17,0,0,0,20.82,25,0,20.56,24.03,0,17.16,23.13,21.39
0,0,0,0,0,0,0,0,0,0,0,0,0,0,0,0,0,0,0,0,0,0,0,0,0,18.72,0,0,0,0,0,28.88,0,0,0,0,0,0,0,28.53,0,0,0,0,0,27.62,22.51,20.16,23.18,23.17,0,0,0,20.78,24.98,0,20.53,24.02,0,17.11,23.1,21.37
0,0,0,0,0,0,0,0,0,0,0,0,0,0,0,0,0,0,0,0,0,0,0,0,0,18.65,0,0,0,0,0,28.87,0,0,0,0,0,0,0,28.53,0,0,0,0,0,27.56,22.48,20.15,23.18,23.17,0,0,0,20.74,24.93,0,20.5,24.02,0,17.06,23.07,21.35
0,0,0,0,0,0,0,0,0,0,0,0,0,0,0,0,0,0,0,0,0,0,0,0,0,18.64,0,0,0,0,0,28.83,0,0,0,0,0,0,0,28.52,0,0,0,0,0,27.52,22.44,20.13,23.18,23.17,0,0,0,20.7,24.88,0,20.47,24.01,0,16.98,23.06,21.33
0,0,0,0,0,0,0,0,0,0,0,0,0,0,0,0,0,0,0,0,0,0,0,0,0,18.6,0,0,0,0,0,0,0,0,0,0,0,0,0,28.52,0,0,0,0,0,27.47,22.4,20.1,23.18,23.17,0,0,0,20.65,24.84,0,20.45,23.96,0,16.94,23.03,21.32
0,0,0,0,0,0,0,0,0,0,0,0,0,0,0,0,0,0,0,0,0,0,0,0,0,18.55,0,0,0,0,0,0,0,0,0,0,0,0,0,28.52,0,0,0,0,0,27.4,22.37,20.08,23.18,23.17,0,0,0,20.6,24.8,0,20.43,23.94,0,16.9,23,21.31
0,0,0,0,0,0,0,0,0,0,0,0,0,0,0,0,0,0,0,0,0,0,0,0,0,18.47,0,0,0,0,0,0,0,0,0,0,0,0,0,28.52,0,0,0,0,0,27.34,22.35,20.08,23.18,23.17,0,0,0,20.54,24.76,0,20.41,23.91,0,16.81,22.98,21.29
0,0,0,0,0,0,0,0,0,0,0,0,0,0,0,0,0,0,0,0,0,0,0,0,0,18.38,0,0,0,0,0,0,0,0,0,0,0,0,0,28.52,0,0,0,0,0,27.29,22.32,20.05,23.18,23.17,0,0,0,20.51,24.71,0,20.38,23.9,0,16.72,22.99,21.31
0,0,0,0,0,0,0,0,0,0,0,0,0,0,0,0,0,0,0,0,0,0,0,0,0,18.27,0,0,0,0,0,0,0,0,0,0,0,0,0,28.52,0,0,0,0,0,27.25,22.28,20.01,23.18,23.17,0,0,0,20.46,24.68,0,20.35,23.85,0,16.67,22.95,21.29
0,0,0,0,0,0,0,0,0,0,0,0,0,0,0,0,0,0,0,0,0,0,0,0,0,18.22,0,0,0,0,0,0,0,0,0,0,0,0,0,28.52,0,0,0,0,0,27.21,22.24,19.99,23.18,23.17,0,0,0,20.41,24.66,0,20.32,23.76,0,16.72,22.91,21.25
0,0,0,0,0,0,0,0,0,0,0,0,0,0,0,0,0,0,0,0,0,0,0,0,0,0,0,0,0,0,0,0,0,0,0,0,0,0,0,28.52,0,0,0,0,0,27.2,22.19,19.94,23.18,23.17,0,0,0,20.38,24.62,0,20.27,23.74,0,16.57,22.87,21.17
0,0,0,0,0,0,0,0,0,0,0,0,0,0,0,0,0,0,0,0,0,0,0,0,0,0,0,0,0,0,0,0,0,0,0,0,0,0,0,28.52,0,0,0,0,0,27.17,22.12,19.92,23.18,23.17,0,0,0,20.36,24.61,0,20.24,23.68,0,16.46,22.83,21.17
0,0,0,0,0,0,0,0,0,0,0,0,0,0,0,0,0,0,0,0,0,0,0,0,0,0,0,0,0,0,0,0,0,0,0,0,0,0,0,28.52,0,0,0,0,0,27.14,22.07,19.87,23.18,23.17,0,0,0,20.32,24.6,0,20.19,23.61,0,16.15,22.78,21.19
0,0,0,0,0,0,0,0,0,0,0,0,0,0,0,0,0,0,0,0,0,0,0,0,0,0,0,0,0,0,0,0,0,0,0,0,0,0,0,28.52,0,0,0,0,0,27.11,21.98,19.85,23.18,23.17,0,0,0,20.28,24.57,0,20.15,23.61,0,16.39,22.76,21.19
0,0,0,0,0,0,0,0,0,0,0,0,0,0,0,0,0,0,0,0,0,0,0,0,0,0,0,0,0,0,0,0,0,0,0,0,0,0,0,28.52,0,0,0,0,0,27.04,21.92,19.82,23.18,23.17,0,0,0,20.25,24.52,0,20.09,23.56,0,15.89,22.73,21.18
0,0,0,0,0,0,0,0,0,0,0,0,0,0,0,0,0,0,0,0,0,0,0,0,0,0,0,0,0,0,0,0,0,0,0,0,0,0,0,28.52,0,0,0,0,0,26.99,21.83,19.8,23.18,23.17,0,0,0,20.22,24.48,0,20.05,23.47,0,15.64,22.72,21.11
0,0,0,0,0,0,0,0,0,0,0,0,0,0,0,0,0,0,0,0,0,0,0,0,0,0,0,0,0,0,0,0,0,0,0,0,0,0,0,0,0,0,0,0,0,26.95,21.75,19.78,23.18,0,0,0,0,20.19,24.43,0,19.99,23.47,0,15.64,22.69,21.05
0,0,0,0,0,0,0,0,0,0,0,0,0,0,0,0,0,0,0,0,0,0,0,0,0,0,0,0,0,0,0,0,0,0,0,0,0,0,0,0,0,0,0,0,0,26.9,21.69,19.74,23.18,0,0,0,0,20.16,24.37,0,19.96,23.42,0,15.64,22.68,21
0,0,0,0,0,0,0,0,0,0,0,0,0,0,0,0,0,0,0,0,0,0,0,0,0,0,0,0,0,0,0,0,0,0,0,0,0,0,0,0,0,0,0,0,0,26.83,21.6,19.72,23.18,0,0,0,0,20.11,24.3,0,19.93,23.39,0,15.64,22.66,20.97
0,0,0,0,0,0,0,0,0,0,0,0,0,0,0,0,0,0,0,0,0,0,0,0,0,0,0,0,0,0,0,0,0,0,0,0,0,0,0,0,0,0,0,0,0,26.81,21.54,19.68,23.18,0,0,0,0,20.06,24.26,0,19.9,23.33,0,15.64,22.61,20.95
0,0,0,0,0,0,0,0,0,0,0,0,0,0,0,0,0,0,0,0,0,0,0,0,0,0,0,0,0,0,0,0,0,0,0,0,0,0,0,0,0,0,0,0,0,26.78,21.47,19.65,23.18,0,0,0,0,20.02,24.22,0,19.88,23.27,0,15.64,22.56,20.91
0,0,0,0,0,0,0,0,0,0,0,0,0,0,0,0,0,0,0,0,0,0,0,0,0,0,0,0,0,0,0,0,0,0,0,0,0,0,0,0,0,0,0,0,0,26.68,21.44,19.63,23.18,0,0,0,0,19.97,24.2,0,19.86,23.24,0,15.64,22.52,20.85
0,0,0,0,0,0,0,0,0,0,0,0,0,0,0,0,0,0,0,0,0,0,0,0,0,0,0,0,0,0,0,0,0,0,0,0,0,0,0,0,0,0,0,0,0,26.63,21.39,19.63,23.18,0,0,0,0,19.93,24.18,0,19.83,23.22,0,15.64,22.48,20.82
0,0,0,0,0,0,0,0,0,0,0,0,0,0,0,0,0,0,0,0,0,0,0,0,0,0,0,0,0,0,0,0,0,0,0,0,0,0,0,0,0,0,0,0,0,26.6,21.35,19.6,23.18,0,0,0,0,19.88,24.13,0,19.81,23.17,0,15.64,22.44,20.77
0,0,0,0,0,0,0,0,0,0,0,0,0,0,0,0,0,0,0,0,0,0,0,0,0,0,0,0,0,0,0,0,0,0,0,0,0,0,0,0,0,0,0,0,0,26.54,21.33,19.58,23.18,0,0,0,0,19.82,24.07,0,19.78,23.12,0,15.64,22.39,20.72
0,0,0,0,0,0,0,0,0,0,0,0,0,0,0,0,0,0,0,0,0,0,0,0,0,0,0,0,0,0,0,0,0,0,0,0,0,0,0,0,0,0,0,0,0,26.48,21.31,19.55,23.18,0,0,0,0,19.76,24.04,0,19.75,23.08,0,15.64,22.36,20.66
0,0,0,0,0,0,0,0,0,0,0,0,0,0,0,0,0,0,0,0,0,0,0,0,0,0,0,0,0,0,0,0,0,0,0,0,0,0,0,0,0,0,0,0,0,26.44,21.26,19.53,23.18,0,0,0,0,19.71,24.01,0,19.71,23.01,0,15.64,22.34,20.61
0,0,0,0,0,0,0,0,0,0,0,0,0,0,0,0,0,0,0,0,0,0,0,0,0,0,0,0,0,0,0,0,0,0,0,0,0,0,0,0,0,0,0,0,0,26.36,21.22,19.47,23.18,0,0,0,0,19.67,23.97,0,19.68,22.94,0,15.64,22.31,20.55
0,0,0,0,0,0,0,0,0,0,0,0,0,0,0,0,0,0,0,0,0,0,0,0,0,0,0,0,0,0,0,0,0,0,0,0,0,0,0,0,0,0,0,0,0,26.3,21.15,19.45,23.18,0,0,0,0,19.63,23.94,0,19.63,22.91,0,15.64,22.27,20.49
0,0,0,0,0,0,0,0,0,0,0,0,0,0,0,0,0,0,0,0,0,0,0,0,0,0,0,0,0,0,0,0,0,0,0,0,0,0,0,0,0,0,0,0,0,26.22,21.11,0,23.18,0,0,0,0,19.6,23.87,0,0,22.84,0,15.64,22.21,20.44
0,0,0,0,0,0,0,0,0,0,0,0,0,0,0,0,0,0,0,0,0,0,0,0,0,0,0,0,0,0,0,0,0,0,0,0,0,0,0,0,0,0,0,0,0,26.13,21.03,0,23.18,0,0,0,0,19.57,23.8,0,0,22.78,0,15.64,22.14,20.43
0,0,0,0,0,0,0,0,0,0,0,0,0,0,0,0,0,0,0,0,0,0,0,0,0,0,0,0,0,0,0,0,0,0,0,0,0,0,0,0,0,0,0,0,0,26.07,20.98,0,23.18,0,0,0,0,19.53,23.73,0,0,22.78,0,15.64,22.08,20.38
0,0,0,0,0,0,0,0,0,0,0,0,0,0,0,0,0,0,0,0,0,0,0,0,0,0,0,0,0,0,0,0,0,0,0,0,0,0,0,0,0,0,0,0,0,25.95,20.89,0,23.18,0,0,0,0,19.49,23.65,0,0,22.71,0,15.64,22.02,20.34
0,0,0,0,0,0,0,0,0,0,0,0,0,0,0,0,0,0,0,0,0,0,0,0,0,0,0,0,0,0,0,0,0,0,0,0,0,0,0,0,0,0,0,0,0,25.88,20.79,0,0,0,0,0,0,19.46,23.56,0,0,22.67,0,15.64,21.99,20.3
0,0,0,0,0,0,0,0,0,0,0,0,0,0,0,0,0,0,0,0,0,0,0,0,0,0,0,0,0,0,0,0,0,0,0,0,0,0,0,0,0,0,0,0,0,25.79,20.72,0,0,0,0,0,0,19.42,23.48,0,0,22.64,0,0,21.9,20.26
0,0,0,0,0,0,0,0,0,0,0,0,0,0,0,0,0,0,0,0,0,0,0,0,0,0,0,0,0,0,0,0,0,0,0,0,0,0,0,0,0,0,0,0,0,25.7,20.64,0,0,0,0,0,0,19.38,23.41,0,0,22.6,0,0,21.83,20.22
0,0,0,0,0,0,0,0,0,0,0,0,0,0,0,0,0,0,0,0,0,0,0,0,0,0,0,0,0,0,0,0,0,0,0,0,0,0,0,0,0,0,0,0,0,25.62,20.56,0,0,0,0,0,0,19.34,23.38,0,0,22.49,0,0,21.75,20.19
0,0,0,0,0,0,0,0,0,0,0,0,0,0,0,0,0,0,0,0,0,0,0,0,0,0,0,0,0,0,0,0,0,0,0,0,0,0,0,0,0,0,0,0,0,25.54,20.48,0,0,0,0,0,0,19.29,23.33,0,0,22.37,0,0,21.69,20.16
0,0,0,0,0,0,0,0,0,0,0,0,0,0,0,0,0,0,0,0,0,0,0,0,0,0,0,0,0,0,0,0,0,0,0,0,0,0,0,0,0,0,0,0,0,25.45,20.45,0,0,0,0,0,0,19.24,23.3,0,0,22.27,0,0,21.63,20.12
0,0,0,0,0,0,0,0,0,0,0,0,0,0,0,0,0,0,0,0,0,0,0,0,0,0,0,0,0,0,0,0,0,0,0,0,0,0,0,0,0,0,0,0,0,25.38,20.4,0,0,0,0,0,0,19.2,23.27,0,0,22.19,0,0,21.64,20.1
0,0,0,0,0,0,0,0,0,0,0,0,0,0,0,0,0,0,0,0,0,0,0,0,0,0,0,0,0,0,0,0,0,0,0,0,0,0,0,0,0,0,0,0,0,25.32,20.36,0,0,0,0,0,0,19.15,23.24,0,0,22.09,0,0,21.6,20.08
0,0,0,0,0,0,0,0,0,0,0,0,0,0,0,0,0,0,0,0,0,0,0,0,0,0,0,0,0,0,0,0,0,0,0,0,0,0,0,0,0,0,0,0,0,25.23,20.33,0,0,0,0,0,0,19.1,23.19,0,0,21.99,0,0,21.55,20.05
0,0,0,0,0,0,0,0,0,0,0,0,0,0,0,0,0,0,0,0,0,0,0,0,0,0,0,0,0,0,0,0,0,0,0,0,0,0,0,0,0,0,0,0,0,25.14,20.27,0,0,0,0,0,0,19.06,23.13,0,0,21.93,0,0,21.5,20.03
0,0,0,0,0,0,0,0,0,0,0,0,0,0,0,0,0,0,0,0,0,0,0,0,0,0,0,0,0,0,0,0,0,0,0,0,0,0,0,0,0,0,0,0,0,25.03,20.24,0,0,0,0,0,0,19,23.06,0,0,21.85,0,0,21.48,20
0,0,0,0,0,0,0,0,0,0,0,0,0,0,0,0,0,0,0,0,0,0,0,0,0,0,0,0,0,0,0,0,0,0,0,0,0,0,0,0,0,0,0,0,0,24.92,20.18,0,0,0,0,0,0,18.95,22.99,0,0,21.79,0,0,21.44,19.96
0,0,0,0,0,0,0,0,0,0,0,0,0,0,0,0,0,0,0,0,0,0,0,0,0,0,0,0,0,0,0,0,0,0,0,0,0,0,0,0,0,0,0,0,0,24.8,20.14,0,0,0,0,0,0,18.9,22.9,0,0,21.73,0,0,21.42,19.89
0,0,0,0,0,0,0,0,0,0,0,0,0,0,0,0,0,0,0,0,0,0,0,0,0,0,0,0,0,0,0,0,0,0,0,0,0,0,0,0,0,0,0,0,0,24.7,20.08,0,0,0,0,0,0,18.86,22.8,0,0,21.67,0,0,21.36,19.85
0,0,0,0,0,0,0,0,0,0,0,0,0,0,0,0,0,0,0,0,0,0,0,0,0,0,0,0,0,0,0,0,0,0,0,0,0,0,0,0,0,0,0,0,0,24.6,20.03,0,0,0,0,0,0,18.81,22.72,0,0,21.64,0,0,21.29,19.81
0,0,0,0,0,0,0,0,0,0,0,0,0,0,0,0,0,0,0,0,0,0,0,0,0,0,0,0,0,0,0,0,0,0,0,0,0,0,0,0,0,0,0,0,0,24.5,19.95,0,0,0,0,0,0,18.77,22.64,0,0,21.64,0,0,21.21,19.76
0,0,0,0,0,0,0,0,0,0,0,0,0,0,0,0,0,0,0,0,0,0,0,0,0,0,0,0,0,0,0,0,0,0,0,0,0,0,0,0,0,0,0,0,0,24.42,0,0,0,0,0,0,0,18.73,22.58,0,0,21.62,0,0,21.14,19.72
0,0,0,0,0,0,0,0,0,0,0,0,0,0,0,0,0,0,0,0,0,0,0,0,0,0,0,0,0,0,0,0,0,0,0,0,0,0,0,0,0,0,0,0,0,24.33,0,0,0,0,0,0,0,18.71,22.54,0,0,21.6,0,0,21.06,19.65
0,0,0,0,0,0,0,0,0,0,0,0,0,0,0,0,0,0,0,0,0,0,0,0,0,0,0,0,0,0,0,0,0,0,0,0,0,0,0,0,0,0,0,0,0,24.26,0,0,0,0,0,0,0,18.67,22.52,0,0,0,0,0,20.99,19.62
0,0,0,0,0,0,0,0,0,0,0,0,0,0,0,0,0,0,0,0,0,0,0,0,0,0,0,0,0,0,0,0,0,0,0,0,0,0,0,0,0,0,0,0,0,24.17,0,0,0,0,0,0,0,18.64,22.51,0,0,0,0,0,20.93,19.58
0,0,0,0,0,0,0,0,0,0,0,0,0,0,0,0,0,0,0,0,0,0,0,0,0,0,0,0,0,0,0,0,0,0,0,0,0,0,0,0,0,0,0,0,0,24.09,0,0,0,0,0,0,0,18.62,22.5,0,0,0,0,0,20.87,19.53
0,0,0,0,0,0,0,0,0,0,0,0,0,0,0,0,0,0,0,0,0,0,0,0,0,0,0,0,0,0,0,0,0,0,0,0,0,0,0,0,0,0,0,0,0,23.99,0,0,0,0,0,0,0,18.59,22.5,0,0,0,0,0,20.83,19.45
0,0,0,0,0,0,0,0,0,0,0,0,0,0,0,0,0,0,0,0,0,0,0,0,0,0,0,0,0,0,0,0,0,0,0,0,0,0,0,0,0,0,0,0,0,23.87,0,0,0,0,0,0,0,18.54,22.51,0,0,0,0,0,20.79,19.37
0,0,0,0,0,0,0,0,0,0,0,0,0,0,0,0,0,0,0,0,0,0,0,0,0,0,0,0,0,0,0,0,0,0,0,0,0,0,0,0,0,0,0,0,0,23.77,0,0,0,0,0,0,0,18.49,22.51,0,0,0,0,0,20.77,19.29
0,0,0,0,0,0,0,0,0,0,0,0,0,0,0,0,0,0,0,0,0,0,0,0,0,0,0,0,0,0,0,0,0,0,0,0,0,0,0,0,0,0,0,0,0,23.65,0,0,0,0,0,0,0,18.43,22.51,0,0,0,0,0,20.76,19.2
0,0,0,0,0,0,0,0,0,0,0,0,0,0,0,0,0,0,0,0,0,0,0,0,0,0,0,0,0,0,0,0,0,0,0,0,0,0,0,0,0,0,0,0,0,23.54,0,0,0,0,0,0,0,18.38,22.5,0,0,0,0,0,20.75,19.15
0,0,0,0,0,0,0,0,0,0,0,0,0,0,0,0,0,0,0,0,0,0,0,0,0,0,0,0,0,0,0,0,0,0,0,0,0,0,0,0,0,0,0,0,0,23.45,0,0,0,0,0,0,0,18.33,22.48,0,0,0,0,0,20.74,19.13
0,0,0,0,0,0,0,0,0,0,0,0,0,0,0,0,0,0,0,0,0,0,0,0,0,0,0,0,0,0,0,0,0,0,0,0,0,0,0,0,0,0,0,0,0,23.35,0,0,0,0,0,0,0,18.27,22.43,0,0,0,0,0,20.77,19.1
0,0,0,0,0,0,0,0,0,0,0,0,0,0,0,0,0,0,0,0,0,0,0,0,0,0,0,0,0,0,0,0,0,0,0,0,0,0,0,0,0,0,0,0,0,23.25,0,0,0,0,0,0,0,18.25,22.37,0,0,0,0,0,20.75,19.07
0,0,0,0,0,0,0,0,0,0,0,0,0,0,0,0,0,0,0,0,0,0,0,0,0,0,0,0,0,0,0,0,0,0,0,0,0,0,0,0,0,0,0,0,0,23.17,0,0,0,0,0,0,0,18.19,22.31,0,0,0,0,0,20.71,19.08
0,0,0,0,0,0,0,0,0,0,0,0,0,0,0,0,0,0,0,0,0,0,0,0,0,0,0,0,0,0,0,0,0,0,0,0,0,0,0,0,0,0,0,0,0,23.07,0,0,0,0,0,0,0,18.19,22.23,0,0,0,0,0,20.65,19.08
0,0,0,0,0,0,0,0,0,0,0,0,0,0,0,0,0,0,0,0,0,0,0,0,0,0,0,0,0,0,0,0,0,0,0,0,0,0,0,0,0,0,0,0,0,22.99,0,0,0,0,0,0,0,18.15,22.16,0,0,0,0,0,20.59,19.1
0,0,0,0,0,0,0,0,0,0,0,0,0,0,0,0,0,0,0,0,0,0,0,0,0,0,0,0,0,0,0,0,0,0,0,0,0,0,0,0,0,0,0,0,0,22.9,0,0,0,0,0,0,0,18.11,22.1,0,0,0,0,0,20.52,19.06
0,0,0,0,0,0,0,0,0,0,0,0,0,0,0,0,0,0,0,0,0,0,0,0,0,0,0,0,0,0,0,0,0,0,0,0,0,0,0,0,0,0,0,0,0,22.8,0,0,0,0,0,0,0,18.08,22.03,0,0,0,0,0,20.45,19.02
0,0,0,0,0,0,0,0,0,0,0,0,0,0,0,0,0,0,0,0,0,0,0,0,0,0,0,0,0,0,0,0,0,0,0,0,0,0,0,0,0,0,0,0,0,22.72,0,0,0,0,0,0,0,18.04,21.97,0,0,0,0,0,20.38,18.95
0,0,0,0,0,0,0,0,0,0,0,0,0,0,0,0,0,0,0,0,0,0,0,0,0,0,0,0,0,0,0,0,0,0,0,0,0,0,0,0,0,0,0,0,0,22.62,0,0,0,0,0,0,0,18,21.92,0,0,0,0,0,20.33,18.88
0,0,0,0,0,0,0,0,0,0,0,0,0,0,0,0,0,0,0,0,0,0,0,0,0,0,0,0,0,0,0,0,0,0,0,0,0,0,0,0,0,0,0,0,0,22.49,0,0,0,0,0,0,0,17.97,21.88,0,0,0,0,0,20.29,18.81
0,0,0,0,0,0,0,0,0,0,0,0,0,0,0,0,0,0,0,0,0,0,0,0,0,0,0,0,0,0,0,0,0,0,0,0,0,0,0,0,0,0,0,0,0,22.35,0,0,0,0,0,0,0,17.94,21.85,0,0,0,0,0,20.25,18.73
0,0,0,0,0,0,0,0,0,0,0,0,0,0,0,0,0,0,0,0,0,0,0,0,0,0,0,0,0,0,0,0,0,0,0,0,0,0,0,0,0,0,0,0,0,22.37,0,0,0,0,0,0,0,17.91,21.81,0,0,0,0,0,20.21,18.68
0,0,0,0,0,0,0,0,0,0,0,0,0,0,0,0,0,0,0,0,0,0,0,0,0,0,0,0,0,0,0,0,0,0,0,0,0,0,0,0,0,0,0,0,0,22.12,0,0,0,0,0,0,0,17.87,21.77,0,0,0,0,0,20.18,18.6
0,0,0,0,0,0,0,0,0,0,0,0,0,0,0,0,0,0,0,0,0,0,0,0,0,0,0,0,0,0,0,0,0,0,0,0,0,0,0,0,0,0,0,0,0,21.66,0,0,0,0,0,0,0,17.84,21.74,0,0,0,0,0,20.13,18.55
0,0,0,0,0,0,0,0,0,0,0,0,0,0,0,0,0,0,0,0,0,0,0,0,0,0,0,0,0,0,0,0,0,0,0,0,0,0,0,0,0,0,0,0,0,21.54,0,0,0,0,0,0,0,0,21.7,0,0,0,0,0,20.09,18.5
0,0,0,0,0,0,0,0,0,0,0,0,0,0,0,0,0,0,0,0,0,0,0,0,0,0,0,0,0,0,0,0,0,0,0,0,0,0,0,0,0,0,0,0,0,21.48,0,0,0,0,0,0,0,0,21.64,0,0,0,0,0,20.07,18.44
0,0,0,0,0,0,0,0,0,0,0,0,0,0,0,0,0,0,0,0,0,0,0,0,0,0,0,0,0,0,0,0,0,0,0,0,0,0,0,0,0,0,0,0,0,21.44,0,0,0,0,0,0,0,0,21.59,0,0,0,0,0,20.02,18.4
0,0,0,0,0,0,0,0,0,0,0,0,0,0,0,0,0,0,0,0,0,0,0,0,0,0,0,0,0,0,0,0,0,0,0,0,0,0,0,0,0,0,0,0,0,21.51,0,0,0,0,0,0,0,0,21.52,0,0,0,0,0,19.96,18.37
0,0,0,0,0,0,0,0,0,0,0,0,0,0,0,0,0,0,0,0,0,0,0,0,0,0,0,0,0,0,0,0,0,0,0,0,0,0,0,0,0,0,0,0,0,21.49,0,0,0,0,0,0,0,0,21.45,0,0,0,0,0,19.89,18.35
0,0,0,0,0,0,0,0,0,0,0,0,0,0,0,0,0,0,0,0,0,0,0,0,0,0,0,0,0,0,0,0,0,0,0,0,0,0,0,0,0,0,0,0,0,21.48,0,0,0,0,0,0,0,0,21.36,0,0,0,0,0,19.81,18.33
0,0,0,0,0,0,0,0,0,0,0,0,0,0,0,0,0,0,0,0,0,0,0,0,0,0,0,0,0,0,0,0,0,0,0,0,0,0,0,0,0,0,0,0,0,21.46,0,0,0,0,0,0,0,0,21.28,0,0,0,0,0,19.73,18.31
0,0,0,0,0,0,0,0,0,0,0,0,0,0,0,0,0,0,0,0,0,0,0,0,0,0,0,0,0,0,0,0,0,0,0,0,0,0,0,0,0,0,0,0,0,21.43,0,0,0,0,0,0,0,0,21.22,0,0,0,0,0,19.65,18.28
0,0,0,0,0,0,0,0,0,0,0,0,0,0,0,0,0,0,0,0,0,0,0,0,0,0,0,0,0,0,0,0,0,0,0,0,0,0,0,0,0,0,0,0,0,21.41,0,0,0,0,0,0,0,0,21.14,0,0,0,0,0,19.57,18.24
0,0,0,0,0,0,0,0,0,0,0,0,0,0,0,0,0,0,0,0,0,0,0,0,0,0,0,0,0,0,0,0,0,0,0,0,0,0,0,0,0,0,0,0,0,21.41,0,0,0,0,0,0,0,0,21.08,0,0,0,0,0,19.49,18.2
0,0,0,0,0,0,0,0,0,0,0,0,0,0,0,0,0,0,0,0,0,0,0,0,0,0,0,0,0,0,0,0,0,0,0,0,0,0,0,0,0,0,0,0,0,21.38,0,0,0,0,0,0,0,0,21.05,0,0,0,0,0,19.42,18.17
0,0,0,0,0,0,0,0,0,0,0,0,0,0,0,0,0,0,0,0,0,0,0,0,0,0,0,0,0,0,0,0,0,0,0,0,0,0,0,0,0,0,0,0,0,21.35,0,0,0,0,0,0,0,0,21.02,0,0,0,0,0,19.35,18.13
0,0,0,0,0,0,0,0,0,0,0,0,0,0,0,0,0,0,0,0,0,0,0,0,0,0,0,0,0,0,0,0,0,0,0,0,0,0,0,0,0,0,0,0,0,21.33,0,0,0,0,0,0,0,0,20.97,0,0,0,0,0,19.31,18.09
0,0,0,0,0,0,0,0,0,0,0,0,0,0,0,0,0,0,0,0,0,0,0,0,0,0,0,0,0,0,0,0,0,0,0,0,0,0,0,0,0,0,0,0,0,21.28,0,0,0,0,0,0,0,0,20.95,0,0,0,0,0,19.26,18.04
0,0,0,0,0,0,0,0,0,0,0,0,0,0,0,0,0,0,0,0,0,0,0,0,0,0,0,0,0,0,0,0,0,0,0,0,0,0,0,0,0,0,0,0,0,21.24,0,0,0,0,0,0,0,0,20.92,0,0,0,0,0,19.23,17.99
0,0,0,0,0,0,0,0,0,0,0,0,0,0,0,0,0,0,0,0,0,0,0,0,0,0,0,0,0,0,0,0,0,0,0,0,0,0,0,0,0,0,0,0,0,21.21,0,0,0,0,0,0,0,0,20.87,0,0,0,0,0,19.19,17.94
0,0,0,0,0,0,0,0,0,0,0,0,0,0,0,0,0,0,0,0,0,0,0,0,0,0,0,0,0,0,0,0,0,0,0,0,0,0,0,0,0,0,0,0,0,21.17,0,0,0,0,0,0,0,0,20.84,0,0,0,0,0,19.14,17.9
0,0,0,0,0,0,0,0,0,0,0,0,0,0,0,0,0,0,0,0,0,0,0,0,0,0,0,0,0,0,0,0,0,0,0,0,0,0,0,0,0,0,0,0,0,21.13,0,0,0,0,0,0,0,0,20.8,0,0,0,0,0,19.09,17.87
0,0,0,0,0,0,0,0,0,0,0,0,0,0,0,0,0,0,0,0,0,0,0,0,0,0,0,0,0,0,0,0,0,0,0,0,0,0,0,0,0,0,0,0,0,21.11,0,0,0,0,0,0,0,0,20.76,0,0,0,0,0,19.04,17.84
0,0,0,0,0,0,0,0,0,0,0,0,0,0,0,0,0,0,0,0,0,0,0,0,0,0,0,0,0,0,0,0,0,0,0,0,0,0,0,0,0,0,0,0,0,21.1,0,0,0,0,0,0,0,0,20.7,0,0,0,0,0,18.99,17.81
0,0,0,0,0,0,0,0,0,0,0,0,0,0,0,0,0,0,0,0,0,0,0,0,0,0,0,0,0,0,0,0,0,0,0,0,0,0,0,0,0,0,0,0,0,21.08,0,0,0,0,0,0,0,0,20.65,0,0,0,0,0,18.94,17.78
0,0,0,0,0,0,0,0,0,0,0,0,0,0,0,0,0,0,0,0,0,0,0,0,0,0,0,0,0,0,0,0,0,0,0,0,0,0,0,0,0,0,0,0,0,21.07,0,0,0,0,0,0,0,0,20.59,0,0,0,0,0,18.88,17.75
0,0,0,0,0,0,0,0,0,0,0,0,0,0,0,0,0,0,0,0,0,0,0,0,0,0,0,0,0,0,0,0,0,0,0,0,0,0,0,0,0,0,0,0,0,21.06,0,0,0,0,0,0,0,0,20.52,0,0,0,0,0,18.83,17.72
0,0,0,0,0,0,0,0,0,0,0,0,0,0,0,0,0,0,0,0,0,0,0,0,0,0,0,0,0,0,0,0,0,0,0,0,0,0,0,0,0,0,0,0,0,21.05,0,0,0,0,0,0,0,0,20.46,0,0,0,0,0,18.77,17.69
0,0,0,0,0,0,0,0,0,0,0,0,0,0,0,0,0,0,0,0,0,0,0,0,0,0,0,0,0,0,0,0,0,0,0,0,0,0,0,0,0,0,0,0,0,21.04,0,0,0,0,0,0,0,0,20.41,0,0,0,0,0,18.71,17.8
0,0,0,0,0,0,0,0,0,0,0,0,0,0,0,0,0,0,0,0,0,0,0,0,0,0,0,0,0,0,0,0,0,0,0,0,0,0,0,0,0,0,0,0,0,21.03,0,0,0,0,0,0,0,0,20.37,0,0,0,0,0,18.66,17.77
0,0,0,0,0,0,0,0,0,0,0,0,0,0,0,0,0,0,0,0,0,0,0,0,0,0,0,0,0,0,0,0,0,0,0,0,0,0,0,0,0,0,0,0,0,21.02,0,0,0,0,0,0,0,0,20.34,0,0,0,0,0,18.61,17.74
0,0,0,0,0,0,0,0,0,0,0,0,0,0,0,0,0,0,0,0,0,0,0,0,0,0,0,0,0,0,0,0,0,0,0,0,0,0,0,0,0,0,0,0,0,21.02,0,0,0,0,0,0,0,0,20.32,0,0,0,0,0,18.56,17.69
0,0,0,0,0,0,0,0,0,0,0,0,0,0,0,0,0,0,0,0,0,0,0,0,0,0,0,0,0,0,0,0,0,0,0,0,0,0,0,0,0,0,0,0,0,0,0,0,0,0,0,0,0,0,20.3,0,0,0,0,0,18.53,17.65
0,0,0,0,0,0,0,0,0,0,0,0,0,0,0,0,0,0,0,0,0,0,0,0,0,0,0,0,0,0,0,0,0,0,0,0,0,0,0,0,0,0,0,0,0,0,0,0,0,0,0,0,0,0,20.29,0,0,0,0,0,18.51,17.6
0,0,0,0,0,0,0,0,0,0,0,0,0,0,0,0,0,0,0,0,0,0,0,0,0,0,0,0,0,0,0,0,0,0,0,0,0,0,0,0,0,0,0,0,0,0,0,0,0,0,0,0,0,0,20.26,0,0,0,0,0,18.49,17.56
0,0,0,0,0,0,0,0,0,0,0,0,0,0,0,0,0,0,0,0,0,0,0,0,0,0,0,0,0,0,0,0,0,0,0,0,0,0,0,0,0,0,0,0,0,0,0,0,0,0,0,0,0,0,20.25,0,0,0,0,0,18.47,17.52
0,0,0,0,0,0,0,0,0,0,0,0,0,0,0,0,0,0,0,0,0,0,0,0,0,0,0,0,0,0,0,0,0,0,0,0,0,0,0,0,0,0,0,0,0,0,0,0,0,0,0,0,0,0,20.22,0,0,0,0,0,18.46,17.48
0,0,0,0,0,0,0,0,0,0,0,0,0,0,0,0,0,0,0,0,0,0,0,0,0,0,0,0,0,0,0,0,0,0,0,0,0,0,0,0,0,0,0,0,0,0,0,0,0,0,0,0,0,0,20.19,0,0,0,0,0,18.43,17.44
0,0,0,0,0,0,0,0,0,0,0,0,0,0,0,0,0,0,0,0,0,0,0,0,0,0,0,0,0,0,0,0,0,0,0,0,0,0,0,0,0,0,0,0,0,0,0,0,0,0,0,0,0,0,20.15,0,0,0,0,0,18.39,17.41
0,0,0,0,0,0,0,0,0,0,0,0,0,0,0,0,0,0,0,0,0,0,0,0,0,0,0,0,0,0,0,0,0,0,0,0,0,0,0,0,0,0,0,0,0,0,0,0,0,0,0,0,0,0,20.11,0,0,0,0,0,19.12,17.39
0,0,0,0,0,0,0,0,0,0,0,0,0,0,0,0,0,0,0,0,0,0,0,0,0,0,0,0,0,0,0,0,0,0,0,0,0,0,0,0,0,0,0,0,0,0,0,0,0,0,0,0,0,0,20.04,0,0,0,0,0,19.24,17.44
0,0,0,0,0,0,0,0,0,0,0,0,0,0,0,0,0,0,0,0,0,0,0,0,0,0,0,0,0,0,0,0,0,0,0,0,0,0,0,0,0,0,0,0,0,0,0,0,0,0,0,0,0,0,19.99,0,0,0,0,0,19.23,17.43
0,0,0,0,0,0,0,0,0,0,0,0,0,0,0,0,0,0,0,0,0,0,0,0,0,0,0,0,0,0,0,0,0,0,0,0,0,0,0,0,0,0,0,0,0,0,0,0,0,0,0,0,0,0,19.96,0,0,0,0,0,19.22,17.42
0,0,0,0,0,0,0,0,0,0,0,0,0,0,0,0,0,0,0,0,0,0,0,0,0,0,0,0,0,0,0,0,0,0,0,0,0,0,0,0,0,0,0,0,0,0,0,0,0,0,0,0,0,0,19.95,0,0,0,0,0,19.21,17.42
0,0,0,0,0,0,0,0,0,0,0,0,0,0,0,0,0,0,0,0,0,0,0,0,0,0,0,0,0,0,0,0,0,0,0,0,0,0,0,0,0,0,0,0,0,0,0,0,0,0,0,0,0,0,0,0,0,0,0,0,19.06,17.43
0,0,0,0,0,0,0,0,0,0,0,0,0,0,0,0,0,0,0,0,0,0,0,0,0,0,0,0,0,0,0,0,0,0,0,0,0,0,0,0,0,0,0,0,0,0,0,0,0,0,0,0,0,0,0,0,0,0,0,0,19.05,17.39
0,0,0,0,0,0,0,0,0,0,0,0,0,0,0,0,0,0,0,0,0,0,0,0,0,0,0,0,0,0,0,0,0,0,0,0,0,0,0,0,0,0,0,0,0,0,0,0,0,0,0,0,0,0,0,0,0,0,0,0,18.81,0
0,0,0,0,0,0,0,0,0,0,0,0,0,0,0,0,0,0,0,0,0,0,0,0,0,0,0,0,0,0,0,0,0,0,0,0,0,0,0,0,0,0,0,0,0,0,0,0,0,0,0,0,0,0,0,0,0,0,0,0,18.75,0
0,0,0,0,0,0,0,0,0,0,0,0,0,0,0,0,0,0,0,0,0,0,0,0,0,0,0,0,0,0,0,0,0,0,0,0,0,0,0,0,0,0,0,0,0,0,0,0,0,0,0,0,0,0,0,0,0,0,0,0,0,0
0,0,0,0,0,0,0,0,0,0,0,0,0,0,0,0,0,0,0,0,0,0,0,0,0,0,0,0,0,0,0,0,0,0,0,0,0,0,0,0,0,0,0,0,0,0,0,0,0,0,0,0,0,0,0,0,0,0,0,0,0,0
0,0,0,0,0,0,0,0,0,0,0,0,0,0,0,0,0,0,0,0,0,0,0,0,0,0,0,0,0,0,0,0,0,0,0,0,0,0,0,0,0,0,0,0,0,0,0,0,0,0,0,0,0,0,0,0,0,0,0,0,0,0
0,0,0,0,0,0,0,0,0,0,0,0,0,0,0,0,0,0,0,0,0,0,0,0,0,0,0,0,0,0,0,0,0,0,0,0,0,0,0,0,0,0,0,0,0,0,0,0,0,0,0,0,0,0,0,0,0,0,0,0,0,0
0,0,0,0,0,0,0,0,0,0,0,0,0,0,0,0,0,0,0,0,0,0,0,0,0,0,0,0,0,0,0,0,0,0,0,0,0,0,0,0,0,0,0,0,0,0,0,0,0,0,0,0,0,0,0,0,0,0,0,0,0,0
0,0,0,0,0,0,0,0,0,0,0,0,0,0,0,0,0,0,0,0,0,0,0,0,0,0,0,0,0,0,0,0,0,0,0,0,0,0,0,0,0,0,0,0,0,0,0,0,0,0,0,0,0,0,0,0,0,0,0,0,0,0
0,0,0,0,0,0,0,0,0,0,0,0,0,0,0,0,0,0,0,0,0,0,0,0,0,0,0,0,0,0,0,0,0,0,0,0,0,0,0,0,0,0,0,0,0,0,0,0,0,0,0,0,0,0,0,0,0,0,0,0,0,0
0,0,0,0,0,0,0,0,0,0,0,0,0,0,0,0,0,0,0,0,0,0,0,0,0,0,0,0,0,0,0,0,0,0,0,0,0,0,0,0,0,0,0,0,0,0,0,0,0,0,0,0,0,0,0,0,0,0,0,0,0,0
0,0,0,0,0,0,0,0,0,0,0,0,0,0,0,0,0,0,0,0,0,0,0,0,0,0,0,0,0,0,0,0,0,0,0,0,0,0,0,0,0,0,0,0,0,0,0,0,0,0,0,0,0,0,0,0,0,0,0,0,0,0
0,0,0,0,0,0,0,0,0,0,0,0,0,0,0,0,0,0,0,0,0,0,0,0,0,0,0,0,0,0,0,0,0,0,0,0,0,0,0,0,0,0,0,0,0,0,0,0,0,0,0,0,0,0,0,0,0,0,0,0,0,0
0,0,0,0,0,0,0,0,0,0,0,0,0,0,0,0,0,0,0,0,0,0,0,0,0,0,0,0,0,0,0,0,0,0,0,0,0,0,0,0,0,0,0,0,0,0,0,0,0,0,0,0,0,0,0,0,0,0,0,0,0,0
0,0,0,0,0,0,0,0,0,0,0,0,0,0,0,0,0,0,0,0,0,0,0,0,0,0,0,0,0,0,0,0,0,0,0,0,0,0,0,0,0,0,0,0,0,0,0,0,0,0,0,0,0,0,0,0,0,0,0,0,0,0
0,0,0,0,0,0,0,0,0,0,0,0,0,0,0,0,0,0,0,0,0,0,0,0,0,0,0,0,0,0,0,0,0,0,0,0,0,0,0,0,0,0,0,0,0,0,0,0,0,0,0,0,0,0,0,0,0,0,0,0,0,0
0,0,0,0,0,0,0,0,0,0,0,0,0,0,0,0,0,0,0,0,0,0,0,0,0,0,0,0,0,0,0,0,0,0,0,0,0,0,0,0,0,0,0,0,0,0,0,0,0,0,0,0,0,0,0,0,0,0,0,0,0,0
0,0,0,0,0,0,0,0,0,0,0,0,0,0,0,0,0,0,0,0,0,0,0,0,0,0,0,0,0,0,0,0,0,0,0,0,0,0,0,0,0,0,0,0,0,0,0,0,0,0,0,0,0,0,0,0,0,0,0,0,0,0
0,0,0,0,0,0,0,0,0,0,0,0,0,0,0,0,0,0,0,0,0,0,0,0,0,0,0,0,0,0,0,0,0,0,0,0,0,0,0,0,0,0,0,0,0,0,0,0,0,0,0,0,0,0,0,0,0,0,0,0,0,0
0,0,0,0,0,0,0,0,0,0,0,0,0,0,0,0,0,0,0,0,0,0,0,0,0,0,0,0,0,0,0,0,0,0,0,0,0,0,0,0,0,0,0,0,0,0,0,0,0,0,0,0,0,0,0,0,0,0,0,0,0,0
0,0,0,0,0,0,0,0,0,0,0,0,0,0,0,0,0,0,0,0,0,0,0,0,0,0,0,0,0,0,0,0,0,0,0,0,0,0,0,0,0,0,0,0,0,0,0,0,0,0,0,0,0,0,0,0,0,0,0,0,0,0
0,0,0,0,0,0,0,0,0,0,0,0,0,0,0,0,0,0,0,0,0,0,0,0,0,0,0,0,0,0,0,0,0,0,0,0,0,0,0,0,0,0,0,0,0,0,0,0,0,0,0,0,0,0,0,0,0,0,0,0,0,0
0,0,0,0,0,0,0,0,0,0,0,0,0,0,0,0,0,0,0,0,0,0,0,0,0,0,0,0,0,0,0,0,0,0,0,0,0,0,0,0,0,0,0,0,0,0,0,0,0,0,0,0,0,0,0,0,0,0,0,0,0,0
0,0,0,0,0,0,0,0,0,0,0,0,0,0,0,0,0,0,0,0,0,0,0,0,0,0,0,0,0,0,0,0,0,0,0,0,0,0,0,0,0,0,0,0,0,0,0,0,0,0,0,0,0,0,0,0,0,0,0,0,0,0
0,0,0,0,0,0,0,0,0,0,0,0,0,0,0,0,0,0,0,0,0,0,0,0,0,0,0,0,0,0,0,0,0,0,0,0,0,0,0,0,0,0,0,0,0,0,0,0,0,0,0,0,0,0,0,0,0,0,0,0,0,0
0,0,0,0,0,0,0,0,0,0,0,0,0,0,0,0,0,0,0,0,0,0,0,0,0,0,0,0,0,0,0,0,0,0,0,0,0,0,0,0,0,0,0,0,0,0,0,0,0,0,0,0,0,0,0,0,0,0,0,0,0,0
0,0,0,0,0,0,0,0,0,0,0,0,0,0,0,0,0,0,0,0,0,0,0,0,0,0,0,0,0,0,0,0,0,0,0,0,0,0,0,0,0,0,0,0,0,0,0,0,0,0,0,0,0,0,0,0,0,0,0,0,0,0
0,0,0,0,0,0,0,0,0,0,0,0,0,0,0,0,0,0,0,0,0,0,0,0,0,0,0,0,0,0,0,0,0,0,0,0,0,0,0,0,0,0,0,0,0,0,0,0,0,0,0,0,0,0,0,0,0,0,0,0,0,0
0,0,0,0,0,0,0,0,0,0,0,0,0,0,0,0,0,0,0,0,0,0,0,0,0,0,0,0,0,0,0,0,0,0,0,0,0,0,0,0,0,0,0,0,0,0,0,0,0,0,0,0,0,0,0,0,0,0,0,0,0,0
0,0,0,0,0,0,0,0,0,0,0,0,0,0,0,0,0,0,0,0,0,0,0,0,0,0,0,0,0,0,0,0,0,0,0,0,0,0,0,0,0,0,0,0,0,0,0,0,0,0,0,0,0,0,0,0,0,0,0,0,0,0
0,0,0,0,0,0,0,0,0,0,0,0,0,0,0,0,0,0,0,0,0,0,0,0,0,0,0,0,0,0,0,0,0,0,0,0,0,0,0,0,0,0,0,0,0,0,0,0,0,0,0,0,0,0,0,0,0,0,0,0,0,0
0,0,0,0,0,0,0,0,0,0,0,0,0,0,0,0,0,0,0,0,0,0,0,0,0,0,0,0,0,0,0,0,0,0,0,0,0,0,0,0,0,0,0,0,0,0,0,0,0,0,0,0,0,0,0,0,0,0,0,0,0,0
0,0,0,0,0,0,0,0,0,0,0,0,0,0,0,0,0,0,0,0,0,0,0,0,0,0,0,0,0,0,0,0,0,0,0,0,0,0,0,0,0,0,0,0,0,0,0,0,0,0,0,0,0,0,0,0,0,0,0,0,0,0
0,0,0,0,0,0,0,0,0,0,0,0,0,0,0,0,0,0,0,0,0,0,0,0,0,0,0,0,0,0,0,0,0,0,0,0,0,0,0,0,0,0,0,0,0,0,0,0,0,0,0,0,0,0,0,0,0,0,0,0,0,0
0,0,0,0,0,0,0,0,0,0,0,0,0,0,0,0,0,0,0,0,0,0,0,0,0,0,0,0,0,0,0,0,0,0,0,0,0,0,0,0,0,0,0,0,0,0,0,0,0,0,0,0,0,0,0,0,0,0,0,0,0,0
0,0,0,0,0,0,0,0,0,0,0,0,0,0,0,0,0,0,0,0,0,0,0,0,0,0,0,0,0,0,0,0,0,0,0,0,0,0,0,0,0,0,0,0,0,0,0,0,0,0,0,0,0,0,0,0,0,0,0,0,0,0
0,0,0,0,0,0,0,0,0,0,0,0,0,0,0,0,0,0,0,0,0,0,0,0,0,0,0,0,0,0,0,0,0,0,0,0,0,0,0,0,0,0,0,0,0,0,0,0,0,0,0,0,0,0,0,0,0,0,0,0,0,0
0,0,0,0,0,0,0,0,0,0,0,0,0,0,0,0,0,0,0,0,0,0,0,0,0,0,0,0,0,0,0,0,0,0,0,0,0,0,0,0,0,0,0,0,0,0,0,0,0,0,0,0,0,0,0,0,0,0,0,0,0,0
0,0,0,0,0,0,0,0,0,0,0,0,0,0,0,0,0,0,0,0,0,0,0,0,0,0,0,0,0,0,0,0,0,0,0,0,0,0,0,0,0,0,0,0,0,0,0,0,0,0,0,0,0,0,0,0,0,0,0,0,0,0
0,0,0,0,0,0,0,0,0,0,0,0,0,0,0,0,0,0,0,0,0,0,0,0,0,0,0,0,0,0,0,0,0,0,0,0,0,0,0,0,0,0,0,0,0,0,0,0,0,0,0,0,0,0,0,0,0,0,0,0,0,0
0,0,0,0,0,0,0,0,0,0,0,0,0,0,0,0,0,0,0,0,0,0,0,0,0,0,0,0,0,0,0,0,0,0,0,0,0,0,0,0,0,0,0,0,0,0,0,0,0,0,0,0,0,0,0,0,0,0,0,0,0,0
0,0,0,0,0,0,0,0,0,0,0,0,0,0,0,0,0,0,0,0,0,0,0,0,0,0,0,0,0,0,0,0,0,0,0,0,0,0,0,0,0,0,0,0,0,0,0,0,0,0,0,0,0,0,0,0,0,0,0,0,0,0
0,0,0,0,0,0,0,0,0,0,0,0,0,0,0,0,0,0,0,0,0,0,0,0,0,0,0,0,0,0,0,0,0,0,0,0,0,0,0,0,0,0,0,0,0,0,0,0,0,0,0,0,0,0,0,0,0,0,0,0,0,0
0,0,0,0,0,0,0,0,0,0,0,0,0,0,0,0,0,0,0,0,0,0,0,0,0,0,0,0,0,0,0,0,0,0,0,0,0,0,0,0,0,0,0,0,0,0,0,0,0,0,0,0,0,0,0,0,0,0,0,0,0,0
0,0,0,0,0,0,0,0,0,0,0,0,0,0,0,0,0,0,0,0,0,0,0,0,0,0,0,0,0,0,0,0,0,0,0,0,0,0,0,0,0,0,0,0,0,0,0,0,0,0,0,0,0,0,0,0,0,0,0,0,0,0
0,0,0,0,0,0,0,0,0,0,0,0,0,0,0,0,0,0,0,0,0,0,0,0,0,0,0,0,0,0,0,0,0,0,0,0,0,0,0,0,0,0,0,0,0,0,0,0,0,0,0,0,0,0,0,0,0,0,0,0,0,0
0,0,0,0,0,0,0,0,0,0,0,0,0,0,0,0,0,0,0,0,0,0,0,0,0,0,0,0,0,0,0,0,0,0,0,0,0,0,0,0,0,0,0,0,0,0,0,0,0,0,0,0,0,0,0,0,0,0,0,0,0,0
0,0,0,0,0,0,0,0,0,0,0,0,0,0,0,0,0,0,0,0,0,0,0,0,0,0,0,0,0,0,0,0,0,0,0,0,0,0,0,0,0,0,0,0,0,0,0,0,0,0,0,0,0,0,0,0,0,0,0,0,0,0
0,0,0,0,0,0,0,0,0,0,0,0,0,0,0,0,0,0,0,0,0,0,0,0,0,0,0,0,0,0,0,0,0,0,0,0,0,0,0,0,0,0,0,0,0,0,0,0,0,0,0,0,0,0,0,0,0,0,0,0,0,0
0,0,0,0,0,0,0,0,0,0,0,0,0,0,0,0,0,0,0,0,0,0,0,0,0,0,0,0,0,0,0,0,0,0,0,0,0,0,0,0,0,0,0,0,0,0,0,0,0,0,0,0,0,0,0,0,0,0,0,0,0,0
0,0,0,0,0,0,0,0,0,0,0,0,0,0,0,0,0,0,0,0,0,0,0,0,0,0,0,0,0,0,0,0,0,0,0,0,0,0,0,0,0,0,0,0,0,0,0,0,0,0,0,0,0,0,0,0,0,0,0,0,0,0
0,0,0,0,0,0,0,0,0,0,0,0,0,0,0,0,0,0,0,0,0,0,0,0,0,0,0,0,0,0,0,0,0,0,0,0,0,0,0,0,0,0,0,0,0,0,0,0,0,0,0,0,0,0,0,0,0,0,0,0,0,0
0,0,0,0,0,0,0,0,0,0,0,0,0,0,0,0,0,0,0,0,0,0,0,0,0,0,0,0,0,0,0,0,0,0,0,0,0,0,0,0,0,0,0,0,0,0,0,0,0,0,0,0,0,0,0,0,0,0,0,0,0,0
0,0,0,0,0,0,0,0,0,0,0,0,0,0,0,0,0,0,0,0,0,0,0,0,0,0,0,0,0,0,0,0,0,0,0,0,0,0,0,0,0,0,0,0,0,0,0,0,0,0,0,0,0,0,0,0,0,0,0,0,0,0
0,0,0,0,0,0,0,0,0,0,0,0,0,0,0,0,0,0,0,0,0,0,0,0,0,0,0,0,0,0,0,0,0,0,0,0,0,0,0,0,0,0,0,0,0,0,0,0,0,0,0,0,0,0,0,0,0,0,0,0,0,0
0,0,0,0,0,0,0,0,0,0,0,0,0,0,0,0,0,0,0,0,0,0,0,0,0,0,0,0,0,0,0,0,0,0,0,0,0,0,0,0,0,0,0,0,0,0,0,0,0,0,0,0,0,0,0,0,0,0,0,0,0,0
0,0,0,0,0,0,0,0,0,0,0,0,0,0,0,0,0,0,0,0,0,0,0,0,0,0,0,0,0,0,0,0,0,0,0,0,0,0,0,0,0,0,0,0,0,0,0,0,0,0,0,0,0,0,0,0,0,0,0,0,0,0
0,0,0,0,0,0,0,0,0,0,0,0,0,0,0,0,0,0,0,0,0,0,0,0,0,0,0,0,0,0,0,0,0,0,0,0,0,0,0,0,0,0,0,0,0,0,0,0,0,0,0,0,0,0,0,0,0,0,0,0,0,0
0,0,0,0,0,0,0,0,0,0,0,0,0,0,0,0,0,0,0,0,0,0,0,0,0,0,0,0,0,0,0,0,0,0,0,0,0,0,0,0,0,0,0,0,0,0,0,0,0,0,0,0,0,0,0,0,0,0,0,0,0,0
0,0,0,0,0,0,0,0,0,0,0,0,0,0,0,0,0,0,0,0,0,0,0,0,0,0,0,0,0,0,0,0,0,0,0,0,0,0,0,0,0,0,0,0,0,0,0,0,0,0,0,0,0,0,0,0,0,0,0,0,0,0
0,0,0,0,0,0,0,0,0,0,0,0,0,0,0,0,0,0,0,0,0,0,0,0,0,0,0,0,0,0,0,0,0,0,0,0,0,0,0,0,0,0,0,0,0,0,0,0,0,0,0,0,0,0,0,0,0,0,0,0,0,0
0,0,0,0,0,0,0,0,0,0,0,0,0,0,0,0,0,0,0,0,0,0,0,0,0,0,0,0,0,0,0,0,0,0,0,0,0,0,0,0,0,0,0,0,0,0,0,0,0,0,0,0,0,0,0,0,0,0,0,0,0,0
0,0,0,0,0,0,0,0,0,0,0,0,0,0,0,0,0,0,0,0,0,0,0,0,0,0,0,0,0,0,0,0,0,0,0,0,0,0,0,0,0,0,0,0,0,0,0,0,0,0,0,0,0,0,0,0,0,0,0,0,0,0
0,0,0,0,0,0,0,0,0,0,0,0,0,0,0,0,0,0,0,0,0,0,0,0,0,0,0,0,0,0,0,0,0,0,0,0,0,0,0,0,0,0,0,0,0,0,0,0,0,0,0,0,0,0,0,0,0,0,0,0,0,0
0,0,0,0,0,0,0,0,0,0,0,0,0,0,0,0,0,0,0,0,0,0,0,0,0,0,0,0,0,0,0,0,0,0,0,0,0,0,0,0,0,0,0,0,0,0,0,0,0,0,0,0,0,0,0,0,0,0,0,0,0,0
0,0,0,0,0,0,0,0,0,0,0,0,0,0,0,0,0,0,0,0,0,0,0,0,0,0,0,0,0,0,0,0,0,0,0,0,0,0,0,0,0,0,0,0,0,0,0,0,0,0,0,0,0,0,0,0,0,0,0,0,0,0
0,0,0,0,0,0,0,0,0,0,0,0,0,0,0,0,0,0,0,0,0,0,0,0,0,0,0,0,0,0,0,0,0,0,0,0,0,0,0,0,0,0,0,0,0,0,0,0,0,0,0,0,0,0,0,0,0,0,0,0,0,0
0,0,0,0,0,0,0,0,0,0,0,0,0,0,0,0,0,0,0,0,0,0,0,0,0,0,0,0,0,0,0,0,0,0,0,0,0,0,0,0,0,0,0,0,0,0,0,0,0,0,0,0,0,0,0,0,0,0,0,0,0,0
0,0,0,0,0,0,0,0,0,0,0,0,0,0,0,0,0,0,0,0,0,0,0,0,0,0,0,0,0,0,0,0,0,0,0,0,0,0,0,0,0,0,0,0,0,0,0,0,0,0,0,0,0,0,0,0,0,0,0,0,0,0
0,0,0,0,0,0,0,0,0,0,0,0,0,0,0,0,0,0,0,0,0,0,0,0,0,0,0,0,0,0,0,0,0,0,0,0,0,0,0,0,0,0,0,0,0,0,0,0,0,0,0,0,0,0,0,0,0,0,0,0,0,0
0,0,0,0,0,0,0,0,0,0,0,0,0,0,0,0,0,0,0,0,0,0,0,0,0,0,0,0,0,0,0,0,0,0,0,0,0,0,0,0,0,0,0,0,0,0,0,0,0,0,0,0,0,0,0,0,0,0,0,0,0,0
0,0,0,0,0,0,0,0,0,0,0,0,0,0,0,0,0,0,0,0,0,0,0,0,0,0,0,0,0,0,0,0,0,0,0,0,0,0,0,0,0,0,0,0,0,0,0,0,0,0,0,0,0,0,0,0,0,0,0,0,0,0
0,0,0,0,0,0,0,0,0,0,0,0,0,0,0,0,0,0,0,0,0,0,0,0,0,0,0,0,0,0,0,0,0,0,0,0,0,0,0,0,0,0,0,0,0,0,0,0,0,0,0,0,0,0,0,0,0,0,0,0,0,0
0,0,0,0,0,0,0,0,0,0,0,0,0,0,0,0,0,0,0,0,0,0,0,0,0,0,0,0,0,0,0,0,0,0,0,0,0,0,0,0,0,0,0,0,0,0,0,0,0,0,0,0,0,0,0,0,0,0,0,0,0,0
0,0,0,0,0,0,0,0,0,0,0,0,0,0,0,0,0,0,0,0,0,0,0,0,0,0,0,0,0,0,0,0,0,0,0,0,0,0,0,0,0,0,0,0,0,0,0,0,0,0,0,0,0,0,0,0,0,0,0,0,0,0
0,0,0,0,0,0,0,0,0,0,0,0,0,0,0,0,0,0,0,0,0,0,0,0,0,0,0,0,0,0,0,0,0,0,0,0,0,0,0,0,0,0,0,0,0,0,0,0,0,0,0,0,0,0,0,0,0,0,0,0,0,0
0,0,0,0,0,0,0,0,0,0,0,0,0,0,0,0,0,0,0,0,0,0,0,0,0,0,0,0,0,0,0,0,0,0,0,0,0,0,0,0,0,0,0,0,0,0,0,0,0,0,0,0,0,0,0,0,0,0,0,0,0,0
0,0,0,0,0,0,0,0,0,0,0,0,0,0,0,0,0,0,0,0,0,0,0,0,0,0,0,0,0,0,0,0,0,0,0,0,0,0,0,0,0,0,0,0,0,0,0,0,0,0,0,0,0,0,0,0,0,0,0,0,0,0
0,0,0,0,0,0,0,0,0,0,0,0,0,0,0,0,0,0,0,0,0,0,0,0,0,0,0,0,0,0,0,0,0,0,0,0,0,0,0,0,0,0,0,0,0,0,0,0,0,0,0,0,0,0,0,0,0,0,0,0,0,0
0,0,0,0,0,0,0,0,0,0,0,0,0,0,0,0,0,0,0,0,0,0,0,0,0,0,0,0,0,0,0,0,0,0,0,0,0,0,0,0,0,0,0,0,0,0,0,0,0,0,0,0,0,0,0,0,0,0,0,0,0,0
0,0,0,0,0,0,0,0,0,0,0,0,0,0,0,0,0,0,0,0,0,0,0,0,0,0,0,0,0,0,0,0,0,0,0,0,0,0,0,0,0,0,0,0,0,0,0,0,0,0,0,0,0,0,0,0,0,0,0,0,0,0
0,0,0,0,0,0,0,0,0,0,0,0,0,0,0,0,0,0,0,0,0,0,0,0,0,0,0,0,0,0,0,0,0,0,0,0,0,0,0,0,0,0,0,0,0,0,0,0,0,0,0,0,0,0,0,0,0,0,0,0,0,0
0,0,0,0,0,0,0,0,0,0,0,0,0,0,0,0,0,0,0,0,0,0,0,0,0,0,0,0,0,0,0,0,0,0,0,0,0,0,0,0,0,0,0,0,0,0,0,0,0,0,0,0,0,0,0,0,0,0,0,0,0,0
0,0,0,0,0,0,0,0,0,0,0,0,0,0,0,0,0,0,0,0,0,0,0,0,0,0,0,0,0,0,0,0,0,0,0,0,0,0,0,0,0,0,0,0,0,0,0,0,0,0,0,0,0,0,0,0,0,0,0,0,0,0
0,0,0,0,0,0,0,0,0,0,0,0,0,0,0,0,0,0,0,0,0,0,0,0,0,0,0,0,0,0,0,0,0,0,0,0,0,0,0,0,0,0,0,0,0,0,0,0,0,0,0,0,0,0,0,0,0,0,0,0,0,0
0,0,0,0,0,0,0,0,0,0,0,0,0,0,0,0,0,0,0,0,0,0,0,0,0,0,0,0,0,0,0,0,0,0,0,0,0,0,0,0,0,0,0,0,0,0,0,0,0,0,0,0,0,0,0,0,0,0,0,0,0,0
0,0,0,0,0,0,0,0,0,0,0,0,0,0,0,0,0,0,0,0,0,0,0,0,0,0,0,0,0,0,0,0,0,0,0,0,0,0,0,0,0,0,0,0,0,0,0,0,0,0,0,0,0,0,0,0,0,0,0,0,0,0
0,0,0,0,0,0,0,0,0,0,0,0,0,0,0,0,0,0,0,0,0,0,0,0,0,0,0,0,0,0,0,0,0,0,0,0,0,0,0,0,0,0,0,0,0,0,0,0,0,0,0,0,0,0,0,0,0,0,0,0,0,0
0,0,0,0,0,0,0,0,0,0,0,0,0,0,0,0,0,0,0,0,0,0,0,0,0,0,0,0,0,0,0,0,0,0,0,0,0,0,0,0,0,0,0,0,0,0,0,0,0,0,0,0,0,0,0,0,0,0,0,0,0,0
0,0,0,0,0,0,0,0,0,0,0,0,0,0,0,0,0,0,0,0,0,0,0,0,0,0,0,0,0,0,0,0,0,0,0,0,0,0,0,0,0,0,0,0,0,0,0,0,0,0,0,0,0,0,0,0,0,0,0,0,0,0
0,0,0,0,0,0,0,0,0,0,0,0,0,0,0,0,0,0,0,0,0,0,0,0,0,0,0,0,0,0,0,0,0,0,0,0,0,0,0,0,0,0,0,0,0,0,0,0,0,0,0,0,0,0,0,0,0,0,0,0,0,0
0,0,0,0,0,0,0,0,0,0,0,0,0,0,0,0,0,0,0,0,0,0,0,0,0,0,0,0,0,0,0,0,0,0,0,0,0,0,0,0,0,0,0,0,0,0,0,0,0,0,0,0,0,0,0,0,0,0,0,0,0,0
0,0,0,0,0,0,0,0,0,0,0,0,0,0,0,0,0,0,0,0,0,0,0,0,0,0,0,0,0,0,0,0,0,0,0,0,0,0,0,0,0,0,0,0,0,0,0,0,0,0,0,0,0,0,0,0,0,0,0,0,0,0
0,0,0,0,0,0,0,0,0,0,0,0,0,0,0,0,0,0,0,0,0,0,0,0,0,0,0,0,0,0,0,0,0,0,0,0,0,0,0,0,0,0,0,0,0,0,0,0,0,0,0,0,0,0,0,0,0,0,0,0,0,0
0,0,0,0,0,0,0,0,0,0,0,0,0,0,0,0,0,0,0,0,0,0,0,0,0,0,0,0,0,0,0,0,0,0,0,0,0,0,0,0,0,0,0,0,0,0,0,0,0,0,0,0,0,0,0,0,0,0,0,0,0,0
0,0,0,0,0,0,0,0,0,0,0,0,0,0,0,0,0,0,0,0,0,0,0,0,0,0,0,0,0,0,0,0,0,0,0,0,0,0,0,0,0,0,0,0,0,0,0,0,0,0,0,0,0,0,0,0,0,0,0,0,0,0
0,0,0,0,0,0,0,0,0,0,0,0,0,0,0,0,0,0,0,0,0,0,0,0,0,0,0,0,0,0,0,0,0,0,0,0,0,0,0,0,0,0,0,0,0,0,0,0,0,0,0,0,0,0,0,0,0,0,0,0,0,0
0,0,0,0,0,0,0,0,0,0,0,0,0,0,0,0,0,0,0,0,0,0,0,0,0,0,0,0,0,0,0,0,0,0,0,0,0,0,0,0,0,0,0,0,0,0,0,0,0,0,0,0,0,0,0,0,0,0,0,0,0,0
0,0,0,0,0,0,0,0,0,0,0,0,0,0,0,0,0,0,0,0,0,0,0,0,0,0,0,0,0,0,0,0,0,0,0,0,0,0,0,0,0,0,0,0,0,0,0,0,0,0,0,0,0,0,0,0,0,0,0,0,0,0
0,0,0,0,0,0,0,0,0,0,0,0,0,0,0,0,0,0,0,0,0,0,0,0,0,0,0,0,0,0,0,0,0,0,0,0,0,0,0,0,0,0,0,0,0,0,0,0,0,0,0,0,0,0,0,0,0,0,0,0,0,0
0,0,0,0,0,0,0,0,0,0,0,0,0,0,0,0,0,0,0,0,0,0,0,0,0,0,0,0,0,0,0,0,0,0,0,0,0,0,0,0,0,0,0,0,0,0,0,0,0,0,0,0,0,0,0,0,0,0,0,0,0,0
0,0,0,0,0,0,0,0,0,0,0,0,0,0,0,0,0,0,0,0,0,0,0,0,0,0,0,0,0,0,0,0,0,0,0,0,0,0,0,0,0,0,0,0,0,0,0,0,0,0,0,0,0,0,0,0,0,0,0,0,0,0
0,0,0,0,0,0,0,0,0,0,0,0,0,0,0,0,0,0,0,0,0,0,0,0,0,0,0,0,0,0,0,0,0,0,0,0,0,0,0,0,0,0,0,0,0,0,0,0,0,0,0,0,0,0,0,0,0,0,0,0,0,0
0,0,0,0,0,0,0,0,0,0,0,0,0,0,0,0,0,0,0,0,0,0,0,0,0,0,0,0,0,0,0,0,0,0,0,0,0,0,0,0,0,0,0,0,0,0,0,0,0,0,0,0,0,0,0,0,0,0,0,0,0,0
0,0,0,0,0,0,0,0,0,0,0,0,0,0,0,0,0,0,0,0,0,0,0,0,0,0,0,0,0,0,0,0,0,0,0,0,0,0,0,0,0,0,0,0,0,0,0,0,0,0,0,0,0,0,0,0,0,0,0,0,0,0
0,0,0,0,0,0,0,0,0,0,0,0,0,0,0,0,0,0,0,0,0,0,0,0,0,0,0,0,0,0,0,0,0,0,0,0,0,0,0,0,0,0,0,0,0,0,0,0,0,0,0,0,0,0,0,0,0,0,0,0,0,0
0,0,0,0,0,0,0,0,0,0,0,0,0,0,0,0,0,0,0,0,0,0,0,0,0,0,0,0,0,0,0,0,0,0,0,0,0,0,0,0,0,0,0,0,0,0,0,0,0,0,0,0,0,0,0,0,0,0,0,0,0,0
0,0,0,0,0,0,0,0,0,0,0,0,0,0,0,0,0,0,0,0,0,0,0,0,0,0,0,0,0,0,0,0,0,0,0,0,0,0,0,0,0,0,0,0,0,0,0,0,0,0,0,0,0,0,0,0,0,0,0,0,0,0
0,0,0,0,0,0,0,0,0,0,0,0,0,0,0,0,0,0,0,0,0,0,0,0,0,0,0,0,0,0,0,0,0,0,0,0,0,0,0,0,0,0,0,0,0,0,0,0,0,0,0,0,0,0,0,0,0,0,0,0,0,0
0,0,0,0,0,0,0,0,0,0,0,0,0,0,0,0,0,0,0,0,0,0,0,0,0,0,0,0,0,0,0,0,0,0,0,0,0,0,0,0,0,0,0,0,0,0,0,0,0,0,0,0,0,0,0,0,0,0,0,0,0,0
0,0,0,0,0,0,0,0,0,0,0,0,0,0,0,0,0,0,0,0,0,0,0,0,0,0,0,0,0,0,0,0,0,0,0,0,0,0,0,0,0,0,0,0,0,0,0,0,0,0,0,0,0,0,0,0,0,0,0,0,0,0
0,0,0,0,0,0,0,0,0,0,0,0,0,0,0,0,0,0,0,0,0,0,0,0,0,0,0,0,0,0,0,0,0,0,0,0,0,0,0,0,0,0,0,0,0,0,0,0,0,0,0,0,0,0,0,0,0,0,0,0,0,0
0,0,0,0,0,0,0,0,0,0,0,0,0,0,0,0,0,0,0,0,0,0,0,0,0,0,0,0,0,0,0,0,0,0,0,0,0,0,0,0,0,0,0,0,0,0,0,0,0,0,0,0,0,0,0,0,0,0,0,0,0,0
0,0,0,0,0,0,0,0,0,0,0,0,0,0,0,0,0,0,0,0,0,0,0,0,0,0,0,0,0,0,0,0,0,0,0,0,0,0,0,0,0,0,0,0,0,0,0,0,0,0,0,0,0,0,0,0,0,0,0,0,0,0
0,0,0,0,0,0,0,0,0,0,0,0,0,0,0,0,0,0,0,0,0,0,0,0,0,0,0,0,0,0,0,0,0,0,0,0,0,0,0,0,0,0,0,0,0,0,0,0,0,0,0,0,0,0,0,0,0,0,0,0,0,0
0,0,0,0,0,0,0,0,0,0,0,0,0,0,0,0,0,0,0,0,0,0,0,0,0,0,0,0,0,0,0,0,0,0,0,0,0,0,0,0,0,0,0,0,0,0,0,0,0,0,0,0,0,0,0,0,0,0,0,0,0,0
0,0,0,0,0,0,0,0,0,0,0,0,0,0,0,0,0,0,0,0,0,0,0,0,0,0,0,0,0,0,0,0,0,0,0,0,0,0,0,0,0,0,0,0,0,0,0,0,0,0,0,0,0,0,0,0,0,0,0,0,0,0
0,0,0,0,0,0,0,0,0,0,0,0,0,0,0,0,0,0,0,0,0,0,0,0,0,0,0,0,0,0,0,0,0,0,0,0,0,0,0,0,0,0,0,0,0,0,0,0,0,0,0,0,0,0,0,0,0,0,0,0,0,0
0,0,0,0,0,0,0,0,0,0,0,0,0,0,0,0,0,0,0,0,0,0,0,0,0,0,0,0,0,0,0,0,0,0,0,0,0,0,0,0,0,0,0,0,0,0,0,0,0,0,0,0,0,0,0,0,0,0,0,0,0,0
0,0,0,0,0,0,0,0,0,0,0,0,0,0,0,0,0,0,0,0,0,0,0,0,0,0,0,0,0,0,0,0,0,0,0,0,0,0,0,0,0,0,0,0,0,0,0,0,0,0,0,0,0,0,0,0,0,0,0,0,0,0
0,0,0,0,0,0,0,0,0,0,0,0,0,0,0,0,0,0,0,0,0,0,0,0,0,0,0,0,0,0,0,0,0,0,0,0,0,0,0,0,0,0,0,0,0,0,0,0,0,0,0,0,0,0,0,0,0,0,0,0,0,0
0,0,0,0,0,0,0,0,0,0,0,0,0,0,0,0,0,0,0,0,0,0,0,0,0,0,0,0,0,0,0,0,0,0,0,0,0,0,0,0,0,0,0,0,0,0,0,0,0,0,0,0,0,0,0,0,0,0,0,0,0,0
0,0,0,0,0,0,0,0,0,0,0,0,0,0,0,0,0,0,0,0,0,0,0,0,0,0,0,0,0,0,0,0,0,0,0,0,0,0,0,0,0,0,0,0,0,0,0,0,0,0,0,0,0,0,0,0,0,0,0,0,0,0
0,0,0,0,0,0,0,0,0,0,0,0,0,0,0,0,0,0,0,0,0,0,0,0,0,0,0,0,0,0,0,0,0,0,0,0,0,0,0,0,0,0,0,0,0,0,0,0,0,0,0,0,0,0,0,0,0,0,0,0,0,0
0,0,0,0,0,0,0,0,0,0,0,0,0,0,0,0,0,0,0,0,0,0,0,0,0,0,0,0,0,0,0,0,0,0,0,0,0,0,0,0,0,0,0,0,0,0,0,0,0,0,0,0,0,0,0,0,0,0,0,0,0,0
0,0,0,0,0,0,0,0,0,0,0,0,0,0,0,0,0,0,0,0,0,0,0,0,0,0,0,0,0,0,0,0,0,0,0,0,0,0,0,0,0,0,0,0,0,0,0,0,0,0,0,0,0,0,0,0,0,0,0,0,0,0
0,0,0,0,0,0,0,0,0,0,0,0,0,0,0,0,0,0,0,0,0,0,0,0,0,0,0,0,0,0,0,0,0,0,0,0,0,0,0,0,0,0,0,0,0,0,0,0,0,0,0,0,0,0,0,0,0,0,0,0,0,0
0,0,0,0,0,0,0,0,0,0,0,0,0,0,0,0,0,0,0,0,0,0,0,0,0,0,0,0,0,0,0,0,0,0,0,0,0,0,0,0,0,0,0,0,0,0,0,0,0,0,0,0,0,0,0,0,0,0,0,0,0,0
0,0,0,0,0,0,0,0,0,0,0,0,0,0,0,0,0,0,0,0,0,0,0,0,0,0,0,0,0,0,0,0,0,0,0,0,0,0,0,0,0,0,0,0,0,0,0,0,0,0,0,0,0,0,0,0,0,0,0,0,0,0
0,0,0,0,0,0,0,0,0,0,0,0,0,0,0,0,0,0,0,0,0,0,0,0,0,0,0,0,0,0,0,0,0,0,0,0,0,0,0,0,0,0,0,0,0,0,0,0,0,0,0,0,0,0,0,0,0,0,0,0,0,0
0,0,0,0,0,0,0,0,0,0,0,0,0,0,0,0,0,0,0,0,0,0,0,0,0,0,0,0,0,0,0,0,0,0,0,0,0,0,0,0,0,0,0,0,0,0,0,0,0,0,0,0,0,0,0,0,0,0,0,0,0,0
0,0,0,0,0,0,0,0,0,0,0,0,0,0,0,0,0,0,0,0,0,0,0,0,0,0,0,0,0,0,0,0,0,0,0,0,0,0,0,0,0,0,0,0,0,0,0,0,0,0,0,0,0,0,0,0,0,0,0,0,0,0
0,0,0,0,0,0,0,0,0,0,0,0,0,0,0,0,0,0,0,0,0,0,0,0,0,0,0,0,0,0,0,0,0,0,0,0,0,0,0,0,0,0,0,0,0,0,0,0,0,0,0,0,0,0,0,0,0,0,0,0,0,0
0,0,0,0,0,0,0,0,0,0,0,0,0,0,0,0,0,0,0,0,0,0,0,0,0,0,0,0,0,0,0,0,0,0,0,0,0,0,0,0,0,0,0,0,0,0,0,0,0,0,0,0,0,0,0,0,0,0,0,0,0,0
0,0,0,0,0,0,0,0,0,0,0,0,0,0,0,0,0,0,0,0,0,0,0,0,0,0,0,0,0,0,0,0,0,0,0,0,0,0,0,0,0,0,0,0,0,0,0,0,0,0,0,0,0,0,0,0,0,0,0,0,0,0
